===> User
uid=1000(appuser) gid=1000(appuser) groups=1000(appuser)
===> Setting default values of environment variables if not already set.
===> Configuring ...
Running in KRaft mode...
===> Launching ... 
===> Using provided cluster id 4L6g3nShT-eMCtK--X86sw ...
[0.001s][warning][cds] The shared archive file has a bad magic number: 0
[2026-07-14 06:13:42,709] INFO Registered kafka:type=kafka.Log4jController MBean (kafka.utils.Log4jControllerRegistration$)
[2026-07-14 06:13:42,947] INFO Registered signal handlers for TERM, INT, HUP (org.apache.kafka.common.utils.LoggingSignalHandler)
[2026-07-14 06:13:42,948] INFO [ControllerServer id=3] Starting controller (kafka.server.ControllerServer)
[2026-07-14 06:13:43,263] INFO Updated connection-accept-rate max connection creation rate to 2147483647 (kafka.network.ConnectionQuotas)
[2026-07-14 06:13:43,315] INFO [SocketServer listenerType=CONTROLLER, nodeId=3] Created data-plane acceptor and processors for endpoint : ListenerName(CONTROLLER) (kafka.network.SocketServer)
[2026-07-14 06:13:43,331] INFO CONTROLLER: resolved wildcard host to 9921da5b02e7 (org.apache.kafka.metadata.ListenerInfo)
[2026-07-14 06:13:43,339] INFO authorizerStart completed for endpoint CONTROLLER. Endpoint is now READY. (org.apache.kafka.server.network.EndpointReadyFutures)
[2026-07-14 06:13:43,339] INFO [SharedServer id=3] Starting SharedServer (kafka.server.SharedServer)
[2026-07-14 06:13:43,375] INFO [LogLoader partition=__cluster_metadata-0, dir=/tmp/kafka-logs] Loading producer state till offset 0 (org.apache.kafka.storage.internals.log.UnifiedLog)
[2026-07-14 06:13:43,375] INFO [LogLoader partition=__cluster_metadata-0, dir=/tmp/kafka-logs] Reloading from producer snapshot and rebuilding producer state from offset 0 (org.apache.kafka.storage.internals.log.UnifiedLog)
[2026-07-14 06:13:43,378] INFO [LogLoader partition=__cluster_metadata-0, dir=/tmp/kafka-logs] Producer state recovery took 0ms for snapshot load and 0ms for segment recovery from offset 0 (org.apache.kafka.storage.internals.log.UnifiedLog)
[2026-07-14 06:13:43,402] INFO Initialized snapshots with IDs SortedSet() from /tmp/kafka-logs/__cluster_metadata-0 (kafka.raft.KafkaMetadataLog$)
[2026-07-14 06:13:43,411] INFO [raft-expiration-reaper]: Starting (kafka.raft.TimingWheelExpirationService$ExpiredOperationReaper)
[2026-07-14 06:13:43,417] INFO [RaftManager id=3] Reading KRaft snapshot and log as part of the initialization (org.apache.kafka.raft.KafkaRaftClient)
[2026-07-14 06:13:43,418] INFO [RaftManager id=3] Starting voters are VoterSet(voters={1=VoterNode(voterKey=ReplicaKey(id=1, directoryId=<undefined>), listeners=Endpoints(endpoints={ListenerName(CONTROLLER)=base002-kafka-57160-1/172.20.0.2:19093}), supportedKRaftVersion=SupportedVersionRange[min_version:0, max_version:0]), 2=VoterNode(voterKey=ReplicaKey(id=2, directoryId=<undefined>), listeners=Endpoints(endpoints={ListenerName(CONTROLLER)=base002-kafka-57160-2/172.20.0.3:19093}), supportedKRaftVersion=SupportedVersionRange[min_version:0, max_version:0]), 3=VoterNode(voterKey=ReplicaKey(id=3, directoryId=<undefined>), listeners=Endpoints(endpoints={ListenerName(CONTROLLER)=base002-kafka-57160-3/172.20.0.4:19093}), supportedKRaftVersion=SupportedVersionRange[min_version:0, max_version:0])}) (org.apache.kafka.raft.KafkaRaftClient)
[2026-07-14 06:13:43,422] INFO [RaftManager id=3] Starting request manager with static voters: [base002-kafka-57160-1:19093 (id: 1 rack: null isFenced: false), base002-kafka-57160-2:19093 (id: 2 rack: null isFenced: false), base002-kafka-57160-3:19093 (id: 3 rack: null isFenced: false)] (org.apache.kafka.raft.KafkaRaftClient)
[2026-07-14 06:13:43,424] INFO [RaftManager id=3] Attempting durable transition to UnattachedState(epoch=0, leaderId=OptionalInt.empty, votedKey=Optional.empty, voters=[1, 2, 3], electionTimeoutMs=1770, highWatermark=Optional.empty) from null (org.apache.kafka.raft.QuorumState)
[2026-07-14 06:13:43,436] INFO [RaftManager id=3] Completed transition to UnattachedState(epoch=0, leaderId=OptionalInt.empty, votedKey=Optional.empty, voters=[1, 2, 3], electionTimeoutMs=1770, highWatermark=Optional.empty) from null (org.apache.kafka.raft.QuorumState)
[2026-07-14 06:13:43,438] INFO [kafka-3-raft-outbound-request-thread]: Starting (org.apache.kafka.raft.KafkaNetworkChannel$SendThread)
[2026-07-14 06:13:43,438] INFO [kafka-3-raft-io-thread]: Starting (org.apache.kafka.raft.KafkaRaftClientDriver)
[2026-07-14 06:13:43,450] INFO [MetadataLoader id=3] initializeNewPublishers: the loader is still catching up because we still don't know the high water mark yet. (org.apache.kafka.image.loader.MetadataLoader)
[2026-07-14 06:13:43,451] INFO [ControllerServer id=3] Waiting for controller quorum voters future (kafka.server.ControllerServer)
[2026-07-14 06:13:43,451] INFO [ControllerServer id=3] Finished waiting for controller quorum voters future (kafka.server.ControllerServer)
[2026-07-14 06:13:43,452] INFO [RaftManager id=3] Registered the listener org.apache.kafka.image.loader.MetadataLoader@1984504612 (org.apache.kafka.raft.KafkaRaftClient)
[2026-07-14 06:13:43,460] INFO [RaftManager id=3] Node 1 disconnected. (org.apache.kafka.clients.NetworkClient)
[2026-07-14 06:13:43,460] WARN [RaftManager id=3] Connection to node 1 (base002-kafka-57160-1/172.20.0.2:19093) could not be established. Node may not be available. (org.apache.kafka.clients.NetworkClient)
[2026-07-14 06:13:43,466] INFO [RaftManager id=3] Node 3 disconnected. (org.apache.kafka.clients.NetworkClient)
[2026-07-14 06:13:43,466] WARN [RaftManager id=3] Connection to node 3 (base002-kafka-57160-3/172.20.0.4:19093) could not be established. Node may not be available. (org.apache.kafka.clients.NetworkClient)
[2026-07-14 06:13:43,497] INFO [RaftManager id=3] Registered the listener org.apache.kafka.controller.QuorumController$QuorumMetaLogListener@1838378501 (org.apache.kafka.raft.KafkaRaftClient)
[2026-07-14 06:13:43,503] INFO [controller-3-ThrottledChannelReaper-Fetch]: Starting (kafka.server.ClientQuotaManager$ThrottledChannelReaper)
[2026-07-14 06:13:43,504] INFO [controller-3-ThrottledChannelReaper-Produce]: Starting (kafka.server.ClientQuotaManager$ThrottledChannelReaper)
[2026-07-14 06:13:43,507] INFO [controller-3-ThrottledChannelReaper-Request]: Starting (kafka.server.ClientQuotaManager$ThrottledChannelReaper)
[2026-07-14 06:13:43,510] INFO [controller-3-ThrottledChannelReaper-ControllerMutation]: Starting (kafka.server.ClientQuotaManager$ThrottledChannelReaper)
[2026-07-14 06:13:43,522] INFO [ExpirationReaper-0-null]: Starting (org.apache.kafka.server.purgatory.DelayedOperationPurgatory$ExpiredOperationReaper)
[2026-07-14 06:13:43,538] INFO [ControllerServer id=3] Waiting for the controller metadata publishers to be installed (kafka.server.ControllerServer)
[2026-07-14 06:13:43,538] INFO [ControllerServer id=3] Finished waiting for the controller metadata publishers to be installed (kafka.server.ControllerServer)
[2026-07-14 06:13:43,538] INFO [MetadataLoader id=3] initializeNewPublishers: the loader is still catching up because we still don't know the high water mark yet. (org.apache.kafka.image.loader.MetadataLoader)
[2026-07-14 06:13:43,539] INFO [SocketServer listenerType=CONTROLLER, nodeId=3] Enabling request processing. (kafka.network.SocketServer)
[2026-07-14 06:13:43,540] INFO Awaiting socket connections on 0.0.0.0:19093. (kafka.network.DataPlaneAcceptor)
[2026-07-14 06:13:43,546] INFO [controller-3-to-controller-registration-channel-manager]: Starting (kafka.server.NodeToControllerRequestThread)
[2026-07-14 06:13:43,548] INFO [ControllerRegistrationManager id=3 incarnation=_SPMXNWwRJytHPMUU3IS9Q] initialized channel manager. (kafka.server.ControllerRegistrationManager)
[2026-07-14 06:13:43,548] INFO [ControllerServer id=3] Waiting for all of the authorizer futures to be completed (kafka.server.ControllerServer)
[2026-07-14 06:13:43,548] INFO [ControllerServer id=3] Finished waiting for all of the authorizer futures to be completed (kafka.server.ControllerServer)
[2026-07-14 06:13:43,548] INFO [ControllerServer id=3] Waiting for all of the SocketServer Acceptors to be started (kafka.server.ControllerServer)
[2026-07-14 06:13:43,548] INFO [ControllerRegistrationManager id=3 incarnation=_SPMXNWwRJytHPMUU3IS9Q] maybeSendControllerRegistration: cannot register yet because the metadata.version is not known yet. (kafka.server.ControllerRegistrationManager)
[2026-07-14 06:13:43,549] INFO [ControllerServer id=3] Finished waiting for all of the SocketServer Acceptors to be started (kafka.server.ControllerServer)
[2026-07-14 06:13:43,549] INFO [BrokerServer id=3] Transition from SHUTDOWN to STARTING (kafka.server.BrokerServer)
[2026-07-14 06:13:43,549] INFO [BrokerServer id=3] Starting broker (kafka.server.BrokerServer)
[2026-07-14 06:13:43,553] INFO [broker-3-ThrottledChannelReaper-Fetch]: Starting (kafka.server.ClientQuotaManager$ThrottledChannelReaper)
[2026-07-14 06:13:43,553] INFO [broker-3-ThrottledChannelReaper-ControllerMutation]: Starting (kafka.server.ClientQuotaManager$ThrottledChannelReaper)
[2026-07-14 06:13:43,553] INFO [broker-3-ThrottledChannelReaper-Request]: Starting (kafka.server.ClientQuotaManager$ThrottledChannelReaper)
[2026-07-14 06:13:43,553] INFO [broker-3-ThrottledChannelReaper-Produce]: Starting (kafka.server.ClientQuotaManager$ThrottledChannelReaper)
[2026-07-14 06:13:43,577] INFO [BrokerServer id=3] Waiting for controller quorum voters future (kafka.server.BrokerServer)
[2026-07-14 06:13:43,577] INFO [BrokerServer id=3] Finished waiting for controller quorum voters future (kafka.server.BrokerServer)
[2026-07-14 06:13:43,584] INFO [broker-3-to-controller-forwarding-channel-manager]: Starting (kafka.server.NodeToControllerRequestThread)
[2026-07-14 06:13:43,594] INFO [client-metrics-reaper]: Starting (org.apache.kafka.server.util.timer.SystemTimerReaper$Reaper)
[2026-07-14 06:13:43,628] INFO Updated connection-accept-rate max connection creation rate to 2147483647 (kafka.network.ConnectionQuotas)
[2026-07-14 06:13:43,636] INFO [SocketServer listenerType=BROKER, nodeId=3] Created data-plane acceptor and processors for endpoint : ListenerName(PLAINTEXT) (kafka.network.SocketServer)
[2026-07-14 06:13:43,640] INFO [broker-3-to-controller-alter-partition-channel-manager]: Starting (kafka.server.NodeToControllerRequestThread)
[2026-07-14 06:13:43,640] INFO [MetadataLoader id=3] initializeNewPublishers: the loader is still catching up because we still don't know the high water mark yet. (org.apache.kafka.image.loader.MetadataLoader)
[2026-07-14 06:13:43,650] INFO [broker-3-to-controller-directory-assignments-channel-manager]: Starting (kafka.server.NodeToControllerRequestThread)
[2026-07-14 06:13:43,665] INFO [ExpirationReaper-0-null]: Starting (org.apache.kafka.server.purgatory.DelayedOperationPurgatory$ExpiredOperationReaper)
[2026-07-14 06:13:43,667] INFO [ExpirationReaper-0-null]: Starting (org.apache.kafka.server.purgatory.DelayedOperationPurgatory$ExpiredOperationReaper)
[2026-07-14 06:13:43,669] INFO [ExpirationReaper-0-null]: Starting (org.apache.kafka.server.purgatory.DelayedOperationPurgatory$ExpiredOperationReaper)
[2026-07-14 06:13:43,671] INFO [ExpirationReaper-0-null]: Starting (org.apache.kafka.server.purgatory.DelayedOperationPurgatory$ExpiredOperationReaper)
[2026-07-14 06:13:43,671] INFO [ExpirationReaper-0-null]: Starting (org.apache.kafka.server.purgatory.DelayedOperationPurgatory$ExpiredOperationReaper)
[2026-07-14 06:13:43,676] INFO [ExpirationReaper-0-null]: Starting (org.apache.kafka.server.purgatory.DelayedOperationPurgatory$ExpiredOperationReaper)
[2026-07-14 06:13:43,684] INFO [BrokerServer id=3] Using no op persister (kafka.server.BrokerServer)
[2026-07-14 06:13:43,687] INFO [group-coordinator-reaper]: Starting (org.apache.kafka.server.util.timer.SystemTimerReaper$Reaper)
[2026-07-14 06:13:43,707] INFO [group-coordinator-event-processor-0]: Starting (org.apache.kafka.coordinator.common.runtime.MultiThreadedEventProcessor$EventProcessorThread)
[2026-07-14 06:13:43,707] INFO [group-coordinator-event-processor-1]: Starting (org.apache.kafka.coordinator.common.runtime.MultiThreadedEventProcessor$EventProcessorThread)
[2026-07-14 06:13:43,707] INFO [group-coordinator-event-processor-2]: Starting (org.apache.kafka.coordinator.common.runtime.MultiThreadedEventProcessor$EventProcessorThread)
[2026-07-14 06:13:43,707] INFO [group-coordinator-event-processor-3]: Starting (org.apache.kafka.coordinator.common.runtime.MultiThreadedEventProcessor$EventProcessorThread)
[2026-07-14 06:13:43,721] INFO Unable to read the broker epoch in /tmp/kafka-logs. (kafka.log.LogManager)
[2026-07-14 06:13:43,722] INFO [broker-3-to-controller-heartbeat-channel-manager]: Starting (kafka.server.NodeToControllerRequestThread)
[2026-07-14 06:13:43,725] INFO [BrokerLifecycleManager id=3] Incarnation Mh996be1RuWgIY2MVW35TQ of broker 3 in cluster 4L6g3nShT-eMCtK--X86sw is now STARTING. (kafka.server.BrokerLifecycleManager)
[2026-07-14 06:13:43,732] INFO [share-group-lock-timeout-reaper]: Starting (org.apache.kafka.server.util.timer.SystemTimerReaper$Reaper)
[2026-07-14 06:13:43,740] INFO [ExpirationReaper-0-null]: Starting (org.apache.kafka.server.purgatory.DelayedOperationPurgatory$ExpiredOperationReaper)
[2026-07-14 06:13:43,744] INFO [MetadataLoader id=3] initializeNewPublishers: the loader is still catching up because we still don't know the high water mark yet. (org.apache.kafka.image.loader.MetadataLoader)
[2026-07-14 06:13:43,763] INFO [BrokerServer id=3] Waiting for the broker metadata publishers to be installed (kafka.server.BrokerServer)
[2026-07-14 06:13:43,763] INFO [MetadataLoader id=3] initializeNewPublishers: the loader is still catching up because we still don't know the high water mark yet. (org.apache.kafka.image.loader.MetadataLoader)
[2026-07-14 06:13:43,763] INFO [BrokerServer id=3] Finished waiting for the broker metadata publishers to be installed (kafka.server.BrokerServer)
[2026-07-14 06:13:43,764] INFO [BrokerServer id=3] Waiting for the controller to acknowledge that we are caught up (kafka.server.BrokerServer)
[2026-07-14 06:13:43,863] INFO [MetadataLoader id=3] initializeNewPublishers: the loader is still catching up because we still don't know the high water mark yet. (org.apache.kafka.image.loader.MetadataLoader)
[2026-07-14 06:13:43,964] INFO [MetadataLoader id=3] initializeNewPublishers: the loader is still catching up because we still don't know the high water mark yet. (org.apache.kafka.image.loader.MetadataLoader)
[2026-07-14 06:13:44,065] INFO [MetadataLoader id=3] initializeNewPublishers: the loader is still catching up because we still don't know the high water mark yet. (org.apache.kafka.image.loader.MetadataLoader)
[2026-07-14 06:13:44,166] INFO [MetadataLoader id=3] initializeNewPublishers: the loader is still catching up because we still don't know the high water mark yet. (org.apache.kafka.image.loader.MetadataLoader)
[2026-07-14 06:13:44,266] INFO [MetadataLoader id=3] initializeNewPublishers: the loader is still catching up because we still don't know the high water mark yet. (org.apache.kafka.image.loader.MetadataLoader)
[2026-07-14 06:13:44,368] INFO [MetadataLoader id=3] initializeNewPublishers: the loader is still catching up because we still don't know the high water mark yet. (org.apache.kafka.image.loader.MetadataLoader)
[2026-07-14 06:13:44,469] INFO [MetadataLoader id=3] initializeNewPublishers: the loader is still catching up because we still don't know the high water mark yet. (org.apache.kafka.image.loader.MetadataLoader)
[2026-07-14 06:13:44,570] INFO [MetadataLoader id=3] initializeNewPublishers: the loader is still catching up because we still don't know the high water mark yet. (org.apache.kafka.image.loader.MetadataLoader)
[2026-07-14 06:13:44,670] INFO [MetadataLoader id=3] initializeNewPublishers: the loader is still catching up because we still don't know the high water mark yet. (org.apache.kafka.image.loader.MetadataLoader)
[2026-07-14 06:13:44,730] INFO [RaftManager id=3] Vote request VoteRequestData(clusterId='4L6g3nShT-eMCtK--X86sw', voterId=3, topics=[TopicData(topicName='__cluster_metadata', partitions=[PartitionData(partitionIndex=0, replicaEpoch=0, replicaId=2, replicaDirectoryId=fhF_NYzvZcQPrhR9WkJoxg, voterDirectoryId=AAAAAAAAAAAAAAAAAAAAAA, lastOffsetEpoch=0, lastOffset=0, preVote=true)])]) with epoch 0 is granted (org.apache.kafka.raft.KafkaRaftClient)
[2026-07-14 06:13:44,740] INFO [RaftManager id=3] Attempting durable transition to UnattachedState(epoch=1, leaderId=OptionalInt.empty, votedKey=Optional.empty, voters=[1, 2, 3], electionTimeoutMs=454, highWatermark=Optional.empty) from UnattachedState(epoch=0, leaderId=OptionalInt.empty, votedKey=Optional.empty, voters=[1, 2, 3], electionTimeoutMs=1770, highWatermark=Optional.empty) (org.apache.kafka.raft.QuorumState)
[2026-07-14 06:13:44,744] INFO [RaftManager id=3] Completed transition to UnattachedState(epoch=1, leaderId=OptionalInt.empty, votedKey=Optional.empty, voters=[1, 2, 3], electionTimeoutMs=454, highWatermark=Optional.empty) from UnattachedState(epoch=0, leaderId=OptionalInt.empty, votedKey=Optional.empty, voters=[1, 2, 3], electionTimeoutMs=1770, highWatermark=Optional.empty) (org.apache.kafka.raft.QuorumState)
[2026-07-14 06:13:44,745] INFO [RaftManager id=3] Attempting durable transition to UnattachedState(epoch=1, leaderId=OptionalInt.empty, votedKey=Optional[ReplicaKey(id=2, directoryId=fhF_NYzvZcQPrhR9WkJoxg)], voters=[1, 2, 3], electionTimeoutMs=1453, highWatermark=Optional.empty) from UnattachedState(epoch=1, leaderId=OptionalInt.empty, votedKey=Optional.empty, voters=[1, 2, 3], electionTimeoutMs=454, highWatermark=Optional.empty) (org.apache.kafka.raft.QuorumState)
[2026-07-14 06:13:44,747] INFO [RaftManager id=3] Completed transition to UnattachedState(epoch=1, leaderId=OptionalInt.empty, votedKey=Optional[ReplicaKey(id=2, directoryId=fhF_NYzvZcQPrhR9WkJoxg)], voters=[1, 2, 3], electionTimeoutMs=1453, highWatermark=Optional.empty) from UnattachedState(epoch=1, leaderId=OptionalInt.empty, votedKey=Optional.empty, voters=[1, 2, 3], electionTimeoutMs=454, highWatermark=Optional.empty) (org.apache.kafka.raft.QuorumState)
[2026-07-14 06:13:44,748] INFO [RaftManager id=3] Vote request VoteRequestData(clusterId='4L6g3nShT-eMCtK--X86sw', voterId=3, topics=[TopicData(topicName='__cluster_metadata', partitions=[PartitionData(partitionIndex=0, replicaEpoch=1, replicaId=2, replicaDirectoryId=fhF_NYzvZcQPrhR9WkJoxg, voterDirectoryId=AAAAAAAAAAAAAAAAAAAAAA, lastOffsetEpoch=0, lastOffset=0, preVote=false)])]) with epoch 1 is granted (org.apache.kafka.raft.KafkaRaftClient)
[2026-07-14 06:13:44,772] INFO [MetadataLoader id=3] initializeNewPublishers: the loader is still catching up because we still don't know the high water mark yet. (org.apache.kafka.image.loader.MetadataLoader)
[2026-07-14 06:13:44,783] INFO [RaftManager id=3] Attempting durable transition to FollowerState(fetchTimeoutMs=2000, epoch=1, leader=2, leaderEndpoints=Endpoints(endpoints={ListenerName(CONTROLLER)=967403057d58/<unresolved>:19093}), votedKey=Optional[ReplicaKey(id=2, directoryId=fhF_NYzvZcQPrhR9WkJoxg)], voters=[1, 2, 3], highWatermark=Optional.empty, fetchingSnapshot=Optional.empty) from UnattachedState(epoch=1, leaderId=OptionalInt.empty, votedKey=Optional[ReplicaKey(id=2, directoryId=fhF_NYzvZcQPrhR9WkJoxg)], voters=[1, 2, 3], electionTimeoutMs=1453, highWatermark=Optional.empty) (org.apache.kafka.raft.QuorumState)
[2026-07-14 06:13:44,786] INFO [RaftManager id=3] Completed transition to FollowerState(fetchTimeoutMs=2000, epoch=1, leader=2, leaderEndpoints=Endpoints(endpoints={ListenerName(CONTROLLER)=967403057d58/<unresolved>:19093}), votedKey=Optional[ReplicaKey(id=2, directoryId=fhF_NYzvZcQPrhR9WkJoxg)], voters=[1, 2, 3], highWatermark=Optional.empty, fetchingSnapshot=Optional.empty) from UnattachedState(epoch=1, leaderId=OptionalInt.empty, votedKey=Optional[ReplicaKey(id=2, directoryId=fhF_NYzvZcQPrhR9WkJoxg)], voters=[1, 2, 3], electionTimeoutMs=1453, highWatermark=Optional.empty) (org.apache.kafka.raft.QuorumState)
[2026-07-14 06:13:44,787] INFO [broker-3-to-controller-forwarding-channel-manager]: Recorded new KRaft controller, from now on will use node base002-kafka-57160-2:19093 (id: 2 rack: null isFenced: false) (kafka.server.NodeToControllerRequestThread)
[2026-07-14 06:13:44,829] INFO [broker-3-to-controller-heartbeat-channel-manager]: Recorded new KRaft controller, from now on will use node base002-kafka-57160-2:19093 (id: 2 rack: null isFenced: false) (kafka.server.NodeToControllerRequestThread)
[2026-07-14 06:13:44,847] INFO [broker-3-to-controller-alter-partition-channel-manager]: Recorded new KRaft controller, from now on will use node base002-kafka-57160-2:19093 (id: 2 rack: null isFenced: false) (kafka.server.NodeToControllerRequestThread)
[2026-07-14 06:13:44,855] INFO [controller-3-to-controller-registration-channel-manager]: Recorded new KRaft controller, from now on will use node base002-kafka-57160-2:19093 (id: 2 rack: null isFenced: false) (kafka.server.NodeToControllerRequestThread)
[2026-07-14 06:13:44,856] INFO [RaftManager id=3] High watermark set to Optional[LogOffsetMetadata(offset=1, metadata=Optional.empty)] for the first time for epoch 1 (org.apache.kafka.raft.FollowerState)
[2026-07-14 06:13:44,856] INFO [RaftManager id=3] Setting the next offset of org.apache.kafka.image.loader.MetadataLoader@1984504612 to 0 since there are no snapshots (org.apache.kafka.raft.KafkaRaftClient)
[2026-07-14 06:13:44,857] INFO [RaftManager id=3] Setting the next offset of org.apache.kafka.controller.QuorumController$QuorumMetaLogListener@1838378501 to 0 since there are no snapshots (org.apache.kafka.raft.KafkaRaftClient)
[2026-07-14 06:13:44,858] INFO [broker-3-to-controller-directory-assignments-channel-manager]: Recorded new KRaft controller, from now on will use node base002-kafka-57160-2:19093 (id: 2 rack: null isFenced: false) (kafka.server.NodeToControllerRequestThread)
[2026-07-14 06:13:44,858] INFO [MetadataLoader id=3] maybePublishMetadata(LOG_DELTA): The loader is still catching up because we have not loaded a controller record as of offset 0 and high water mark is 1 (org.apache.kafka.image.loader.MetadataLoader)
[2026-07-14 06:13:44,862] INFO [BrokerLifecycleManager id=3] Successfully registered broker 3 with broker epoch 6 (kafka.server.BrokerLifecycleManager)
[2026-07-14 06:13:44,873] INFO [MetadataLoader id=3] initializeNewPublishers: The loader is still catching up because we have not loaded a controller record as of offset 0 and high water mark is 1 (org.apache.kafka.image.loader.MetadataLoader)
[2026-07-14 06:13:44,924] INFO [MetadataLoader id=3] maybePublishMetadata(LOG_DELTA): The loader finished catching up to the current high water mark of 8 (org.apache.kafka.image.loader.MetadataLoader)
[2026-07-14 06:13:44,927] INFO [MetadataLoader id=3] InitializeNewPublishers: initializing SnapshotGenerator with a snapshot at offset 7 (org.apache.kafka.image.loader.MetadataLoader)
[2026-07-14 06:13:44,927] INFO [MetadataLoader id=3] InitializeNewPublishers: initializing KRaftMetadataCachePublisher with a snapshot at offset 7 (org.apache.kafka.image.loader.MetadataLoader)
[2026-07-14 06:13:44,928] INFO [MetadataLoader id=3] InitializeNewPublishers: initializing FeaturesPublisher with a snapshot at offset 7 (org.apache.kafka.image.loader.MetadataLoader)
[2026-07-14 06:13:44,929] INFO [ControllerServer id=3] Loaded new metadata Features(metadataVersion=4.0-IV3, finalizedFeatures={group.version=1, transaction.version=2, metadata.version=25}, finalizedFeaturesEpoch=7). (org.apache.kafka.metadata.publisher.FeaturesPublisher)
[2026-07-14 06:13:44,929] INFO [MetadataLoader id=3] InitializeNewPublishers: initializing ControllerRegistrationsPublisher with a snapshot at offset 7 (org.apache.kafka.image.loader.MetadataLoader)
[2026-07-14 06:13:44,930] INFO [MetadataLoader id=3] InitializeNewPublishers: initializing ControllerRegistrationManager with a snapshot at offset 7 (org.apache.kafka.image.loader.MetadataLoader)
[2026-07-14 06:13:44,930] INFO [MetadataLoader id=3] InitializeNewPublishers: initializing DynamicConfigPublisher controller id=3 with a snapshot at offset 7 (org.apache.kafka.image.loader.MetadataLoader)
[2026-07-14 06:13:44,931] INFO [MetadataLoader id=3] InitializeNewPublishers: initializing DynamicClientQuotaPublisher controller id=3 with a snapshot at offset 7 (org.apache.kafka.image.loader.MetadataLoader)
[2026-07-14 06:13:44,933] INFO [MetadataLoader id=3] InitializeNewPublishers: initializing DynamicTopicClusterQuotaPublisher controller id=3 with a snapshot at offset 7 (org.apache.kafka.image.loader.MetadataLoader)
[2026-07-14 06:13:44,934] INFO [MetadataLoader id=3] InitializeNewPublishers: initializing ScramPublisher controller id=3 with a snapshot at offset 7 (org.apache.kafka.image.loader.MetadataLoader)
[2026-07-14 06:13:44,934] INFO [ControllerRegistrationManager id=3 incarnation=_SPMXNWwRJytHPMUU3IS9Q] sendControllerRegistration: attempting to send ControllerRegistrationRequestData(controllerId=3, incarnationId=_SPMXNWwRJytHPMUU3IS9Q, zkMigrationReady=false, listeners=[Listener(name='CONTROLLER', host='9921da5b02e7', port=19093, securityProtocol=0)], features=[Feature(name='group.version', minSupportedVersion=0, maxSupportedVersion=1), Feature(name='transaction.version', minSupportedVersion=0, maxSupportedVersion=2), Feature(name='eligible.leader.replicas.version', minSupportedVersion=0, maxSupportedVersion=1), Feature(name='kraft.version', minSupportedVersion=0, maxSupportedVersion=1), Feature(name='metadata.version', minSupportedVersion=7, maxSupportedVersion=25)]) (kafka.server.ControllerRegistrationManager)
[2026-07-14 06:13:44,935] INFO [MetadataLoader id=3] InitializeNewPublishers: initializing DelegationTokenPublisher controller id=3 with a snapshot at offset 7 (org.apache.kafka.image.loader.MetadataLoader)
[2026-07-14 06:13:44,937] INFO [MetadataLoader id=3] InitializeNewPublishers: initializing ControllerMetadataMetricsPublisher with a snapshot at offset 7 (org.apache.kafka.image.loader.MetadataLoader)
[2026-07-14 06:13:44,937] INFO [MetadataLoader id=3] InitializeNewPublishers: initializing AclPublisher controller id=3 with a snapshot at offset 7 (org.apache.kafka.image.loader.MetadataLoader)
[2026-07-14 06:13:44,938] INFO [MetadataLoader id=3] InitializeNewPublishers: initializing MetadataVersionPublisher(id=3) with a snapshot at offset 7 (org.apache.kafka.image.loader.MetadataLoader)
[2026-07-14 06:13:44,938] INFO [MetadataLoader id=3] InitializeNewPublishers: initializing BrokerMetadataPublisher with a snapshot at offset 7 (org.apache.kafka.image.loader.MetadataLoader)
[2026-07-14 06:13:44,941] INFO [BrokerMetadataPublisher id=3] Publishing initial metadata at offset OffsetAndEpoch(offset=7, epoch=1) with metadata.version Optional[4.0-IV3]. (kafka.server.metadata.BrokerMetadataPublisher)
[2026-07-14 06:13:44,941] INFO [BrokerLifecycleManager id=3] The broker has caught up. Transitioning from STARTING to RECOVERY. (kafka.server.BrokerLifecycleManager)
[2026-07-14 06:13:44,942] INFO [BrokerServer id=3] Finished waiting for the controller to acknowledge that we are caught up (kafka.server.BrokerServer)
[2026-07-14 06:13:44,942] INFO [BrokerServer id=3] Waiting for the initial broker metadata update to be published (kafka.server.BrokerServer)
[2026-07-14 06:13:44,942] INFO Loading logs from log dirs ArrayBuffer(/tmp/kafka-logs) (kafka.log.LogManager)
[2026-07-14 06:13:44,948] INFO No logs found to be loaded in /tmp/kafka-logs (kafka.log.LogManager)
[2026-07-14 06:13:44,966] INFO Loaded 0 logs in 16ms (kafka.log.LogManager)
[2026-07-14 06:13:44,966] INFO Starting log cleanup with a period of 300000 ms. (kafka.log.LogManager)
[2026-07-14 06:13:44,967] INFO Starting log flusher with a default period of 9223372036854775807 ms. (kafka.log.LogManager)
[2026-07-14 06:13:44,977] INFO [BrokerLifecycleManager id=3] The broker is in RECOVERY. (kafka.server.BrokerLifecycleManager)
[2026-07-14 06:13:44,979] INFO [ControllerRegistrationManager id=3 incarnation=_SPMXNWwRJytHPMUU3IS9Q] RegistrationResponseHandler: controller acknowledged ControllerRegistrationRequest. (kafka.server.ControllerRegistrationManager)
[2026-07-14 06:13:45,037] INFO [kafka-log-cleaner-thread-0]: Starting (kafka.log.LogCleaner$CleanerThread)
[2026-07-14 06:13:45,039] INFO [LogDirFailureHandler]: Starting (kafka.server.ReplicaManager$LogDirFailureHandler)
[2026-07-14 06:13:45,040] INFO [AddPartitionsToTxnSenderThread-3]: Starting (kafka.server.AddPartitionsToTxnManager)
[2026-07-14 06:13:45,041] INFO [GroupCoordinator id=3] Starting up. (org.apache.kafka.coordinator.group.GroupCoordinatorService)
[2026-07-14 06:13:45,041] INFO [GroupCoordinator id=3] Startup complete. (org.apache.kafka.coordinator.group.GroupCoordinatorService)
[2026-07-14 06:13:45,042] INFO [TransactionCoordinator id=3] Starting up. (kafka.coordinator.transaction.TransactionCoordinator)
[2026-07-14 06:13:45,042] INFO [TxnMarkerSenderThread-3]: Starting (kafka.coordinator.transaction.TransactionMarkerChannelManager)
[2026-07-14 06:13:45,042] INFO [TransactionCoordinator id=3] Startup complete. (kafka.coordinator.transaction.TransactionCoordinator)
[2026-07-14 06:13:45,045] INFO [MetadataLoader id=3] InitializeNewPublishers: initializing BrokerRegistrationTracker(id=3) with a snapshot at offset 7 (org.apache.kafka.image.loader.MetadataLoader)
[2026-07-14 06:13:45,045] INFO [BrokerServer id=3] Finished waiting for the initial broker metadata update to be published (kafka.server.BrokerServer)
[2026-07-14 06:13:45,049] INFO [ControllerRegistrationManager id=3 incarnation=_SPMXNWwRJytHPMUU3IS9Q] Our registration has been persisted to the metadata log. (kafka.server.ControllerRegistrationManager)
[2026-07-14 06:13:45,051] INFO KafkaConfig values: 
	add.partitions.to.txn.retry.backoff.max.ms = 100
	add.partitions.to.txn.retry.backoff.ms = 20
	advertised.listeners = PLAINTEXT://base002-kafka-57160-3:19092
	alter.config.policy.class.name = null
	alter.log.dirs.replication.quota.window.num = 11
	alter.log.dirs.replication.quota.window.size.seconds = 1
	authorizer.class.name = 
	auto.create.topics.enable = true
	auto.leader.rebalance.enable = true
	background.threads = 10
	broker.heartbeat.interval.ms = 2000
	broker.id = 3
	broker.rack = null
	broker.session.timeout.ms = 9000
	client.quota.callback.class = null
	compression.gzip.level = -1
	compression.lz4.level = 9
	compression.type = producer
	compression.zstd.level = 3
	connection.failed.authentication.delay.ms = 100
	connections.max.idle.ms = 600000
	connections.max.reauth.ms = 0
	controlled.shutdown.enable = true
	controller.listener.names = CONTROLLER
	controller.performance.always.log.threshold.ms = 2000
	controller.performance.sample.period.ms = 60000
	controller.quorum.append.linger.ms = 25
	controller.quorum.bootstrap.servers = []
	controller.quorum.election.backoff.max.ms = 1000
	controller.quorum.election.timeout.ms = 1000
	controller.quorum.fetch.timeout.ms = 2000
	controller.quorum.request.timeout.ms = 2000
	controller.quorum.retry.backoff.ms = 20
	controller.quorum.voters = [1@base002-kafka-57160-1:19093, 2@base002-kafka-57160-2:19093, 3@base002-kafka-57160-3:19093]
	controller.quota.window.num = 11
	controller.quota.window.size.seconds = 1
	controller.socket.timeout.ms = 30000
	create.topic.policy.class.name = null
	default.replication.factor = 1
	delegation.token.expiry.check.interval.ms = 3600000
	delegation.token.expiry.time.ms = 86400000
	delegation.token.max.lifetime.ms = 604800000
	delegation.token.secret.key = null
	delete.records.purgatory.purge.interval.requests = 1
	delete.topic.enable = true
	early.start.listeners = null
	fetch.max.bytes = 57671680
	fetch.purgatory.purge.interval.requests = 1000
	group.consumer.assignors = [uniform, range]
	group.consumer.heartbeat.interval.ms = 5000
	group.consumer.max.heartbeat.interval.ms = 15000
	group.consumer.max.session.timeout.ms = 60000
	group.consumer.max.size = 2147483647
	group.consumer.migration.policy = bidirectional
	group.consumer.min.heartbeat.interval.ms = 5000
	group.consumer.min.session.timeout.ms = 45000
	group.consumer.session.timeout.ms = 45000
	group.coordinator.append.linger.ms = 5
	group.coordinator.new.enable = true
	group.coordinator.rebalance.protocols = [classic, consumer]
	group.coordinator.threads = 4
	group.initial.rebalance.delay.ms = 0
	group.max.session.timeout.ms = 1800000
	group.max.size = 2147483647
	group.min.session.timeout.ms = 6000
	group.share.delivery.count.limit = 5
	group.share.enable = false
	group.share.heartbeat.interval.ms = 5000
	group.share.max.groups = 10
	group.share.max.heartbeat.interval.ms = 15000
	group.share.max.record.lock.duration.ms = 60000
	group.share.max.session.timeout.ms = 60000
	group.share.max.size = 200
	group.share.min.heartbeat.interval.ms = 5000
	group.share.min.record.lock.duration.ms = 15000
	group.share.min.session.timeout.ms = 45000
	group.share.partition.max.record.locks = 200
	group.share.persister.class.name = org.apache.kafka.server.share.persister.DefaultStatePersister
	group.share.record.lock.duration.ms = 30000
	group.share.session.timeout.ms = 45000
	initial.broker.registration.timeout.ms = 60000
	inter.broker.listener.name = null
	kafka.metrics.polling.interval.secs = 10
	kafka.metrics.reporters = []
	leader.imbalance.check.interval.seconds = 300
	listener.security.protocol.map = CONTROLLER:PLAINTEXT,PLAINTEXT:PLAINTEXT
	listeners = PLAINTEXT://:19092,CONTROLLER://:19093
	log.cleaner.backoff.ms = 15000
	log.cleaner.dedupe.buffer.size = 134217728
	log.cleaner.delete.retention.ms = 86400000
	log.cleaner.enable = true
	log.cleaner.io.buffer.load.factor = 0.9
	log.cleaner.io.buffer.size = 524288
	log.cleaner.io.max.bytes.per.second = 1.7976931348623157E308
	log.cleaner.max.compaction.lag.ms = 9223372036854775807
	log.cleaner.min.cleanable.ratio = 0.5
	log.cleaner.min.compaction.lag.ms = 0
	log.cleaner.threads = 1
	log.cleanup.policy = [delete]
	log.dir = /tmp/kafka-logs
	log.dir.failure.timeout.ms = 30000
	log.dirs = null
	log.flush.interval.messages = 9223372036854775807
	log.flush.interval.ms = null
	log.flush.offset.checkpoint.interval.ms = 60000
	log.flush.scheduler.interval.ms = 9223372036854775807
	log.flush.start.offset.checkpoint.interval.ms = 60000
	log.index.interval.bytes = 4096
	log.index.size.max.bytes = 10485760
	log.initial.task.delay.ms = 30000
	log.local.retention.bytes = -2
	log.local.retention.ms = -2
	log.message.timestamp.after.max.ms = 3600000
	log.message.timestamp.before.max.ms = 9223372036854775807
	log.message.timestamp.type = CreateTime
	log.preallocate = false
	log.retention.bytes = -1
	log.retention.check.interval.ms = 300000
	log.retention.hours = 168
	log.retention.minutes = null
	log.retention.ms = null
	log.roll.hours = 168
	log.roll.jitter.hours = 0
	log.roll.jitter.ms = null
	log.roll.ms = null
	log.segment.bytes = 1073741824
	log.segment.delete.delay.ms = 60000
	max.connection.creation.rate = 2147483647
	max.connections = 2147483647
	max.connections.per.ip = 2147483647
	max.connections.per.ip.overrides = 
	max.incremental.fetch.session.cache.slots = 1000
	max.request.partition.size.limit = 2000
	message.max.bytes = 1048588
	metadata.log.dir = null
	metadata.log.max.record.bytes.between.snapshots = 20971520
	metadata.log.max.snapshot.interval.ms = 3600000
	metadata.log.segment.bytes = 1073741824
	metadata.log.segment.min.bytes = 8388608
	metadata.log.segment.ms = 604800000
	metadata.max.idle.interval.ms = 500
	metadata.max.retention.bytes = 104857600
	metadata.max.retention.ms = 604800000
	metric.reporters = [org.apache.kafka.common.metrics.JmxReporter]
	metrics.num.samples = 2
	metrics.recording.level = INFO
	metrics.sample.window.ms = 30000
	min.insync.replicas = 1
	node.id = 3
	num.io.threads = 8
	num.network.threads = 3
	num.partitions = 1
	num.recovery.threads.per.data.dir = 2
	num.replica.alter.log.dirs.threads = null
	num.replica.fetchers = 1
	offset.metadata.max.bytes = 4096
	offsets.commit.timeout.ms = 5000
	offsets.load.buffer.size = 5242880
	offsets.retention.check.interval.ms = 600000
	offsets.retention.minutes = 10080
	offsets.topic.compression.codec = 0
	offsets.topic.num.partitions = 50
	offsets.topic.replication.factor = 3
	offsets.topic.segment.bytes = 104857600
	principal.builder.class = class org.apache.kafka.common.security.authenticator.DefaultKafkaPrincipalBuilder
	process.roles = [broker, controller]
	producer.id.expiration.check.interval.ms = 600000
	producer.id.expiration.ms = 86400000
	producer.purgatory.purge.interval.requests = 1000
	queued.max.request.bytes = -1
	queued.max.requests = 500
	quota.window.num = 11
	quota.window.size.seconds = 1
	remote.fetch.max.wait.ms = 500
	remote.list.offsets.request.timeout.ms = 30000
	remote.log.index.file.cache.total.size.bytes = 1073741824
	remote.log.manager.copier.thread.pool.size = 10
	remote.log.manager.copy.max.bytes.per.second = 9223372036854775807
	remote.log.manager.copy.quota.window.num = 11
	remote.log.manager.copy.quota.window.size.seconds = 1
	remote.log.manager.expiration.thread.pool.size = 10
	remote.log.manager.fetch.max.bytes.per.second = 9223372036854775807
	remote.log.manager.fetch.quota.window.num = 11
	remote.log.manager.fetch.quota.window.size.seconds = 1
	remote.log.manager.task.interval.ms = 30000
	remote.log.manager.task.retry.backoff.max.ms = 30000
	remote.log.manager.task.retry.backoff.ms = 500
	remote.log.manager.task.retry.jitter = 0.2
	remote.log.manager.thread.pool.size = 2
	remote.log.metadata.custom.metadata.max.bytes = 128
	remote.log.metadata.manager.class.name = org.apache.kafka.server.log.remote.metadata.storage.TopicBasedRemoteLogMetadataManager
	remote.log.metadata.manager.class.path = null
	remote.log.metadata.manager.impl.prefix = rlmm.config.
	remote.log.metadata.manager.listener.name = null
	remote.log.reader.max.pending.tasks = 100
	remote.log.reader.threads = 10
	remote.log.storage.manager.class.name = null
	remote.log.storage.manager.class.path = null
	remote.log.storage.manager.impl.prefix = rsm.config.
	remote.log.storage.system.enable = false
	replica.fetch.backoff.ms = 1000
	replica.fetch.max.bytes = 1048576
	replica.fetch.min.bytes = 1
	replica.fetch.response.max.bytes = 10485760
	replica.fetch.wait.max.ms = 500
	replica.high.watermark.checkpoint.interval.ms = 5000
	replica.lag.time.max.ms = 30000
	replica.selector.class = null
	replica.socket.receive.buffer.bytes = 65536
	replica.socket.timeout.ms = 30000
	replication.quota.window.num = 11
	replication.quota.window.size.seconds = 1
	request.timeout.ms = 30000
	sasl.client.callback.handler.class = null
	sasl.enabled.mechanisms = [GSSAPI]
	sasl.jaas.config = null
	sasl.kerberos.kinit.cmd = /usr/bin/kinit
	sasl.kerberos.min.time.before.relogin = 60000
	sasl.kerberos.principal.to.local.rules = [DEFAULT]
	sasl.kerberos.service.name = null
	sasl.kerberos.ticket.renew.jitter = 0.05
	sasl.kerberos.ticket.renew.window.factor = 0.8
	sasl.login.callback.handler.class = null
	sasl.login.class = null
	sasl.login.connect.timeout.ms = null
	sasl.login.read.timeout.ms = null
	sasl.login.refresh.buffer.seconds = 300
	sasl.login.refresh.min.period.seconds = 60
	sasl.login.refresh.window.factor = 0.8
	sasl.login.refresh.window.jitter = 0.05
	sasl.login.retry.backoff.max.ms = 10000
	sasl.login.retry.backoff.ms = 100
	sasl.mechanism.controller.protocol = GSSAPI
	sasl.mechanism.inter.broker.protocol = GSSAPI
	sasl.oauthbearer.clock.skew.seconds = 30
	sasl.oauthbearer.expected.audience = null
	sasl.oauthbearer.expected.issuer = null
	sasl.oauthbearer.jwks.endpoint.refresh.ms = 3600000
	sasl.oauthbearer.jwks.endpoint.retry.backoff.max.ms = 10000
	sasl.oauthbearer.jwks.endpoint.retry.backoff.ms = 100
	sasl.oauthbearer.jwks.endpoint.url = null
	sasl.oauthbearer.scope.claim.name = scope
	sasl.oauthbearer.sub.claim.name = sub
	sasl.oauthbearer.token.endpoint.url = null
	sasl.server.callback.handler.class = null
	sasl.server.max.receive.size = 524288
	security.inter.broker.protocol = PLAINTEXT
	security.providers = null
	server.max.startup.time.ms = 9223372036854775807
	share.coordinator.append.linger.ms = 10
	share.coordinator.load.buffer.size = 5242880
	share.coordinator.snapshot.update.records.per.snapshot = 500
	share.coordinator.state.topic.compression.codec = 0
	share.coordinator.state.topic.min.isr = 2
	share.coordinator.state.topic.num.partitions = 50
	share.coordinator.state.topic.prune.interval.ms = 300000
	share.coordinator.state.topic.replication.factor = 3
	share.coordinator.state.topic.segment.bytes = 104857600
	share.coordinator.threads = 1
	share.coordinator.write.timeout.ms = 5000
	share.fetch.max.fetch.records = 2147483647
	share.fetch.purgatory.purge.interval.requests = 1000
	socket.connection.setup.timeout.max.ms = 30000
	socket.connection.setup.timeout.ms = 10000
	socket.listen.backlog.size = 50
	socket.receive.buffer.bytes = 102400
	socket.request.max.bytes = 104857600
	socket.send.buffer.bytes = 102400
	ssl.allow.dn.changes = false
	ssl.allow.san.changes = false
	ssl.cipher.suites = []
	ssl.client.auth = none
	ssl.enabled.protocols = [TLSv1.2, TLSv1.3]
	ssl.endpoint.identification.algorithm = https
	ssl.engine.factory.class = null
	ssl.key.password = null
	ssl.keymanager.algorithm = SunX509
	ssl.keystore.certificate.chain = null
	ssl.keystore.key = null
	ssl.keystore.location = null
	ssl.keystore.password = null
	ssl.keystore.type = JKS
	ssl.principal.mapping.rules = DEFAULT
	ssl.protocol = TLSv1.3
	ssl.provider = null
	ssl.secure.random.implementation = null
	ssl.trustmanager.algorithm = PKIX
	ssl.truststore.certificates = null
	ssl.truststore.location = null
	ssl.truststore.password = null
	ssl.truststore.type = JKS
	telemetry.max.bytes = 1048576
	transaction.abort.timed.out.transaction.cleanup.interval.ms = 10000
	transaction.max.timeout.ms = 900000
	transaction.partition.verification.enable = true
	transaction.remove.expired.transaction.cleanup.interval.ms = 3600000
	transaction.state.log.load.buffer.size = 5242880
	transaction.state.log.min.isr = 2
	transaction.state.log.num.partitions = 50
	transaction.state.log.replication.factor = 3
	transaction.state.log.segment.bytes = 104857600
	transactional.id.expiration.ms = 604800000
	unclean.leader.election.enable = false
	unclean.leader.election.interval.ms = 300000
	unstable.api.versions.enable = false
	unstable.feature.versions.enable = false
 (org.apache.kafka.common.config.AbstractConfig)
[2026-07-14 06:13:45,056] INFO [BrokerServer id=3] Waiting for the broker to be unfenced (kafka.server.BrokerServer)
[2026-07-14 06:13:45,087] INFO [BrokerLifecycleManager id=3] The broker has been unfenced. Transitioning from RECOVERY to RUNNING. (kafka.server.BrokerLifecycleManager)
[2026-07-14 06:13:45,089] INFO [BrokerServer id=3] Finished waiting for the broker to be unfenced (kafka.server.BrokerServer)
[2026-07-14 06:13:45,090] INFO authorizerStart completed for endpoint PLAINTEXT. Endpoint is now READY. (org.apache.kafka.server.network.EndpointReadyFutures)
[2026-07-14 06:13:45,090] INFO [SocketServer listenerType=BROKER, nodeId=3] Enabling request processing. (kafka.network.SocketServer)
[2026-07-14 06:13:45,090] INFO Awaiting socket connections on 0.0.0.0:19092. (kafka.network.DataPlaneAcceptor)
[2026-07-14 06:13:45,091] INFO [BrokerServer id=3] Waiting for all of the authorizer futures to be completed (kafka.server.BrokerServer)
[2026-07-14 06:13:45,091] INFO [BrokerServer id=3] Finished waiting for all of the authorizer futures to be completed (kafka.server.BrokerServer)
[2026-07-14 06:13:45,091] INFO [BrokerServer id=3] Waiting for all of the SocketServer Acceptors to be started (kafka.server.BrokerServer)
[2026-07-14 06:13:45,091] INFO [BrokerServer id=3] Finished waiting for all of the SocketServer Acceptors to be started (kafka.server.BrokerServer)
[2026-07-14 06:13:45,091] INFO [BrokerServer id=3] Transition from STARTING to STARTED (kafka.server.BrokerServer)
[2026-07-14 06:13:45,092] INFO Kafka version: 4.0.0 (org.apache.kafka.common.utils.AppInfoParser)
[2026-07-14 06:13:45,092] INFO Kafka commitId: 985bc99521dd22bb (org.apache.kafka.common.utils.AppInfoParser)
[2026-07-14 06:13:45,092] INFO Kafka startTimeMs: 1784009625091 (org.apache.kafka.common.utils.AppInfoParser)
[2026-07-14 06:13:45,092] INFO [KafkaRaftServer nodeId=3] Kafka Server started (kafka.server.KafkaRaftServer)
[2026-07-14 06:13:46,864] INFO [ReplicaFetcherManager on broker 3] Removed fetcher for partitions Set(ai-video-int-events-1) (kafka.server.ReplicaFetcherManager)
[2026-07-14 06:13:46,881] INFO [LogLoader partition=ai-video-int-events-1, dir=/tmp/kafka-logs] Loading producer state till offset 0 (org.apache.kafka.storage.internals.log.UnifiedLog)
[2026-07-14 06:13:46,883] INFO Created log for partition ai-video-int-events-1 in /tmp/kafka-logs/ai-video-int-events-1 with properties {min.insync.replicas=2} (kafka.log.LogManager)
[2026-07-14 06:13:46,884] INFO [Partition ai-video-int-events-1 broker=3] No checkpointed highwatermark is found for partition ai-video-int-events-1 (kafka.cluster.Partition)
[2026-07-14 06:13:46,885] INFO [Partition ai-video-int-events-1 broker=3] Log loaded for partition ai-video-int-events-1 with initial high watermark 0 (kafka.cluster.Partition)
[2026-07-14 06:13:46,898] INFO [LogLoader partition=ai-video-int-events-2, dir=/tmp/kafka-logs] Loading producer state till offset 0 (org.apache.kafka.storage.internals.log.UnifiedLog)
[2026-07-14 06:13:46,898] INFO Created log for partition ai-video-int-events-2 in /tmp/kafka-logs/ai-video-int-events-2 with properties {min.insync.replicas=2} (kafka.log.LogManager)
[2026-07-14 06:13:46,899] INFO [Partition ai-video-int-events-2 broker=3] No checkpointed highwatermark is found for partition ai-video-int-events-2 (kafka.cluster.Partition)
[2026-07-14 06:13:46,899] INFO [Partition ai-video-int-events-2 broker=3] Log loaded for partition ai-video-int-events-2 with initial high watermark 0 (kafka.cluster.Partition)
[2026-07-14 06:13:46,903] INFO [LogLoader partition=ai-video-int-events-0, dir=/tmp/kafka-logs] Loading producer state till offset 0 (org.apache.kafka.storage.internals.log.UnifiedLog)
[2026-07-14 06:13:46,904] INFO Created log for partition ai-video-int-events-0 in /tmp/kafka-logs/ai-video-int-events-0 with properties {min.insync.replicas=2} (kafka.log.LogManager)
[2026-07-14 06:13:46,904] INFO [Partition ai-video-int-events-0 broker=3] No checkpointed highwatermark is found for partition ai-video-int-events-0 (kafka.cluster.Partition)
[2026-07-14 06:13:46,904] INFO [Partition ai-video-int-events-0 broker=3] Log loaded for partition ai-video-int-events-0 with initial high watermark 0 (kafka.cluster.Partition)
[2026-07-14 06:13:46,905] INFO [ReplicaFetcherManager on broker 3] Removed fetcher for partitions Set(ai-video-int-events-2, ai-video-int-events-0) (kafka.server.ReplicaFetcherManager)
[2026-07-14 06:13:46,919] INFO [ReplicaFetcherThread-0-1]: Starting (kafka.server.ReplicaFetcherThread)
[2026-07-14 06:13:46,924] INFO [ReplicaFetcherManager on broker 3] Added fetcher to broker 1 for partitions HashMap(ai-video-int-events-2 -> InitialFetchState(Some(rwIDsGplQ6OzSCj5o8GNjw),BrokerEndPoint(id=1, host=base002-kafka-57160-1:19092),0,0)) (kafka.server.ReplicaFetcherManager)
[2026-07-14 06:13:46,927] INFO [ReplicaFetcherManager on broker 3] Added fetcher to broker 2 for partitions HashMap(ai-video-int-events-0 -> InitialFetchState(Some(rwIDsGplQ6OzSCj5o8GNjw),BrokerEndPoint(id=2, host=base002-kafka-57160-2:19092),0,0)) (kafka.server.ReplicaFetcherManager)
[2026-07-14 06:13:46,928] INFO [ReplicaFetcher replicaId=3, leaderId=1, fetcherId=0] Truncating partition ai-video-int-events-2 with TruncationState(offset=0, completed=true) due to local high watermark 0 (kafka.server.ReplicaFetcherThread)
[2026-07-14 06:13:46,927] INFO [ReplicaFetcherThread-0-2]: Starting (kafka.server.ReplicaFetcherThread)
[2026-07-14 06:13:46,929] INFO [ReplicaFetcher replicaId=3, leaderId=2, fetcherId=0] Truncating partition ai-video-int-events-0 with TruncationState(offset=0, completed=true) due to local high watermark 0 (kafka.server.ReplicaFetcherThread)
[2026-07-14 06:13:46,930] INFO [UnifiedLog partition=ai-video-int-events-2, dir=/tmp/kafka-logs] Truncating to 0 has no effect as the largest offset in the log is -1 (kafka.log.UnifiedLog)
[2026-07-14 06:13:46,931] INFO [UnifiedLog partition=ai-video-int-events-0, dir=/tmp/kafka-logs] Truncating to 0 has no effect as the largest offset in the log is -1 (kafka.log.UnifiedLog)
[2026-07-14 06:13:46,941] INFO [DynamicConfigPublisher broker id=3] Updating topic ai-video-int-events with new configuration : min.insync.replicas -> 2 (kafka.server.metadata.DynamicConfigPublisher)
[2026-07-14 06:13:47,863] INFO [ReplicaFetcherManager on broker 3] Removed fetcher for partitions Set(ai-video-int-events.dlq-1) (kafka.server.ReplicaFetcherManager)
[2026-07-14 06:13:47,866] INFO [LogLoader partition=ai-video-int-events.dlq-1, dir=/tmp/kafka-logs] Loading producer state till offset 0 (org.apache.kafka.storage.internals.log.UnifiedLog)
[2026-07-14 06:13:47,867] INFO Created log for partition ai-video-int-events.dlq-1 in /tmp/kafka-logs/ai-video-int-events.dlq-1 with properties {min.insync.replicas=2} (kafka.log.LogManager)
[2026-07-14 06:13:47,867] INFO [Partition ai-video-int-events.dlq-1 broker=3] No checkpointed highwatermark is found for partition ai-video-int-events.dlq-1 (kafka.cluster.Partition)
[2026-07-14 06:13:47,867] INFO [Partition ai-video-int-events.dlq-1 broker=3] Log loaded for partition ai-video-int-events.dlq-1 with initial high watermark 0 (kafka.cluster.Partition)
[2026-07-14 06:13:47,876] INFO [LogLoader partition=ai-video-int-events.dlq-2, dir=/tmp/kafka-logs] Loading producer state till offset 0 (org.apache.kafka.storage.internals.log.UnifiedLog)
[2026-07-14 06:13:47,876] INFO Created log for partition ai-video-int-events.dlq-2 in /tmp/kafka-logs/ai-video-int-events.dlq-2 with properties {min.insync.replicas=2} (kafka.log.LogManager)
[2026-07-14 06:13:47,876] INFO [Partition ai-video-int-events.dlq-2 broker=3] No checkpointed highwatermark is found for partition ai-video-int-events.dlq-2 (kafka.cluster.Partition)
[2026-07-14 06:13:47,877] INFO [Partition ai-video-int-events.dlq-2 broker=3] Log loaded for partition ai-video-int-events.dlq-2 with initial high watermark 0 (kafka.cluster.Partition)
[2026-07-14 06:13:47,882] INFO [LogLoader partition=ai-video-int-events.dlq-0, dir=/tmp/kafka-logs] Loading producer state till offset 0 (org.apache.kafka.storage.internals.log.UnifiedLog)
[2026-07-14 06:13:47,883] INFO Created log for partition ai-video-int-events.dlq-0 in /tmp/kafka-logs/ai-video-int-events.dlq-0 with properties {min.insync.replicas=2} (kafka.log.LogManager)
[2026-07-14 06:13:47,883] INFO [Partition ai-video-int-events.dlq-0 broker=3] No checkpointed highwatermark is found for partition ai-video-int-events.dlq-0 (kafka.cluster.Partition)
[2026-07-14 06:13:47,883] INFO [Partition ai-video-int-events.dlq-0 broker=3] Log loaded for partition ai-video-int-events.dlq-0 with initial high watermark 0 (kafka.cluster.Partition)
[2026-07-14 06:13:47,884] INFO [ReplicaFetcherManager on broker 3] Removed fetcher for partitions Set(ai-video-int-events.dlq-2, ai-video-int-events.dlq-0) (kafka.server.ReplicaFetcherManager)
[2026-07-14 06:13:47,885] INFO [ReplicaFetcherManager on broker 3] Added fetcher to broker 1 for partitions HashMap(ai-video-int-events.dlq-2 -> InitialFetchState(Some(UJgmTN_kSW2OYM4ZGinwyQ),BrokerEndPoint(id=1, host=base002-kafka-57160-1:19092),0,0)) (kafka.server.ReplicaFetcherManager)
[2026-07-14 06:13:47,885] INFO [ReplicaFetcherManager on broker 3] Added fetcher to broker 2 for partitions HashMap(ai-video-int-events.dlq-0 -> InitialFetchState(Some(UJgmTN_kSW2OYM4ZGinwyQ),BrokerEndPoint(id=2, host=base002-kafka-57160-2:19092),0,0)) (kafka.server.ReplicaFetcherManager)
[2026-07-14 06:13:47,885] INFO [DynamicConfigPublisher broker id=3] Updating topic ai-video-int-events.dlq with new configuration : min.insync.replicas -> 2 (kafka.server.metadata.DynamicConfigPublisher)
[2026-07-14 06:13:47,968] INFO [ReplicaFetcher replicaId=3, leaderId=1, fetcherId=0] Truncating partition ai-video-int-events.dlq-2 with TruncationState(offset=0, completed=true) due to local high watermark 0 (kafka.server.ReplicaFetcherThread)
[2026-07-14 06:13:47,968] INFO [UnifiedLog partition=ai-video-int-events.dlq-2, dir=/tmp/kafka-logs] Truncating to 0 has no effect as the largest offset in the log is -1 (kafka.log.UnifiedLog)
[2026-07-14 06:13:47,975] INFO [ReplicaFetcher replicaId=3, leaderId=2, fetcherId=0] Truncating partition ai-video-int-events.dlq-0 with TruncationState(offset=0, completed=true) due to local high watermark 0 (kafka.server.ReplicaFetcherThread)
[2026-07-14 06:13:47,975] INFO [UnifiedLog partition=ai-video-int-events.dlq-0, dir=/tmp/kafka-logs] Truncating to 0 has no effect as the largest offset in the log is -1 (kafka.log.UnifiedLog)
[2026-07-14 06:13:50,360] INFO [ReplicaFetcher replicaId=3, leaderId=2, fetcherId=0] Partition ai-video-int-events-0 has an older epoch (0) than the current leader. Will await the new LeaderAndIsr state before resuming fetching. (kafka.server.ReplicaFetcherThread)
[2026-07-14 06:13:50,361] WARN [ReplicaFetcher replicaId=3, leaderId=2, fetcherId=0] Partition ai-video-int-events-0 marked as failed (kafka.server.ReplicaFetcherThread)
[2026-07-14 06:13:50,361] INFO [ReplicaFetcher replicaId=3, leaderId=2, fetcherId=0] Partition ai-video-int-events.dlq-0 has an older epoch (0) than the current leader. Will await the new LeaderAndIsr state before resuming fetching. (kafka.server.ReplicaFetcherThread)
[2026-07-14 06:13:50,361] WARN [ReplicaFetcher replicaId=3, leaderId=2, fetcherId=0] Partition ai-video-int-events.dlq-0 marked as failed (kafka.server.ReplicaFetcherThread)
[2026-07-14 06:13:50,853] INFO [ReplicaFetcherManager on broker 3] Removed fetcher for partitions Set(ai-video-int-events.dlq-1, ai-video-int-events.dlq-0, ai-video-int-events-0, ai-video-int-events-1) (kafka.server.ReplicaFetcherManager)
[2026-07-14 06:13:50,868] INFO [ReplicaFetcherThread-0-2]: Shutting down (kafka.server.ReplicaFetcherThread)
[2026-07-14 06:13:50,869] INFO [ReplicaFetcherThread-0-2]: Shutdown completed (kafka.server.ReplicaFetcherThread)
[2026-07-14 06:13:50,869] INFO [ReplicaFetcherThread-0-2]: Stopped (kafka.server.ReplicaFetcherThread)
[2026-07-14 06:13:52,575] INFO [RaftManager id=3] Vote request VoteRequestData(clusterId='4L6g3nShT-eMCtK--X86sw', voterId=3, topics=[TopicData(topicName='__cluster_metadata', partitions=[PartitionData(partitionIndex=0, replicaEpoch=1, replicaId=1, replicaDirectoryId=Eu369JCtqYcHD-XSyPuIWg, voterDirectoryId=AAAAAAAAAAAAAAAAAAAAAA, lastOffsetEpoch=1, lastOffset=50, preVote=true)])]) with epoch 1 is rejected (org.apache.kafka.raft.KafkaRaftClient)
[2026-07-14 06:13:52,582] INFO [RaftManager id=3] Attempting durable transition to UnattachedState(epoch=2, leaderId=OptionalInt.empty, votedKey=Optional.empty, voters=[1, 2, 3], electionTimeoutMs=1068, highWatermark=Optional[LogOffsetMetadata(offset=49, metadata=Optional.empty)]) from FollowerState(fetchTimeoutMs=2000, epoch=1, leader=2, leaderEndpoints=Endpoints(endpoints={ListenerName(CONTROLLER)=967403057d58/<unresolved>:19093}), votedKey=Optional[ReplicaKey(id=2, directoryId=fhF_NYzvZcQPrhR9WkJoxg)], voters=[1, 2, 3], highWatermark=Optional[LogOffsetMetadata(offset=49, metadata=Optional.empty)], fetchingSnapshot=Optional.empty) (org.apache.kafka.raft.QuorumState)
[2026-07-14 06:13:52,585] INFO [RaftManager id=3] Completed transition to UnattachedState(epoch=2, leaderId=OptionalInt.empty, votedKey=Optional.empty, voters=[1, 2, 3], electionTimeoutMs=1068, highWatermark=Optional[LogOffsetMetadata(offset=49, metadata=Optional.empty)]) from FollowerState(fetchTimeoutMs=2000, epoch=1, leader=2, leaderEndpoints=Endpoints(endpoints={ListenerName(CONTROLLER)=967403057d58/<unresolved>:19093}), votedKey=Optional[ReplicaKey(id=2, directoryId=fhF_NYzvZcQPrhR9WkJoxg)], voters=[1, 2, 3], highWatermark=Optional[LogOffsetMetadata(offset=49, metadata=Optional.empty)], fetchingSnapshot=Optional.empty) (org.apache.kafka.raft.QuorumState)
[2026-07-14 06:13:52,586] INFO [RaftManager id=3] Attempting durable transition to UnattachedState(epoch=2, leaderId=OptionalInt.empty, votedKey=Optional[ReplicaKey(id=1, directoryId=Eu369JCtqYcHD-XSyPuIWg)], voters=[1, 2, 3], electionTimeoutMs=1207, highWatermark=Optional[LogOffsetMetadata(offset=49, metadata=Optional.empty)]) from UnattachedState(epoch=2, leaderId=OptionalInt.empty, votedKey=Optional.empty, voters=[1, 2, 3], electionTimeoutMs=1068, highWatermark=Optional[LogOffsetMetadata(offset=49, metadata=Optional.empty)]) (org.apache.kafka.raft.QuorumState)
[2026-07-14 06:13:52,588] INFO [RaftManager id=3] Completed transition to UnattachedState(epoch=2, leaderId=OptionalInt.empty, votedKey=Optional[ReplicaKey(id=1, directoryId=Eu369JCtqYcHD-XSyPuIWg)], voters=[1, 2, 3], electionTimeoutMs=1207, highWatermark=Optional[LogOffsetMetadata(offset=49, metadata=Optional.empty)]) from UnattachedState(epoch=2, leaderId=OptionalInt.empty, votedKey=Optional.empty, voters=[1, 2, 3], electionTimeoutMs=1068, highWatermark=Optional[LogOffsetMetadata(offset=49, metadata=Optional.empty)]) (org.apache.kafka.raft.QuorumState)
[2026-07-14 06:13:52,588] INFO [RaftManager id=3] Vote request VoteRequestData(clusterId='4L6g3nShT-eMCtK--X86sw', voterId=3, topics=[TopicData(topicName='__cluster_metadata', partitions=[PartitionData(partitionIndex=0, replicaEpoch=2, replicaId=1, replicaDirectoryId=Eu369JCtqYcHD-XSyPuIWg, voterDirectoryId=AAAAAAAAAAAAAAAAAAAAAA, lastOffsetEpoch=1, lastOffset=50, preVote=false)])]) with epoch 2 is granted (org.apache.kafka.raft.KafkaRaftClient)
[2026-07-14 06:13:52,605] INFO [RaftManager id=3] Attempting durable transition to FollowerState(fetchTimeoutMs=2000, epoch=2, leader=1, leaderEndpoints=Endpoints(endpoints={ListenerName(CONTROLLER)=8aab5597be2e/<unresolved>:19093}), votedKey=Optional[ReplicaKey(id=1, directoryId=Eu369JCtqYcHD-XSyPuIWg)], voters=[1, 2, 3], highWatermark=Optional[LogOffsetMetadata(offset=49, metadata=Optional.empty)], fetchingSnapshot=Optional.empty) from UnattachedState(epoch=2, leaderId=OptionalInt.empty, votedKey=Optional[ReplicaKey(id=1, directoryId=Eu369JCtqYcHD-XSyPuIWg)], voters=[1, 2, 3], electionTimeoutMs=1207, highWatermark=Optional[LogOffsetMetadata(offset=49, metadata=Optional.empty)]) (org.apache.kafka.raft.QuorumState)
[2026-07-14 06:13:52,607] INFO [RaftManager id=3] Completed transition to FollowerState(fetchTimeoutMs=2000, epoch=2, leader=1, leaderEndpoints=Endpoints(endpoints={ListenerName(CONTROLLER)=8aab5597be2e/<unresolved>:19093}), votedKey=Optional[ReplicaKey(id=1, directoryId=Eu369JCtqYcHD-XSyPuIWg)], voters=[1, 2, 3], highWatermark=Optional[LogOffsetMetadata(offset=49, metadata=Optional.empty)], fetchingSnapshot=Optional.empty) from UnattachedState(epoch=2, leaderId=OptionalInt.empty, votedKey=Optional[ReplicaKey(id=1, directoryId=Eu369JCtqYcHD-XSyPuIWg)], voters=[1, 2, 3], electionTimeoutMs=1207, highWatermark=Optional[LogOffsetMetadata(offset=49, metadata=Optional.empty)]) (org.apache.kafka.raft.QuorumState)
[2026-07-14 06:13:52,615] INFO [NodeToControllerChannelManager id=3 name=heartbeat] Node 2 disconnected. (org.apache.kafka.clients.NetworkClient)
[2026-07-14 06:13:52,616] INFO [NodeToControllerChannelManager id=3 name=forwarding] Node 2 disconnected. (org.apache.kafka.clients.NetworkClient)
[2026-07-14 06:13:52,616] INFO [RaftManager id=3] Node 2 disconnected. (org.apache.kafka.clients.NetworkClient)
[2026-07-14 06:13:52,617] INFO [NodeToControllerChannelManager id=3 name=registration] Node 2 disconnected. (org.apache.kafka.clients.NetworkClient)
[2026-07-14 06:13:56,499] INFO Sent auto-creation request for Set(__consumer_offsets) to the active controller. (kafka.server.DefaultAutoTopicCreationManager)
[2026-07-14 06:13:57,599] INFO [broker-3-to-controller-heartbeat-channel-manager]: Recorded new KRaft controller, from now on will use node base002-kafka-57160-1:19093 (id: 1 rack: null isFenced: false) (kafka.server.NodeToControllerRequestThread)
[2026-07-14 06:13:57,601] INFO [BrokerLifecycleManager id=3] Unable to send a heartbeat because the RPC got timed out before it could be sent. (kafka.server.BrokerLifecycleManager)
[2026-07-14 06:14:05,351] INFO [NodeToControllerChannelManager id=3 name=forwarding] Disconnecting from node 2 due to socket connection setup timeout. The timeout value is 8842 ms. (org.apache.kafka.clients.NetworkClient)
[2026-07-14 06:14:05,352] INFO [broker-3-to-controller-forwarding-channel-manager]: Recorded new KRaft controller, from now on will use node base002-kafka-57160-1:19093 (id: 1 rack: null isFenced: false) (kafka.server.NodeToControllerRequestThread)
[2026-07-14 06:14:05,690] INFO [ReplicaFetcherManager on broker 3] Removed fetcher for partitions Set(__consumer_offsets-13, __consumer_offsets-42, __consumer_offsets-21, __consumer_offsets-19, __consumer_offsets-30, __consumer_offsets-38, __consumer_offsets-3, __consumer_offsets-34, __consumer_offsets-47, __consumer_offsets-16, __consumer_offsets-45, __consumer_offsets-14, __consumer_offsets-41, __consumer_offsets-10, __consumer_offsets-22, __consumer_offsets-49, __consumer_offsets-0, __consumer_offsets-29, __consumer_offsets-27, __consumer_offsets-25, __consumer_offsets-8, __consumer_offsets-37, __consumer_offsets-6, __consumer_offsets-4, __consumer_offsets-33) (kafka.server.ReplicaFetcherManager)
[2026-07-14 06:14:05,692] INFO [LogLoader partition=__consumer_offsets-13, dir=/tmp/kafka-logs] Loading producer state till offset 0 (org.apache.kafka.storage.internals.log.UnifiedLog)
[2026-07-14 06:14:05,692] INFO Created log for partition __consumer_offsets-13 in /tmp/kafka-logs/__consumer_offsets-13 with properties {cleanup.policy=compact, compression.type="producer", segment.bytes=104857600} (kafka.log.LogManager)
[2026-07-14 06:14:05,692] INFO [Partition __consumer_offsets-13 broker=3] No checkpointed highwatermark is found for partition __consumer_offsets-13 (kafka.cluster.Partition)
[2026-07-14 06:14:05,692] INFO [Partition __consumer_offsets-13 broker=3] Log loaded for partition __consumer_offsets-13 with initial high watermark 0 (kafka.cluster.Partition)
[2026-07-14 06:14:05,696] INFO [LogLoader partition=__consumer_offsets-42, dir=/tmp/kafka-logs] Loading producer state till offset 0 (org.apache.kafka.storage.internals.log.UnifiedLog)
[2026-07-14 06:14:05,696] INFO Created log for partition __consumer_offsets-42 in /tmp/kafka-logs/__consumer_offsets-42 with properties {cleanup.policy=compact, compression.type="producer", segment.bytes=104857600} (kafka.log.LogManager)
[2026-07-14 06:14:05,696] INFO [Partition __consumer_offsets-42 broker=3] No checkpointed highwatermark is found for partition __consumer_offsets-42 (kafka.cluster.Partition)
[2026-07-14 06:14:05,697] INFO [Partition __consumer_offsets-42 broker=3] Log loaded for partition __consumer_offsets-42 with initial high watermark 0 (kafka.cluster.Partition)
[2026-07-14 06:14:05,702] INFO [LogLoader partition=__consumer_offsets-21, dir=/tmp/kafka-logs] Loading producer state till offset 0 (org.apache.kafka.storage.internals.log.UnifiedLog)
[2026-07-14 06:14:05,703] INFO Created log for partition __consumer_offsets-21 in /tmp/kafka-logs/__consumer_offsets-21 with properties {cleanup.policy=compact, compression.type="producer", segment.bytes=104857600} (kafka.log.LogManager)
[2026-07-14 06:14:05,703] INFO [Partition __consumer_offsets-21 broker=3] No checkpointed highwatermark is found for partition __consumer_offsets-21 (kafka.cluster.Partition)
[2026-07-14 06:14:05,703] INFO [Partition __consumer_offsets-21 broker=3] Log loaded for partition __consumer_offsets-21 with initial high watermark 0 (kafka.cluster.Partition)
[2026-07-14 06:14:05,706] INFO [LogLoader partition=__consumer_offsets-19, dir=/tmp/kafka-logs] Loading producer state till offset 0 (org.apache.kafka.storage.internals.log.UnifiedLog)
[2026-07-14 06:14:05,706] INFO Created log for partition __consumer_offsets-19 in /tmp/kafka-logs/__consumer_offsets-19 with properties {cleanup.policy=compact, compression.type="producer", segment.bytes=104857600} (kafka.log.LogManager)
[2026-07-14 06:14:05,706] INFO [Partition __consumer_offsets-19 broker=3] No checkpointed highwatermark is found for partition __consumer_offsets-19 (kafka.cluster.Partition)
[2026-07-14 06:14:05,706] INFO [Partition __consumer_offsets-19 broker=3] Log loaded for partition __consumer_offsets-19 with initial high watermark 0 (kafka.cluster.Partition)
[2026-07-14 06:14:05,710] INFO [LogLoader partition=__consumer_offsets-30, dir=/tmp/kafka-logs] Loading producer state till offset 0 (org.apache.kafka.storage.internals.log.UnifiedLog)
[2026-07-14 06:14:05,710] INFO Created log for partition __consumer_offsets-30 in /tmp/kafka-logs/__consumer_offsets-30 with properties {cleanup.policy=compact, compression.type="producer", segment.bytes=104857600} (kafka.log.LogManager)
[2026-07-14 06:14:05,710] INFO [Partition __consumer_offsets-30 broker=3] No checkpointed highwatermark is found for partition __consumer_offsets-30 (kafka.cluster.Partition)
[2026-07-14 06:14:05,710] INFO [Partition __consumer_offsets-30 broker=3] Log loaded for partition __consumer_offsets-30 with initial high watermark 0 (kafka.cluster.Partition)
[2026-07-14 06:14:05,715] INFO [LogLoader partition=__consumer_offsets-38, dir=/tmp/kafka-logs] Loading producer state till offset 0 (org.apache.kafka.storage.internals.log.UnifiedLog)
[2026-07-14 06:14:05,715] INFO Created log for partition __consumer_offsets-38 in /tmp/kafka-logs/__consumer_offsets-38 with properties {cleanup.policy=compact, compression.type="producer", segment.bytes=104857600} (kafka.log.LogManager)
[2026-07-14 06:14:05,716] INFO [Partition __consumer_offsets-38 broker=3] No checkpointed highwatermark is found for partition __consumer_offsets-38 (kafka.cluster.Partition)
[2026-07-14 06:14:05,716] INFO [Partition __consumer_offsets-38 broker=3] Log loaded for partition __consumer_offsets-38 with initial high watermark 0 (kafka.cluster.Partition)
[2026-07-14 06:14:05,718] INFO [LogLoader partition=__consumer_offsets-3, dir=/tmp/kafka-logs] Loading producer state till offset 0 (org.apache.kafka.storage.internals.log.UnifiedLog)
[2026-07-14 06:14:05,718] INFO Created log for partition __consumer_offsets-3 in /tmp/kafka-logs/__consumer_offsets-3 with properties {cleanup.policy=compact, compression.type="producer", segment.bytes=104857600} (kafka.log.LogManager)
[2026-07-14 06:14:05,718] INFO [Partition __consumer_offsets-3 broker=3] No checkpointed highwatermark is found for partition __consumer_offsets-3 (kafka.cluster.Partition)
[2026-07-14 06:14:05,719] INFO [Partition __consumer_offsets-3 broker=3] Log loaded for partition __consumer_offsets-3 with initial high watermark 0 (kafka.cluster.Partition)
[2026-07-14 06:14:05,721] INFO [LogLoader partition=__consumer_offsets-34, dir=/tmp/kafka-logs] Loading producer state till offset 0 (org.apache.kafka.storage.internals.log.UnifiedLog)
[2026-07-14 06:14:05,721] INFO Created log for partition __consumer_offsets-34 in /tmp/kafka-logs/__consumer_offsets-34 with properties {cleanup.policy=compact, compression.type="producer", segment.bytes=104857600} (kafka.log.LogManager)
[2026-07-14 06:14:05,721] INFO [Partition __consumer_offsets-34 broker=3] No checkpointed highwatermark is found for partition __consumer_offsets-34 (kafka.cluster.Partition)
[2026-07-14 06:14:05,721] INFO [Partition __consumer_offsets-34 broker=3] Log loaded for partition __consumer_offsets-34 with initial high watermark 0 (kafka.cluster.Partition)
[2026-07-14 06:14:05,724] INFO [LogLoader partition=__consumer_offsets-47, dir=/tmp/kafka-logs] Loading producer state till offset 0 (org.apache.kafka.storage.internals.log.UnifiedLog)
[2026-07-14 06:14:05,725] INFO Created log for partition __consumer_offsets-47 in /tmp/kafka-logs/__consumer_offsets-47 with properties {cleanup.policy=compact, compression.type="producer", segment.bytes=104857600} (kafka.log.LogManager)
[2026-07-14 06:14:05,725] INFO [Partition __consumer_offsets-47 broker=3] No checkpointed highwatermark is found for partition __consumer_offsets-47 (kafka.cluster.Partition)
[2026-07-14 06:14:05,725] INFO [Partition __consumer_offsets-47 broker=3] Log loaded for partition __consumer_offsets-47 with initial high watermark 0 (kafka.cluster.Partition)
[2026-07-14 06:14:05,728] INFO [NodeToControllerChannelManager id=3 name=heartbeat] Disconnecting from node 2 due to socket connection setup timeout. The timeout value is 11296 ms. (org.apache.kafka.clients.NetworkClient)
[2026-07-14 06:14:05,728] INFO [LogLoader partition=__consumer_offsets-16, dir=/tmp/kafka-logs] Loading producer state till offset 0 (org.apache.kafka.storage.internals.log.UnifiedLog)
[2026-07-14 06:14:05,728] INFO Created log for partition __consumer_offsets-16 in /tmp/kafka-logs/__consumer_offsets-16 with properties {cleanup.policy=compact, compression.type="producer", segment.bytes=104857600} (kafka.log.LogManager)
[2026-07-14 06:14:05,728] INFO [Partition __consumer_offsets-16 broker=3] No checkpointed highwatermark is found for partition __consumer_offsets-16 (kafka.cluster.Partition)
[2026-07-14 06:14:05,728] INFO [Partition __consumer_offsets-16 broker=3] Log loaded for partition __consumer_offsets-16 with initial high watermark 0 (kafka.cluster.Partition)
[2026-07-14 06:14:05,731] INFO [LogLoader partition=__consumer_offsets-45, dir=/tmp/kafka-logs] Loading producer state till offset 0 (org.apache.kafka.storage.internals.log.UnifiedLog)
[2026-07-14 06:14:05,731] INFO Created log for partition __consumer_offsets-45 in /tmp/kafka-logs/__consumer_offsets-45 with properties {cleanup.policy=compact, compression.type="producer", segment.bytes=104857600} (kafka.log.LogManager)
[2026-07-14 06:14:05,732] INFO [Partition __consumer_offsets-45 broker=3] No checkpointed highwatermark is found for partition __consumer_offsets-45 (kafka.cluster.Partition)
[2026-07-14 06:14:05,732] INFO [Partition __consumer_offsets-45 broker=3] Log loaded for partition __consumer_offsets-45 with initial high watermark 0 (kafka.cluster.Partition)
[2026-07-14 06:14:05,735] INFO [LogLoader partition=__consumer_offsets-14, dir=/tmp/kafka-logs] Loading producer state till offset 0 (org.apache.kafka.storage.internals.log.UnifiedLog)
[2026-07-14 06:14:05,735] INFO Created log for partition __consumer_offsets-14 in /tmp/kafka-logs/__consumer_offsets-14 with properties {cleanup.policy=compact, compression.type="producer", segment.bytes=104857600} (kafka.log.LogManager)
[2026-07-14 06:14:05,735] INFO [Partition __consumer_offsets-14 broker=3] No checkpointed highwatermark is found for partition __consumer_offsets-14 (kafka.cluster.Partition)
[2026-07-14 06:14:05,735] INFO [Partition __consumer_offsets-14 broker=3] Log loaded for partition __consumer_offsets-14 with initial high watermark 0 (kafka.cluster.Partition)
[2026-07-14 06:14:05,740] INFO [LogLoader partition=__consumer_offsets-41, dir=/tmp/kafka-logs] Loading producer state till offset 0 (org.apache.kafka.storage.internals.log.UnifiedLog)
[2026-07-14 06:14:05,740] INFO Created log for partition __consumer_offsets-41 in /tmp/kafka-logs/__consumer_offsets-41 with properties {cleanup.policy=compact, compression.type="producer", segment.bytes=104857600} (kafka.log.LogManager)
[2026-07-14 06:14:05,740] INFO [Partition __consumer_offsets-41 broker=3] No checkpointed highwatermark is found for partition __consumer_offsets-41 (kafka.cluster.Partition)
[2026-07-14 06:14:05,740] INFO [Partition __consumer_offsets-41 broker=3] Log loaded for partition __consumer_offsets-41 with initial high watermark 0 (kafka.cluster.Partition)
[2026-07-14 06:14:05,743] INFO [LogLoader partition=__consumer_offsets-10, dir=/tmp/kafka-logs] Loading producer state till offset 0 (org.apache.kafka.storage.internals.log.UnifiedLog)
[2026-07-14 06:14:05,743] INFO Created log for partition __consumer_offsets-10 in /tmp/kafka-logs/__consumer_offsets-10 with properties {cleanup.policy=compact, compression.type="producer", segment.bytes=104857600} (kafka.log.LogManager)
[2026-07-14 06:14:05,743] INFO [Partition __consumer_offsets-10 broker=3] No checkpointed highwatermark is found for partition __consumer_offsets-10 (kafka.cluster.Partition)
[2026-07-14 06:14:05,743] INFO [Partition __consumer_offsets-10 broker=3] Log loaded for partition __consumer_offsets-10 with initial high watermark 0 (kafka.cluster.Partition)
[2026-07-14 06:14:05,746] INFO [LogLoader partition=__consumer_offsets-22, dir=/tmp/kafka-logs] Loading producer state till offset 0 (org.apache.kafka.storage.internals.log.UnifiedLog)
[2026-07-14 06:14:05,746] INFO Created log for partition __consumer_offsets-22 in /tmp/kafka-logs/__consumer_offsets-22 with properties {cleanup.policy=compact, compression.type="producer", segment.bytes=104857600} (kafka.log.LogManager)
[2026-07-14 06:14:05,746] INFO [Partition __consumer_offsets-22 broker=3] No checkpointed highwatermark is found for partition __consumer_offsets-22 (kafka.cluster.Partition)
[2026-07-14 06:14:05,746] INFO [Partition __consumer_offsets-22 broker=3] Log loaded for partition __consumer_offsets-22 with initial high watermark 0 (kafka.cluster.Partition)
[2026-07-14 06:14:05,750] INFO [LogLoader partition=__consumer_offsets-49, dir=/tmp/kafka-logs] Loading producer state till offset 0 (org.apache.kafka.storage.internals.log.UnifiedLog)
[2026-07-14 06:14:05,750] INFO Created log for partition __consumer_offsets-49 in /tmp/kafka-logs/__consumer_offsets-49 with properties {cleanup.policy=compact, compression.type="producer", segment.bytes=104857600} (kafka.log.LogManager)
[2026-07-14 06:14:05,750] INFO [Partition __consumer_offsets-49 broker=3] No checkpointed highwatermark is found for partition __consumer_offsets-49 (kafka.cluster.Partition)
[2026-07-14 06:14:05,750] INFO [Partition __consumer_offsets-49 broker=3] Log loaded for partition __consumer_offsets-49 with initial high watermark 0 (kafka.cluster.Partition)
[2026-07-14 06:14:05,753] INFO [LogLoader partition=__consumer_offsets-0, dir=/tmp/kafka-logs] Loading producer state till offset 0 (org.apache.kafka.storage.internals.log.UnifiedLog)
[2026-07-14 06:14:05,753] INFO Created log for partition __consumer_offsets-0 in /tmp/kafka-logs/__consumer_offsets-0 with properties {cleanup.policy=compact, compression.type="producer", segment.bytes=104857600} (kafka.log.LogManager)
[2026-07-14 06:14:05,753] INFO [Partition __consumer_offsets-0 broker=3] No checkpointed highwatermark is found for partition __consumer_offsets-0 (kafka.cluster.Partition)
[2026-07-14 06:14:05,753] INFO [Partition __consumer_offsets-0 broker=3] Log loaded for partition __consumer_offsets-0 with initial high watermark 0 (kafka.cluster.Partition)
[2026-07-14 06:14:05,756] INFO [LogLoader partition=__consumer_offsets-29, dir=/tmp/kafka-logs] Loading producer state till offset 0 (org.apache.kafka.storage.internals.log.UnifiedLog)
[2026-07-14 06:14:05,756] INFO Created log for partition __consumer_offsets-29 in /tmp/kafka-logs/__consumer_offsets-29 with properties {cleanup.policy=compact, compression.type="producer", segment.bytes=104857600} (kafka.log.LogManager)
[2026-07-14 06:14:05,756] INFO [Partition __consumer_offsets-29 broker=3] No checkpointed highwatermark is found for partition __consumer_offsets-29 (kafka.cluster.Partition)
[2026-07-14 06:14:05,756] INFO [Partition __consumer_offsets-29 broker=3] Log loaded for partition __consumer_offsets-29 with initial high watermark 0 (kafka.cluster.Partition)
[2026-07-14 06:14:05,758] INFO [LogLoader partition=__consumer_offsets-27, dir=/tmp/kafka-logs] Loading producer state till offset 0 (org.apache.kafka.storage.internals.log.UnifiedLog)
[2026-07-14 06:14:05,759] INFO Created log for partition __consumer_offsets-27 in /tmp/kafka-logs/__consumer_offsets-27 with properties {cleanup.policy=compact, compression.type="producer", segment.bytes=104857600} (kafka.log.LogManager)
[2026-07-14 06:14:05,759] INFO [Partition __consumer_offsets-27 broker=3] No checkpointed highwatermark is found for partition __consumer_offsets-27 (kafka.cluster.Partition)
[2026-07-14 06:14:05,759] INFO [Partition __consumer_offsets-27 broker=3] Log loaded for partition __consumer_offsets-27 with initial high watermark 0 (kafka.cluster.Partition)
[2026-07-14 06:14:05,762] INFO [LogLoader partition=__consumer_offsets-25, dir=/tmp/kafka-logs] Loading producer state till offset 0 (org.apache.kafka.storage.internals.log.UnifiedLog)
[2026-07-14 06:14:05,762] INFO Created log for partition __consumer_offsets-25 in /tmp/kafka-logs/__consumer_offsets-25 with properties {cleanup.policy=compact, compression.type="producer", segment.bytes=104857600} (kafka.log.LogManager)
[2026-07-14 06:14:05,762] INFO [Partition __consumer_offsets-25 broker=3] No checkpointed highwatermark is found for partition __consumer_offsets-25 (kafka.cluster.Partition)
[2026-07-14 06:14:05,762] INFO [Partition __consumer_offsets-25 broker=3] Log loaded for partition __consumer_offsets-25 with initial high watermark 0 (kafka.cluster.Partition)
[2026-07-14 06:14:05,766] INFO [LogLoader partition=__consumer_offsets-8, dir=/tmp/kafka-logs] Loading producer state till offset 0 (org.apache.kafka.storage.internals.log.UnifiedLog)
[2026-07-14 06:14:05,766] INFO Created log for partition __consumer_offsets-8 in /tmp/kafka-logs/__consumer_offsets-8 with properties {cleanup.policy=compact, compression.type="producer", segment.bytes=104857600} (kafka.log.LogManager)
[2026-07-14 06:14:05,766] INFO [Partition __consumer_offsets-8 broker=3] No checkpointed highwatermark is found for partition __consumer_offsets-8 (kafka.cluster.Partition)
[2026-07-14 06:14:05,766] INFO [Partition __consumer_offsets-8 broker=3] Log loaded for partition __consumer_offsets-8 with initial high watermark 0 (kafka.cluster.Partition)
[2026-07-14 06:14:05,768] INFO [LogLoader partition=__consumer_offsets-37, dir=/tmp/kafka-logs] Loading producer state till offset 0 (org.apache.kafka.storage.internals.log.UnifiedLog)
[2026-07-14 06:14:05,768] INFO Created log for partition __consumer_offsets-37 in /tmp/kafka-logs/__consumer_offsets-37 with properties {cleanup.policy=compact, compression.type="producer", segment.bytes=104857600} (kafka.log.LogManager)
[2026-07-14 06:14:05,769] INFO [Partition __consumer_offsets-37 broker=3] No checkpointed highwatermark is found for partition __consumer_offsets-37 (kafka.cluster.Partition)
[2026-07-14 06:14:05,769] INFO [Partition __consumer_offsets-37 broker=3] Log loaded for partition __consumer_offsets-37 with initial high watermark 0 (kafka.cluster.Partition)
[2026-07-14 06:14:05,771] INFO [LogLoader partition=__consumer_offsets-6, dir=/tmp/kafka-logs] Loading producer state till offset 0 (org.apache.kafka.storage.internals.log.UnifiedLog)
[2026-07-14 06:14:05,771] INFO Created log for partition __consumer_offsets-6 in /tmp/kafka-logs/__consumer_offsets-6 with properties {cleanup.policy=compact, compression.type="producer", segment.bytes=104857600} (kafka.log.LogManager)
[2026-07-14 06:14:05,771] INFO [Partition __consumer_offsets-6 broker=3] No checkpointed highwatermark is found for partition __consumer_offsets-6 (kafka.cluster.Partition)
[2026-07-14 06:14:05,771] INFO [Partition __consumer_offsets-6 broker=3] Log loaded for partition __consumer_offsets-6 with initial high watermark 0 (kafka.cluster.Partition)
[2026-07-14 06:14:05,776] INFO [LogLoader partition=__consumer_offsets-4, dir=/tmp/kafka-logs] Loading producer state till offset 0 (org.apache.kafka.storage.internals.log.UnifiedLog)
[2026-07-14 06:14:05,777] INFO Created log for partition __consumer_offsets-4 in /tmp/kafka-logs/__consumer_offsets-4 with properties {cleanup.policy=compact, compression.type="producer", segment.bytes=104857600} (kafka.log.LogManager)
[2026-07-14 06:14:05,777] INFO [Partition __consumer_offsets-4 broker=3] No checkpointed highwatermark is found for partition __consumer_offsets-4 (kafka.cluster.Partition)
[2026-07-14 06:14:05,777] INFO [Partition __consumer_offsets-4 broker=3] Log loaded for partition __consumer_offsets-4 with initial high watermark 0 (kafka.cluster.Partition)
[2026-07-14 06:14:05,783] INFO [LogLoader partition=__consumer_offsets-33, dir=/tmp/kafka-logs] Loading producer state till offset 0 (org.apache.kafka.storage.internals.log.UnifiedLog)
[2026-07-14 06:14:05,784] INFO Created log for partition __consumer_offsets-33 in /tmp/kafka-logs/__consumer_offsets-33 with properties {cleanup.policy=compact, compression.type="producer", segment.bytes=104857600} (kafka.log.LogManager)
[2026-07-14 06:14:05,784] INFO [Partition __consumer_offsets-33 broker=3] No checkpointed highwatermark is found for partition __consumer_offsets-33 (kafka.cluster.Partition)
[2026-07-14 06:14:05,784] INFO [Partition __consumer_offsets-33 broker=3] Log loaded for partition __consumer_offsets-33 with initial high watermark 0 (kafka.cluster.Partition)
[2026-07-14 06:14:05,786] INFO [LogLoader partition=__consumer_offsets-15, dir=/tmp/kafka-logs] Loading producer state till offset 0 (org.apache.kafka.storage.internals.log.UnifiedLog)
[2026-07-14 06:14:05,786] INFO Created log for partition __consumer_offsets-15 in /tmp/kafka-logs/__consumer_offsets-15 with properties {cleanup.policy=compact, compression.type="producer", segment.bytes=104857600} (kafka.log.LogManager)
[2026-07-14 06:14:05,786] INFO [Partition __consumer_offsets-15 broker=3] No checkpointed highwatermark is found for partition __consumer_offsets-15 (kafka.cluster.Partition)
[2026-07-14 06:14:05,786] INFO [Partition __consumer_offsets-15 broker=3] Log loaded for partition __consumer_offsets-15 with initial high watermark 0 (kafka.cluster.Partition)
[2026-07-14 06:14:05,787] INFO [LogLoader partition=__consumer_offsets-48, dir=/tmp/kafka-logs] Loading producer state till offset 0 (org.apache.kafka.storage.internals.log.UnifiedLog)
[2026-07-14 06:14:05,788] INFO Created log for partition __consumer_offsets-48 in /tmp/kafka-logs/__consumer_offsets-48 with properties {cleanup.policy=compact, compression.type="producer", segment.bytes=104857600} (kafka.log.LogManager)
[2026-07-14 06:14:05,788] INFO [Partition __consumer_offsets-48 broker=3] No checkpointed highwatermark is found for partition __consumer_offsets-48 (kafka.cluster.Partition)
[2026-07-14 06:14:05,788] INFO [Partition __consumer_offsets-48 broker=3] Log loaded for partition __consumer_offsets-48 with initial high watermark 0 (kafka.cluster.Partition)
[2026-07-14 06:14:05,790] INFO [LogLoader partition=__consumer_offsets-46, dir=/tmp/kafka-logs] Loading producer state till offset 0 (org.apache.kafka.storage.internals.log.UnifiedLog)
[2026-07-14 06:14:05,790] INFO Created log for partition __consumer_offsets-46 in /tmp/kafka-logs/__consumer_offsets-46 with properties {cleanup.policy=compact, compression.type="producer", segment.bytes=104857600} (kafka.log.LogManager)
[2026-07-14 06:14:05,790] INFO [Partition __consumer_offsets-46 broker=3] No checkpointed highwatermark is found for partition __consumer_offsets-46 (kafka.cluster.Partition)
[2026-07-14 06:14:05,790] INFO [Partition __consumer_offsets-46 broker=3] Log loaded for partition __consumer_offsets-46 with initial high watermark 0 (kafka.cluster.Partition)
[2026-07-14 06:14:05,792] INFO [LogLoader partition=__consumer_offsets-11, dir=/tmp/kafka-logs] Loading producer state till offset 0 (org.apache.kafka.storage.internals.log.UnifiedLog)
[2026-07-14 06:14:05,792] INFO Created log for partition __consumer_offsets-11 in /tmp/kafka-logs/__consumer_offsets-11 with properties {cleanup.policy=compact, compression.type="producer", segment.bytes=104857600} (kafka.log.LogManager)
[2026-07-14 06:14:05,792] INFO [Partition __consumer_offsets-11 broker=3] No checkpointed highwatermark is found for partition __consumer_offsets-11 (kafka.cluster.Partition)
[2026-07-14 06:14:05,792] INFO [Partition __consumer_offsets-11 broker=3] Log loaded for partition __consumer_offsets-11 with initial high watermark 0 (kafka.cluster.Partition)
[2026-07-14 06:14:05,793] INFO [LogLoader partition=__consumer_offsets-44, dir=/tmp/kafka-logs] Loading producer state till offset 0 (org.apache.kafka.storage.internals.log.UnifiedLog)
[2026-07-14 06:14:05,794] INFO Created log for partition __consumer_offsets-44 in /tmp/kafka-logs/__consumer_offsets-44 with properties {cleanup.policy=compact, compression.type="producer", segment.bytes=104857600} (kafka.log.LogManager)
[2026-07-14 06:14:05,794] INFO [Partition __consumer_offsets-44 broker=3] No checkpointed highwatermark is found for partition __consumer_offsets-44 (kafka.cluster.Partition)
[2026-07-14 06:14:05,794] INFO [Partition __consumer_offsets-44 broker=3] Log loaded for partition __consumer_offsets-44 with initial high watermark 0 (kafka.cluster.Partition)
[2026-07-14 06:14:05,795] INFO [LogLoader partition=__consumer_offsets-9, dir=/tmp/kafka-logs] Loading producer state till offset 0 (org.apache.kafka.storage.internals.log.UnifiedLog)
[2026-07-14 06:14:05,796] INFO Created log for partition __consumer_offsets-9 in /tmp/kafka-logs/__consumer_offsets-9 with properties {cleanup.policy=compact, compression.type="producer", segment.bytes=104857600} (kafka.log.LogManager)
[2026-07-14 06:14:05,796] INFO [Partition __consumer_offsets-9 broker=3] No checkpointed highwatermark is found for partition __consumer_offsets-9 (kafka.cluster.Partition)
[2026-07-14 06:14:05,796] INFO [Partition __consumer_offsets-9 broker=3] Log loaded for partition __consumer_offsets-9 with initial high watermark 0 (kafka.cluster.Partition)
[2026-07-14 06:14:05,797] INFO [LogLoader partition=__consumer_offsets-23, dir=/tmp/kafka-logs] Loading producer state till offset 0 (org.apache.kafka.storage.internals.log.UnifiedLog)
[2026-07-14 06:14:05,798] INFO Created log for partition __consumer_offsets-23 in /tmp/kafka-logs/__consumer_offsets-23 with properties {cleanup.policy=compact, compression.type="producer", segment.bytes=104857600} (kafka.log.LogManager)
[2026-07-14 06:14:05,798] INFO [Partition __consumer_offsets-23 broker=3] No checkpointed highwatermark is found for partition __consumer_offsets-23 (kafka.cluster.Partition)
[2026-07-14 06:14:05,798] INFO [Partition __consumer_offsets-23 broker=3] Log loaded for partition __consumer_offsets-23 with initial high watermark 0 (kafka.cluster.Partition)
[2026-07-14 06:14:05,799] INFO [LogLoader partition=__consumer_offsets-17, dir=/tmp/kafka-logs] Loading producer state till offset 0 (org.apache.kafka.storage.internals.log.UnifiedLog)
[2026-07-14 06:14:05,799] INFO Created log for partition __consumer_offsets-17 in /tmp/kafka-logs/__consumer_offsets-17 with properties {cleanup.policy=compact, compression.type="producer", segment.bytes=104857600} (kafka.log.LogManager)
[2026-07-14 06:14:05,799] INFO [Partition __consumer_offsets-17 broker=3] No checkpointed highwatermark is found for partition __consumer_offsets-17 (kafka.cluster.Partition)
[2026-07-14 06:14:05,799] INFO [Partition __consumer_offsets-17 broker=3] Log loaded for partition __consumer_offsets-17 with initial high watermark 0 (kafka.cluster.Partition)
[2026-07-14 06:14:05,800] INFO [LogLoader partition=__consumer_offsets-32, dir=/tmp/kafka-logs] Loading producer state till offset 0 (org.apache.kafka.storage.internals.log.UnifiedLog)
[2026-07-14 06:14:05,801] INFO Created log for partition __consumer_offsets-32 in /tmp/kafka-logs/__consumer_offsets-32 with properties {cleanup.policy=compact, compression.type="producer", segment.bytes=104857600} (kafka.log.LogManager)
[2026-07-14 06:14:05,801] INFO [Partition __consumer_offsets-32 broker=3] No checkpointed highwatermark is found for partition __consumer_offsets-32 (kafka.cluster.Partition)
[2026-07-14 06:14:05,801] INFO [Partition __consumer_offsets-32 broker=3] Log loaded for partition __consumer_offsets-32 with initial high watermark 0 (kafka.cluster.Partition)
[2026-07-14 06:14:05,802] INFO [LogLoader partition=__consumer_offsets-28, dir=/tmp/kafka-logs] Loading producer state till offset 0 (org.apache.kafka.storage.internals.log.UnifiedLog)
[2026-07-14 06:14:05,802] INFO Created log for partition __consumer_offsets-28 in /tmp/kafka-logs/__consumer_offsets-28 with properties {cleanup.policy=compact, compression.type="producer", segment.bytes=104857600} (kafka.log.LogManager)
[2026-07-14 06:14:05,802] INFO [Partition __consumer_offsets-28 broker=3] No checkpointed highwatermark is found for partition __consumer_offsets-28 (kafka.cluster.Partition)
[2026-07-14 06:14:05,802] INFO [Partition __consumer_offsets-28 broker=3] Log loaded for partition __consumer_offsets-28 with initial high watermark 0 (kafka.cluster.Partition)
[2026-07-14 06:14:05,803] INFO [LogLoader partition=__consumer_offsets-26, dir=/tmp/kafka-logs] Loading producer state till offset 0 (org.apache.kafka.storage.internals.log.UnifiedLog)
[2026-07-14 06:14:05,803] INFO Created log for partition __consumer_offsets-26 in /tmp/kafka-logs/__consumer_offsets-26 with properties {cleanup.policy=compact, compression.type="producer", segment.bytes=104857600} (kafka.log.LogManager)
[2026-07-14 06:14:05,803] INFO [Partition __consumer_offsets-26 broker=3] No checkpointed highwatermark is found for partition __consumer_offsets-26 (kafka.cluster.Partition)
[2026-07-14 06:14:05,804] INFO [Partition __consumer_offsets-26 broker=3] Log loaded for partition __consumer_offsets-26 with initial high watermark 0 (kafka.cluster.Partition)
[2026-07-14 06:14:05,805] INFO [LogLoader partition=__consumer_offsets-7, dir=/tmp/kafka-logs] Loading producer state till offset 0 (org.apache.kafka.storage.internals.log.UnifiedLog)
[2026-07-14 06:14:05,805] INFO Created log for partition __consumer_offsets-7 in /tmp/kafka-logs/__consumer_offsets-7 with properties {cleanup.policy=compact, compression.type="producer", segment.bytes=104857600} (kafka.log.LogManager)
[2026-07-14 06:14:05,805] INFO [Partition __consumer_offsets-7 broker=3] No checkpointed highwatermark is found for partition __consumer_offsets-7 (kafka.cluster.Partition)
[2026-07-14 06:14:05,805] INFO [Partition __consumer_offsets-7 broker=3] Log loaded for partition __consumer_offsets-7 with initial high watermark 0 (kafka.cluster.Partition)
[2026-07-14 06:14:05,806] INFO [LogLoader partition=__consumer_offsets-40, dir=/tmp/kafka-logs] Loading producer state till offset 0 (org.apache.kafka.storage.internals.log.UnifiedLog)
[2026-07-14 06:14:05,806] INFO Created log for partition __consumer_offsets-40 in /tmp/kafka-logs/__consumer_offsets-40 with properties {cleanup.policy=compact, compression.type="producer", segment.bytes=104857600} (kafka.log.LogManager)
[2026-07-14 06:14:05,806] INFO [Partition __consumer_offsets-40 broker=3] No checkpointed highwatermark is found for partition __consumer_offsets-40 (kafka.cluster.Partition)
[2026-07-14 06:14:05,807] INFO [Partition __consumer_offsets-40 broker=3] Log loaded for partition __consumer_offsets-40 with initial high watermark 0 (kafka.cluster.Partition)
[2026-07-14 06:14:05,808] INFO [LogLoader partition=__consumer_offsets-5, dir=/tmp/kafka-logs] Loading producer state till offset 0 (org.apache.kafka.storage.internals.log.UnifiedLog)
[2026-07-14 06:14:05,808] INFO Created log for partition __consumer_offsets-5 in /tmp/kafka-logs/__consumer_offsets-5 with properties {cleanup.policy=compact, compression.type="producer", segment.bytes=104857600} (kafka.log.LogManager)
[2026-07-14 06:14:05,809] INFO [Partition __consumer_offsets-5 broker=3] No checkpointed highwatermark is found for partition __consumer_offsets-5 (kafka.cluster.Partition)
[2026-07-14 06:14:05,809] INFO [Partition __consumer_offsets-5 broker=3] Log loaded for partition __consumer_offsets-5 with initial high watermark 0 (kafka.cluster.Partition)
[2026-07-14 06:14:05,810] INFO [LogLoader partition=__consumer_offsets-36, dir=/tmp/kafka-logs] Loading producer state till offset 0 (org.apache.kafka.storage.internals.log.UnifiedLog)
[2026-07-14 06:14:05,810] INFO Created log for partition __consumer_offsets-36 in /tmp/kafka-logs/__consumer_offsets-36 with properties {cleanup.policy=compact, compression.type="producer", segment.bytes=104857600} (kafka.log.LogManager)
[2026-07-14 06:14:05,811] INFO [Partition __consumer_offsets-36 broker=3] No checkpointed highwatermark is found for partition __consumer_offsets-36 (kafka.cluster.Partition)
[2026-07-14 06:14:05,811] INFO [Partition __consumer_offsets-36 broker=3] Log loaded for partition __consumer_offsets-36 with initial high watermark 0 (kafka.cluster.Partition)
[2026-07-14 06:14:05,812] INFO [LogLoader partition=__consumer_offsets-1, dir=/tmp/kafka-logs] Loading producer state till offset 0 (org.apache.kafka.storage.internals.log.UnifiedLog)
[2026-07-14 06:14:05,812] INFO Created log for partition __consumer_offsets-1 in /tmp/kafka-logs/__consumer_offsets-1 with properties {cleanup.policy=compact, compression.type="producer", segment.bytes=104857600} (kafka.log.LogManager)
[2026-07-14 06:14:05,812] INFO [Partition __consumer_offsets-1 broker=3] No checkpointed highwatermark is found for partition __consumer_offsets-1 (kafka.cluster.Partition)
[2026-07-14 06:14:05,812] INFO [Partition __consumer_offsets-1 broker=3] Log loaded for partition __consumer_offsets-1 with initial high watermark 0 (kafka.cluster.Partition)
[2026-07-14 06:14:05,815] INFO [LogLoader partition=__consumer_offsets-43, dir=/tmp/kafka-logs] Loading producer state till offset 0 (org.apache.kafka.storage.internals.log.UnifiedLog)
[2026-07-14 06:14:05,816] INFO Created log for partition __consumer_offsets-43 in /tmp/kafka-logs/__consumer_offsets-43 with properties {cleanup.policy=compact, compression.type="producer", segment.bytes=104857600} (kafka.log.LogManager)
[2026-07-14 06:14:05,816] INFO [Partition __consumer_offsets-43 broker=3] No checkpointed highwatermark is found for partition __consumer_offsets-43 (kafka.cluster.Partition)
[2026-07-14 06:14:05,816] INFO [Partition __consumer_offsets-43 broker=3] Log loaded for partition __consumer_offsets-43 with initial high watermark 0 (kafka.cluster.Partition)
[2026-07-14 06:14:05,817] INFO [LogLoader partition=__consumer_offsets-12, dir=/tmp/kafka-logs] Loading producer state till offset 0 (org.apache.kafka.storage.internals.log.UnifiedLog)
[2026-07-14 06:14:05,817] INFO Created log for partition __consumer_offsets-12 in /tmp/kafka-logs/__consumer_offsets-12 with properties {cleanup.policy=compact, compression.type="producer", segment.bytes=104857600} (kafka.log.LogManager)
[2026-07-14 06:14:05,817] INFO [Partition __consumer_offsets-12 broker=3] No checkpointed highwatermark is found for partition __consumer_offsets-12 (kafka.cluster.Partition)
[2026-07-14 06:14:05,817] INFO [Partition __consumer_offsets-12 broker=3] Log loaded for partition __consumer_offsets-12 with initial high watermark 0 (kafka.cluster.Partition)
[2026-07-14 06:14:05,818] INFO [LogLoader partition=__consumer_offsets-24, dir=/tmp/kafka-logs] Loading producer state till offset 0 (org.apache.kafka.storage.internals.log.UnifiedLog)
[2026-07-14 06:14:05,818] INFO Created log for partition __consumer_offsets-24 in /tmp/kafka-logs/__consumer_offsets-24 with properties {cleanup.policy=compact, compression.type="producer", segment.bytes=104857600} (kafka.log.LogManager)
[2026-07-14 06:14:05,819] INFO [Partition __consumer_offsets-24 broker=3] No checkpointed highwatermark is found for partition __consumer_offsets-24 (kafka.cluster.Partition)
[2026-07-14 06:14:05,819] INFO [Partition __consumer_offsets-24 broker=3] Log loaded for partition __consumer_offsets-24 with initial high watermark 0 (kafka.cluster.Partition)
[2026-07-14 06:14:05,820] INFO [LogLoader partition=__consumer_offsets-20, dir=/tmp/kafka-logs] Loading producer state till offset 0 (org.apache.kafka.storage.internals.log.UnifiedLog)
[2026-07-14 06:14:05,820] INFO Created log for partition __consumer_offsets-20 in /tmp/kafka-logs/__consumer_offsets-20 with properties {cleanup.policy=compact, compression.type="producer", segment.bytes=104857600} (kafka.log.LogManager)
[2026-07-14 06:14:05,820] INFO [Partition __consumer_offsets-20 broker=3] No checkpointed highwatermark is found for partition __consumer_offsets-20 (kafka.cluster.Partition)
[2026-07-14 06:14:05,820] INFO [Partition __consumer_offsets-20 broker=3] Log loaded for partition __consumer_offsets-20 with initial high watermark 0 (kafka.cluster.Partition)
[2026-07-14 06:14:05,821] INFO [LogLoader partition=__consumer_offsets-18, dir=/tmp/kafka-logs] Loading producer state till offset 0 (org.apache.kafka.storage.internals.log.UnifiedLog)
[2026-07-14 06:14:05,822] INFO Created log for partition __consumer_offsets-18 in /tmp/kafka-logs/__consumer_offsets-18 with properties {cleanup.policy=compact, compression.type="producer", segment.bytes=104857600} (kafka.log.LogManager)
[2026-07-14 06:14:05,822] INFO [Partition __consumer_offsets-18 broker=3] No checkpointed highwatermark is found for partition __consumer_offsets-18 (kafka.cluster.Partition)
[2026-07-14 06:14:05,822] INFO [Partition __consumer_offsets-18 broker=3] Log loaded for partition __consumer_offsets-18 with initial high watermark 0 (kafka.cluster.Partition)
[2026-07-14 06:14:05,825] INFO [LogLoader partition=__consumer_offsets-31, dir=/tmp/kafka-logs] Loading producer state till offset 0 (org.apache.kafka.storage.internals.log.UnifiedLog)
[2026-07-14 06:14:05,825] INFO Created log for partition __consumer_offsets-31 in /tmp/kafka-logs/__consumer_offsets-31 with properties {cleanup.policy=compact, compression.type="producer", segment.bytes=104857600} (kafka.log.LogManager)
[2026-07-14 06:14:05,826] INFO [Partition __consumer_offsets-31 broker=3] No checkpointed highwatermark is found for partition __consumer_offsets-31 (kafka.cluster.Partition)
[2026-07-14 06:14:05,826] INFO [Partition __consumer_offsets-31 broker=3] Log loaded for partition __consumer_offsets-31 with initial high watermark 0 (kafka.cluster.Partition)
[2026-07-14 06:14:05,827] INFO [LogLoader partition=__consumer_offsets-39, dir=/tmp/kafka-logs] Loading producer state till offset 0 (org.apache.kafka.storage.internals.log.UnifiedLog)
[2026-07-14 06:14:05,827] INFO Created log for partition __consumer_offsets-39 in /tmp/kafka-logs/__consumer_offsets-39 with properties {cleanup.policy=compact, compression.type="producer", segment.bytes=104857600} (kafka.log.LogManager)
[2026-07-14 06:14:05,827] INFO [Partition __consumer_offsets-39 broker=3] No checkpointed highwatermark is found for partition __consumer_offsets-39 (kafka.cluster.Partition)
[2026-07-14 06:14:05,827] INFO [Partition __consumer_offsets-39 broker=3] Log loaded for partition __consumer_offsets-39 with initial high watermark 0 (kafka.cluster.Partition)
[2026-07-14 06:14:05,832] INFO [LogLoader partition=__consumer_offsets-35, dir=/tmp/kafka-logs] Loading producer state till offset 0 (org.apache.kafka.storage.internals.log.UnifiedLog)
[2026-07-14 06:14:05,835] INFO Created log for partition __consumer_offsets-35 in /tmp/kafka-logs/__consumer_offsets-35 with properties {cleanup.policy=compact, compression.type="producer", segment.bytes=104857600} (kafka.log.LogManager)
[2026-07-14 06:14:05,835] INFO [Partition __consumer_offsets-35 broker=3] No checkpointed highwatermark is found for partition __consumer_offsets-35 (kafka.cluster.Partition)
[2026-07-14 06:14:05,835] INFO [Partition __consumer_offsets-35 broker=3] Log loaded for partition __consumer_offsets-35 with initial high watermark 0 (kafka.cluster.Partition)
[2026-07-14 06:14:05,836] INFO [LogLoader partition=__consumer_offsets-2, dir=/tmp/kafka-logs] Loading producer state till offset 0 (org.apache.kafka.storage.internals.log.UnifiedLog)
[2026-07-14 06:14:05,838] INFO Created log for partition __consumer_offsets-2 in /tmp/kafka-logs/__consumer_offsets-2 with properties {cleanup.policy=compact, compression.type="producer", segment.bytes=104857600} (kafka.log.LogManager)
[2026-07-14 06:14:05,838] INFO [Partition __consumer_offsets-2 broker=3] No checkpointed highwatermark is found for partition __consumer_offsets-2 (kafka.cluster.Partition)
[2026-07-14 06:14:05,839] INFO [Partition __consumer_offsets-2 broker=3] Log loaded for partition __consumer_offsets-2 with initial high watermark 0 (kafka.cluster.Partition)
[2026-07-14 06:14:05,839] INFO [ReplicaFetcherManager on broker 3] Removed fetcher for partitions Set(__consumer_offsets-15, __consumer_offsets-48, __consumer_offsets-46, __consumer_offsets-11, __consumer_offsets-44, __consumer_offsets-9, __consumer_offsets-23, __consumer_offsets-17, __consumer_offsets-32, __consumer_offsets-28, __consumer_offsets-26, __consumer_offsets-7, __consumer_offsets-40, __consumer_offsets-5, __consumer_offsets-36, __consumer_offsets-1, __consumer_offsets-43, __consumer_offsets-12, __consumer_offsets-24, __consumer_offsets-20, __consumer_offsets-18, __consumer_offsets-31, __consumer_offsets-39, __consumer_offsets-35, __consumer_offsets-2) (kafka.server.ReplicaFetcherManager)
[2026-07-14 06:14:05,839] INFO [ReplicaFetcherManager on broker 3] Added fetcher to broker 1 for partitions HashMap(__consumer_offsets-15 -> InitialFetchState(Some(sx_2TkwFSSyhlnMMlQD7kw),BrokerEndPoint(id=1, host=base002-kafka-57160-1:19092),0,0), __consumer_offsets-48 -> InitialFetchState(Some(sx_2TkwFSSyhlnMMlQD7kw),BrokerEndPoint(id=1, host=base002-kafka-57160-1:19092),0,0), __consumer_offsets-46 -> InitialFetchState(Some(sx_2TkwFSSyhlnMMlQD7kw),BrokerEndPoint(id=1, host=base002-kafka-57160-1:19092),0,0), __consumer_offsets-11 -> InitialFetchState(Some(sx_2TkwFSSyhlnMMlQD7kw),BrokerEndPoint(id=1, host=base002-kafka-57160-1:19092),0,0), __consumer_offsets-44 -> InitialFetchState(Some(sx_2TkwFSSyhlnMMlQD7kw),BrokerEndPoint(id=1, host=base002-kafka-57160-1:19092),0,0), __consumer_offsets-9 -> InitialFetchState(Some(sx_2TkwFSSyhlnMMlQD7kw),BrokerEndPoint(id=1, host=base002-kafka-57160-1:19092),0,0), __consumer_offsets-23 -> InitialFetchState(Some(sx_2TkwFSSyhlnMMlQD7kw),BrokerEndPoint(id=1, host=base002-kafka-57160-1:19092),0,0), __consumer_offsets-17 -> InitialFetchState(Some(sx_2TkwFSSyhlnMMlQD7kw),BrokerEndPoint(id=1, host=base002-kafka-57160-1:19092),0,0), __consumer_offsets-32 -> InitialFetchState(Some(sx_2TkwFSSyhlnMMlQD7kw),BrokerEndPoint(id=1, host=base002-kafka-57160-1:19092),0,0), __consumer_offsets-28 -> InitialFetchState(Some(sx_2TkwFSSyhlnMMlQD7kw),BrokerEndPoint(id=1, host=base002-kafka-57160-1:19092),0,0), __consumer_offsets-26 -> InitialFetchState(Some(sx_2TkwFSSyhlnMMlQD7kw),BrokerEndPoint(id=1, host=base002-kafka-57160-1:19092),0,0), __consumer_offsets-7 -> InitialFetchState(Some(sx_2TkwFSSyhlnMMlQD7kw),BrokerEndPoint(id=1, host=base002-kafka-57160-1:19092),0,0), __consumer_offsets-40 -> InitialFetchState(Some(sx_2TkwFSSyhlnMMlQD7kw),BrokerEndPoint(id=1, host=base002-kafka-57160-1:19092),0,0), __consumer_offsets-5 -> InitialFetchState(Some(sx_2TkwFSSyhlnMMlQD7kw),BrokerEndPoint(id=1, host=base002-kafka-57160-1:19092),0,0), __consumer_offsets-36 -> InitialFetchState(Some(sx_2TkwFSSyhlnMMlQD7kw),BrokerEndPoint(id=1, host=base002-kafka-57160-1:19092),0,0), __consumer_offsets-1 -> InitialFetchState(Some(sx_2TkwFSSyhlnMMlQD7kw),BrokerEndPoint(id=1, host=base002-kafka-57160-1:19092),0,0), __consumer_offsets-43 -> InitialFetchState(Some(sx_2TkwFSSyhlnMMlQD7kw),BrokerEndPoint(id=1, host=base002-kafka-57160-1:19092),0,0), __consumer_offsets-12 -> InitialFetchState(Some(sx_2TkwFSSyhlnMMlQD7kw),BrokerEndPoint(id=1, host=base002-kafka-57160-1:19092),0,0), __consumer_offsets-24 -> InitialFetchState(Some(sx_2TkwFSSyhlnMMlQD7kw),BrokerEndPoint(id=1, host=base002-kafka-57160-1:19092),0,0), __consumer_offsets-20 -> InitialFetchState(Some(sx_2TkwFSSyhlnMMlQD7kw),BrokerEndPoint(id=1, host=base002-kafka-57160-1:19092),0,0), __consumer_offsets-18 -> InitialFetchState(Some(sx_2TkwFSSyhlnMMlQD7kw),BrokerEndPoint(id=1, host=base002-kafka-57160-1:19092),0,0), __consumer_offsets-31 -> InitialFetchState(Some(sx_2TkwFSSyhlnMMlQD7kw),BrokerEndPoint(id=1, host=base002-kafka-57160-1:19092),0,0), __consumer_offsets-39 -> InitialFetchState(Some(sx_2TkwFSSyhlnMMlQD7kw),BrokerEndPoint(id=1, host=base002-kafka-57160-1:19092),0,0), __consumer_offsets-35 -> InitialFetchState(Some(sx_2TkwFSSyhlnMMlQD7kw),BrokerEndPoint(id=1, host=base002-kafka-57160-1:19092),0,0), __consumer_offsets-2 -> InitialFetchState(Some(sx_2TkwFSSyhlnMMlQD7kw),BrokerEndPoint(id=1, host=base002-kafka-57160-1:19092),0,0)) (kafka.server.ReplicaFetcherManager)
[2026-07-14 06:14:05,842] INFO [GroupCoordinator id=3] Scheduling loading of metadata from __consumer_offsets-13 with epoch 0 (org.apache.kafka.coordinator.common.runtime.CoordinatorRuntime)
[2026-07-14 06:14:05,845] INFO [GroupCoordinator id=3] Scheduling loading of metadata from __consumer_offsets-42 with epoch 0 (org.apache.kafka.coordinator.common.runtime.CoordinatorRuntime)
[2026-07-14 06:14:05,845] INFO [GroupCoordinator id=3] Scheduling loading of metadata from __consumer_offsets-21 with epoch 0 (org.apache.kafka.coordinator.common.runtime.CoordinatorRuntime)
[2026-07-14 06:14:05,845] INFO [GroupCoordinator id=3] Scheduling loading of metadata from __consumer_offsets-19 with epoch 0 (org.apache.kafka.coordinator.common.runtime.CoordinatorRuntime)
[2026-07-14 06:14:05,845] INFO [GroupCoordinator id=3] Scheduling loading of metadata from __consumer_offsets-30 with epoch 0 (org.apache.kafka.coordinator.common.runtime.CoordinatorRuntime)
[2026-07-14 06:14:05,845] INFO [GroupCoordinator id=3] Scheduling loading of metadata from __consumer_offsets-38 with epoch 0 (org.apache.kafka.coordinator.common.runtime.CoordinatorRuntime)
[2026-07-14 06:14:05,845] INFO [GroupCoordinator id=3] Scheduling loading of metadata from __consumer_offsets-3 with epoch 0 (org.apache.kafka.coordinator.common.runtime.CoordinatorRuntime)
[2026-07-14 06:14:05,845] INFO [GroupCoordinator id=3] Scheduling loading of metadata from __consumer_offsets-34 with epoch 0 (org.apache.kafka.coordinator.common.runtime.CoordinatorRuntime)
[2026-07-14 06:14:05,845] INFO [GroupCoordinator id=3] Scheduling loading of metadata from __consumer_offsets-47 with epoch 0 (org.apache.kafka.coordinator.common.runtime.CoordinatorRuntime)
[2026-07-14 06:14:05,845] INFO [GroupCoordinator id=3] Scheduling loading of metadata from __consumer_offsets-16 with epoch 0 (org.apache.kafka.coordinator.common.runtime.CoordinatorRuntime)
[2026-07-14 06:14:05,845] INFO [GroupCoordinator id=3] Scheduling loading of metadata from __consumer_offsets-45 with epoch 0 (org.apache.kafka.coordinator.common.runtime.CoordinatorRuntime)
[2026-07-14 06:14:05,845] INFO [GroupCoordinator id=3] Scheduling loading of metadata from __consumer_offsets-14 with epoch 0 (org.apache.kafka.coordinator.common.runtime.CoordinatorRuntime)
[2026-07-14 06:14:05,845] INFO [GroupCoordinator id=3] Scheduling loading of metadata from __consumer_offsets-41 with epoch 0 (org.apache.kafka.coordinator.common.runtime.CoordinatorRuntime)
[2026-07-14 06:14:05,846] INFO [GroupCoordinator id=3] Scheduling loading of metadata from __consumer_offsets-10 with epoch 0 (org.apache.kafka.coordinator.common.runtime.CoordinatorRuntime)
[2026-07-14 06:14:05,846] INFO [GroupCoordinator id=3] Scheduling loading of metadata from __consumer_offsets-22 with epoch 0 (org.apache.kafka.coordinator.common.runtime.CoordinatorRuntime)
[2026-07-14 06:14:05,846] INFO [GroupCoordinator id=3] Scheduling loading of metadata from __consumer_offsets-49 with epoch 0 (org.apache.kafka.coordinator.common.runtime.CoordinatorRuntime)
[2026-07-14 06:14:05,846] INFO [GroupCoordinator id=3] Scheduling loading of metadata from __consumer_offsets-0 with epoch 0 (org.apache.kafka.coordinator.common.runtime.CoordinatorRuntime)
[2026-07-14 06:14:05,846] INFO [GroupCoordinator id=3] Scheduling loading of metadata from __consumer_offsets-29 with epoch 0 (org.apache.kafka.coordinator.common.runtime.CoordinatorRuntime)
[2026-07-14 06:14:05,846] INFO [GroupCoordinator id=3] Scheduling loading of metadata from __consumer_offsets-27 with epoch 0 (org.apache.kafka.coordinator.common.runtime.CoordinatorRuntime)
[2026-07-14 06:14:05,846] INFO [GroupCoordinator id=3] Scheduling loading of metadata from __consumer_offsets-25 with epoch 0 (org.apache.kafka.coordinator.common.runtime.CoordinatorRuntime)
[2026-07-14 06:14:05,846] INFO [GroupCoordinator id=3] Scheduling loading of metadata from __consumer_offsets-8 with epoch 0 (org.apache.kafka.coordinator.common.runtime.CoordinatorRuntime)
[2026-07-14 06:14:05,846] INFO [GroupCoordinator id=3] Scheduling loading of metadata from __consumer_offsets-37 with epoch 0 (org.apache.kafka.coordinator.common.runtime.CoordinatorRuntime)
[2026-07-14 06:14:05,846] INFO [GroupCoordinator id=3] Scheduling loading of metadata from __consumer_offsets-6 with epoch 0 (org.apache.kafka.coordinator.common.runtime.CoordinatorRuntime)
[2026-07-14 06:14:05,846] INFO [GroupCoordinator id=3] Scheduling loading of metadata from __consumer_offsets-4 with epoch 0 (org.apache.kafka.coordinator.common.runtime.CoordinatorRuntime)
[2026-07-14 06:14:05,846] INFO [GroupCoordinator id=3] Scheduling loading of metadata from __consumer_offsets-33 with epoch 0 (org.apache.kafka.coordinator.common.runtime.CoordinatorRuntime)
[2026-07-14 06:14:05,846] INFO [GroupCoordinator id=3] Scheduling unloading of metadata for __consumer_offsets-15 with epoch OptionalInt[0] (org.apache.kafka.coordinator.common.runtime.CoordinatorRuntime)
[2026-07-14 06:14:05,846] INFO [GroupCoordinator id=3] Scheduling unloading of metadata for __consumer_offsets-48 with epoch OptionalInt[0] (org.apache.kafka.coordinator.common.runtime.CoordinatorRuntime)
[2026-07-14 06:14:05,847] INFO [GroupCoordinator id=3] Scheduling unloading of metadata for __consumer_offsets-46 with epoch OptionalInt[0] (org.apache.kafka.coordinator.common.runtime.CoordinatorRuntime)
[2026-07-14 06:14:05,847] INFO [GroupCoordinator id=3] Scheduling unloading of metadata for __consumer_offsets-11 with epoch OptionalInt[0] (org.apache.kafka.coordinator.common.runtime.CoordinatorRuntime)
[2026-07-14 06:14:05,847] INFO [GroupCoordinator id=3] Scheduling unloading of metadata for __consumer_offsets-44 with epoch OptionalInt[0] (org.apache.kafka.coordinator.common.runtime.CoordinatorRuntime)
[2026-07-14 06:14:05,847] INFO [GroupCoordinator id=3] Scheduling unloading of metadata for __consumer_offsets-9 with epoch OptionalInt[0] (org.apache.kafka.coordinator.common.runtime.CoordinatorRuntime)
[2026-07-14 06:14:05,847] INFO [GroupCoordinator id=3] Scheduling unloading of metadata for __consumer_offsets-23 with epoch OptionalInt[0] (org.apache.kafka.coordinator.common.runtime.CoordinatorRuntime)
[2026-07-14 06:14:05,847] INFO [GroupCoordinator id=3] Scheduling unloading of metadata for __consumer_offsets-17 with epoch OptionalInt[0] (org.apache.kafka.coordinator.common.runtime.CoordinatorRuntime)
[2026-07-14 06:14:05,847] INFO [GroupCoordinator id=3] Scheduling unloading of metadata for __consumer_offsets-32 with epoch OptionalInt[0] (org.apache.kafka.coordinator.common.runtime.CoordinatorRuntime)
[2026-07-14 06:14:05,847] INFO [GroupCoordinator id=3] Scheduling unloading of metadata for __consumer_offsets-28 with epoch OptionalInt[0] (org.apache.kafka.coordinator.common.runtime.CoordinatorRuntime)
[2026-07-14 06:14:05,847] INFO [GroupCoordinator id=3] Scheduling unloading of metadata for __consumer_offsets-26 with epoch OptionalInt[0] (org.apache.kafka.coordinator.common.runtime.CoordinatorRuntime)
[2026-07-14 06:14:05,847] INFO [GroupCoordinator id=3] Scheduling unloading of metadata for __consumer_offsets-7 with epoch OptionalInt[0] (org.apache.kafka.coordinator.common.runtime.CoordinatorRuntime)
[2026-07-14 06:14:05,847] INFO [GroupCoordinator id=3] Scheduling unloading of metadata for __consumer_offsets-40 with epoch OptionalInt[0] (org.apache.kafka.coordinator.common.runtime.CoordinatorRuntime)
[2026-07-14 06:14:05,847] INFO [GroupCoordinator id=3] Scheduling unloading of metadata for __consumer_offsets-5 with epoch OptionalInt[0] (org.apache.kafka.coordinator.common.runtime.CoordinatorRuntime)
[2026-07-14 06:14:05,847] INFO [GroupCoordinator id=3] Scheduling unloading of metadata for __consumer_offsets-36 with epoch OptionalInt[0] (org.apache.kafka.coordinator.common.runtime.CoordinatorRuntime)
[2026-07-14 06:14:05,847] INFO [GroupCoordinator id=3] Scheduling unloading of metadata for __consumer_offsets-1 with epoch OptionalInt[0] (org.apache.kafka.coordinator.common.runtime.CoordinatorRuntime)
[2026-07-14 06:14:05,847] INFO [GroupCoordinator id=3] Scheduling unloading of metadata for __consumer_offsets-43 with epoch OptionalInt[0] (org.apache.kafka.coordinator.common.runtime.CoordinatorRuntime)
[2026-07-14 06:14:05,847] INFO [GroupCoordinator id=3] Scheduling unloading of metadata for __consumer_offsets-12 with epoch OptionalInt[0] (org.apache.kafka.coordinator.common.runtime.CoordinatorRuntime)
[2026-07-14 06:14:05,847] INFO [GroupCoordinator id=3] Scheduling unloading of metadata for __consumer_offsets-24 with epoch OptionalInt[0] (org.apache.kafka.coordinator.common.runtime.CoordinatorRuntime)
[2026-07-14 06:14:05,847] INFO [GroupCoordinator id=3] Scheduling unloading of metadata for __consumer_offsets-20 with epoch OptionalInt[0] (org.apache.kafka.coordinator.common.runtime.CoordinatorRuntime)
[2026-07-14 06:14:05,847] INFO [GroupCoordinator id=3] Scheduling unloading of metadata for __consumer_offsets-18 with epoch OptionalInt[0] (org.apache.kafka.coordinator.common.runtime.CoordinatorRuntime)
[2026-07-14 06:14:05,847] INFO [GroupCoordinator id=3] Scheduling unloading of metadata for __consumer_offsets-31 with epoch OptionalInt[0] (org.apache.kafka.coordinator.common.runtime.CoordinatorRuntime)
[2026-07-14 06:14:05,847] INFO [GroupCoordinator id=3] Scheduling unloading of metadata for __consumer_offsets-39 with epoch OptionalInt[0] (org.apache.kafka.coordinator.common.runtime.CoordinatorRuntime)
[2026-07-14 06:14:05,847] INFO [GroupCoordinator id=3] Scheduling unloading of metadata for __consumer_offsets-35 with epoch OptionalInt[0] (org.apache.kafka.coordinator.common.runtime.CoordinatorRuntime)
[2026-07-14 06:14:05,847] INFO [GroupCoordinator id=3] Scheduling unloading of metadata for __consumer_offsets-2 with epoch OptionalInt[0] (org.apache.kafka.coordinator.common.runtime.CoordinatorRuntime)
[2026-07-14 06:14:05,847] INFO [DynamicConfigPublisher broker id=3] Updating topic __consumer_offsets with new configuration : compression.type -> producer,cleanup.policy -> compact,segment.bytes -> 104857600 (kafka.server.metadata.DynamicConfigPublisher)
[2026-07-14 06:14:05,849] INFO [GroupCoordinator id=3] Ignored unloading metadata for __consumer_offsets-44 in epoch OptionalInt[0] since metadata was never loaded. (org.apache.kafka.coordinator.common.runtime.CoordinatorRuntime)
[2026-07-14 06:14:05,849] INFO [GroupCoordinator id=3] Ignored unloading metadata for __consumer_offsets-17 in epoch OptionalInt[0] since metadata was never loaded. (org.apache.kafka.coordinator.common.runtime.CoordinatorRuntime)
[2026-07-14 06:14:05,854] INFO [GroupCoordinator id=3] Ignored unloading metadata for __consumer_offsets-31 in epoch OptionalInt[0] since metadata was never loaded. (org.apache.kafka.coordinator.common.runtime.CoordinatorRuntime)
[2026-07-14 06:14:05,854] INFO [GroupCoordinator id=3] Ignored unloading metadata for __consumer_offsets-1 in epoch OptionalInt[0] since metadata was never loaded. (org.apache.kafka.coordinator.common.runtime.CoordinatorRuntime)
[2026-07-14 06:14:05,855] INFO [GroupCoordinator id=3] Ignored unloading metadata for __consumer_offsets-39 in epoch OptionalInt[0] since metadata was never loaded. (org.apache.kafka.coordinator.common.runtime.CoordinatorRuntime)
[2026-07-14 06:14:05,855] INFO [GroupCoordinator id=3] Ignored unloading metadata for __consumer_offsets-26 in epoch OptionalInt[0] since metadata was never loaded. (org.apache.kafka.coordinator.common.runtime.CoordinatorRuntime)
[2026-07-14 06:14:05,855] INFO [GroupCoordinator id=3] Ignored unloading metadata for __consumer_offsets-23 in epoch OptionalInt[0] since metadata was never loaded. (org.apache.kafka.coordinator.common.runtime.CoordinatorRuntime)
[2026-07-14 06:14:05,855] INFO [GroupCoordinator id=3] Ignored unloading metadata for __consumer_offsets-36 in epoch OptionalInt[0] since metadata was never loaded. (org.apache.kafka.coordinator.common.runtime.CoordinatorRuntime)
[2026-07-14 06:14:05,855] INFO [GroupCoordinator id=3] Ignored unloading metadata for __consumer_offsets-35 in epoch OptionalInt[0] since metadata was never loaded. (org.apache.kafka.coordinator.common.runtime.CoordinatorRuntime)
[2026-07-14 06:14:05,855] INFO [GroupCoordinator id=3] Ignored unloading metadata for __consumer_offsets-11 in epoch OptionalInt[0] since metadata was never loaded. (org.apache.kafka.coordinator.common.runtime.CoordinatorRuntime)
[2026-07-14 06:14:05,855] INFO [GroupCoordinator id=3] Ignored unloading metadata for __consumer_offsets-12 in epoch OptionalInt[0] since metadata was never loaded. (org.apache.kafka.coordinator.common.runtime.CoordinatorRuntime)
[2026-07-14 06:14:05,855] INFO [GroupCoordinator id=3] Ignored unloading metadata for __consumer_offsets-46 in epoch OptionalInt[0] since metadata was never loaded. (org.apache.kafka.coordinator.common.runtime.CoordinatorRuntime)
[2026-07-14 06:14:05,855] INFO [GroupCoordinator id=3] Ignored unloading metadata for __consumer_offsets-5 in epoch OptionalInt[0] since metadata was never loaded. (org.apache.kafka.coordinator.common.runtime.CoordinatorRuntime)
[2026-07-14 06:14:05,855] INFO [GroupCoordinator id=3] Ignored unloading metadata for __consumer_offsets-28 in epoch OptionalInt[0] since metadata was never loaded. (org.apache.kafka.coordinator.common.runtime.CoordinatorRuntime)
[2026-07-14 06:14:05,855] INFO [GroupCoordinator id=3] Ignored unloading metadata for __consumer_offsets-18 in epoch OptionalInt[0] since metadata was never loaded. (org.apache.kafka.coordinator.common.runtime.CoordinatorRuntime)
[2026-07-14 06:14:05,855] INFO [GroupCoordinator id=3] Ignored unloading metadata for __consumer_offsets-9 in epoch OptionalInt[0] since metadata was never loaded. (org.apache.kafka.coordinator.common.runtime.CoordinatorRuntime)
[2026-07-14 06:14:05,855] INFO [GroupCoordinator id=3] Ignored unloading metadata for __consumer_offsets-24 in epoch OptionalInt[0] since metadata was never loaded. (org.apache.kafka.coordinator.common.runtime.CoordinatorRuntime)
[2026-07-14 06:14:05,856] INFO [GroupCoordinator id=3] Ignored unloading metadata for __consumer_offsets-48 in epoch OptionalInt[0] since metadata was never loaded. (org.apache.kafka.coordinator.common.runtime.CoordinatorRuntime)
[2026-07-14 06:14:05,857] INFO [GroupCoordinator id=3] Ignored unloading metadata for __consumer_offsets-15 in epoch OptionalInt[0] since metadata was never loaded. (org.apache.kafka.coordinator.common.runtime.CoordinatorRuntime)
[2026-07-14 06:14:05,858] INFO [GroupCoordinator id=3] Finished loading of metadata from __consumer_offsets-22 with epoch 0 in 0ms where 0ms was spent in the scheduler. Loaded 0 records which total to 0 bytes. (org.apache.kafka.coordinator.common.runtime.CoordinatorRuntime)
[2026-07-14 06:14:05,858] INFO [GroupCoordinator id=3] Finished loading of metadata from __consumer_offsets-10 with epoch 0 in 0ms where 0ms was spent in the scheduler. Loaded 0 records which total to 0 bytes. (org.apache.kafka.coordinator.common.runtime.CoordinatorRuntime)
[2026-07-14 06:14:05,858] INFO [GroupCoordinator id=3] Ignored unloading metadata for __consumer_offsets-43 in epoch OptionalInt[0] since metadata was never loaded. (org.apache.kafka.coordinator.common.runtime.CoordinatorRuntime)
[2026-07-14 06:14:05,858] INFO [GroupCoordinator id=3] Finished loading of metadata from __consumer_offsets-42 with epoch 0 in 0ms where 0ms was spent in the scheduler. Loaded 0 records which total to 0 bytes. (org.apache.kafka.coordinator.common.runtime.CoordinatorRuntime)
[2026-07-14 06:14:05,858] INFO [GroupCoordinator id=3] Finished loading of metadata from __consumer_offsets-47 with epoch 0 in 0ms where 0ms was spent in the scheduler. Loaded 0 records which total to 0 bytes. (org.apache.kafka.coordinator.common.runtime.CoordinatorRuntime)
[2026-07-14 06:14:05,858] INFO [GroupCoordinator id=3] Finished loading of metadata from __consumer_offsets-3 with epoch 0 in 1ms where 1ms was spent in the scheduler. Loaded 0 records which total to 0 bytes. (org.apache.kafka.coordinator.common.runtime.CoordinatorRuntime)
[2026-07-14 06:14:05,858] INFO [GroupCoordinator id=3] Ignored unloading metadata for __consumer_offsets-32 in epoch OptionalInt[0] since metadata was never loaded. (org.apache.kafka.coordinator.common.runtime.CoordinatorRuntime)
[2026-07-14 06:14:05,858] INFO [GroupCoordinator id=3] Finished loading of metadata from __consumer_offsets-13 with epoch 0 in 2ms where 1ms was spent in the scheduler. Loaded 0 records which total to 0 bytes. (org.apache.kafka.coordinator.common.runtime.CoordinatorRuntime)
[2026-07-14 06:14:05,858] INFO [GroupCoordinator id=3] Finished loading of metadata from __consumer_offsets-14 with epoch 0 in 0ms where 0ms was spent in the scheduler. Loaded 0 records which total to 0 bytes. (org.apache.kafka.coordinator.common.runtime.CoordinatorRuntime)
[2026-07-14 06:14:05,858] INFO [GroupCoordinator id=3] Finished loading of metadata from __consumer_offsets-19 with epoch 0 in 0ms where 0ms was spent in the scheduler. Loaded 0 records which total to 0 bytes. (org.apache.kafka.coordinator.common.runtime.CoordinatorRuntime)
[2026-07-14 06:14:05,858] INFO [GroupCoordinator id=3] Finished loading of metadata from __consumer_offsets-37 with epoch 0 in 0ms where 0ms was spent in the scheduler. Loaded 0 records which total to 0 bytes. (org.apache.kafka.coordinator.common.runtime.CoordinatorRuntime)
[2026-07-14 06:14:05,858] INFO [GroupCoordinator id=3] Finished loading of metadata from __consumer_offsets-49 with epoch 0 in 2ms where 2ms was spent in the scheduler. Loaded 0 records which total to 0 bytes. (org.apache.kafka.coordinator.common.runtime.CoordinatorRuntime)
[2026-07-14 06:14:05,858] INFO [GroupCoordinator id=3] Ignored unloading metadata for __consumer_offsets-7 in epoch OptionalInt[0] since metadata was never loaded. (org.apache.kafka.coordinator.common.runtime.CoordinatorRuntime)
[2026-07-14 06:14:05,858] INFO [GroupCoordinator id=3] Finished loading of metadata from __consumer_offsets-30 with epoch 0 in 2ms where 2ms was spent in the scheduler. Loaded 0 records which total to 0 bytes. (org.apache.kafka.coordinator.common.runtime.CoordinatorRuntime)
[2026-07-14 06:14:05,858] INFO [GroupCoordinator id=3] Finished loading of metadata from __consumer_offsets-38 with epoch 0 in 0ms where 0ms was spent in the scheduler. Loaded 0 records which total to 0 bytes. (org.apache.kafka.coordinator.common.runtime.CoordinatorRuntime)
[2026-07-14 06:14:05,858] INFO [GroupCoordinator id=3] Ignored unloading metadata for __consumer_offsets-2 in epoch OptionalInt[0] since metadata was never loaded. (org.apache.kafka.coordinator.common.runtime.CoordinatorRuntime)
[2026-07-14 06:14:05,858] INFO [GroupCoordinator id=3] Ignored unloading metadata for __consumer_offsets-20 in epoch OptionalInt[0] since metadata was never loaded. (org.apache.kafka.coordinator.common.runtime.CoordinatorRuntime)
[2026-07-14 06:14:05,858] INFO [GroupCoordinator id=3] Ignored unloading metadata for __consumer_offsets-40 in epoch OptionalInt[0] since metadata was never loaded. (org.apache.kafka.coordinator.common.runtime.CoordinatorRuntime)
[2026-07-14 06:14:05,859] INFO [GroupCoordinator id=3] Finished loading of metadata from __consumer_offsets-6 with epoch 0 in 0ms where 0ms was spent in the scheduler. Loaded 0 records which total to 0 bytes. (org.apache.kafka.coordinator.common.runtime.CoordinatorRuntime)
[2026-07-14 06:14:05,859] INFO [GroupCoordinator id=3] Finished loading of metadata from __consumer_offsets-45 with epoch 0 in 0ms where 0ms was spent in the scheduler. Loaded 0 records which total to 0 bytes. (org.apache.kafka.coordinator.common.runtime.CoordinatorRuntime)
[2026-07-14 06:14:05,858] INFO [GroupCoordinator id=3] Finished loading of metadata from __consumer_offsets-29 with epoch 0 in 2ms where 2ms was spent in the scheduler. Loaded 0 records which total to 0 bytes. (org.apache.kafka.coordinator.common.runtime.CoordinatorRuntime)
[2026-07-14 06:14:05,858] INFO [GroupCoordinator id=3] Finished loading of metadata from __consumer_offsets-8 with epoch 0 in 0ms where 0ms was spent in the scheduler. Loaded 0 records which total to 0 bytes. (org.apache.kafka.coordinator.common.runtime.CoordinatorRuntime)
[2026-07-14 06:14:05,859] INFO [GroupCoordinator id=3] Finished loading of metadata from __consumer_offsets-41 with epoch 0 in 1ms where 1ms was spent in the scheduler. Loaded 0 records which total to 0 bytes. (org.apache.kafka.coordinator.common.runtime.CoordinatorRuntime)
[2026-07-14 06:14:05,859] INFO [GroupCoordinator id=3] Finished loading of metadata from __consumer_offsets-0 with epoch 0 in 1ms where 1ms was spent in the scheduler. Loaded 0 records which total to 0 bytes. (org.apache.kafka.coordinator.common.runtime.CoordinatorRuntime)
[2026-07-14 06:14:05,859] INFO [GroupCoordinator id=3] Finished loading of metadata from __consumer_offsets-25 with epoch 0 in 1ms where 1ms was spent in the scheduler. Loaded 0 records which total to 0 bytes. (org.apache.kafka.coordinator.common.runtime.CoordinatorRuntime)
[2026-07-14 06:14:05,859] INFO [GroupCoordinator id=3] Finished loading of metadata from __consumer_offsets-34 with epoch 0 in 1ms where 1ms was spent in the scheduler. Loaded 0 records which total to 0 bytes. (org.apache.kafka.coordinator.common.runtime.CoordinatorRuntime)
[2026-07-14 06:14:05,859] INFO [GroupCoordinator id=3] Finished loading of metadata from __consumer_offsets-16 with epoch 0 in 1ms where 1ms was spent in the scheduler. Loaded 0 records which total to 0 bytes. (org.apache.kafka.coordinator.common.runtime.CoordinatorRuntime)
[2026-07-14 06:14:05,860] INFO [GroupCoordinator id=3] Finished loading of metadata from __consumer_offsets-21 with epoch 0 in 1ms where 1ms was spent in the scheduler. Loaded 0 records which total to 0 bytes. (org.apache.kafka.coordinator.common.runtime.CoordinatorRuntime)
[2026-07-14 06:14:05,860] INFO [GroupCoordinator id=3] Finished loading of metadata from __consumer_offsets-27 with epoch 0 in 0ms where 0ms was spent in the scheduler. Loaded 0 records which total to 0 bytes. (org.apache.kafka.coordinator.common.runtime.CoordinatorRuntime)
[2026-07-14 06:14:05,860] INFO [GroupCoordinator id=3] Finished loading of metadata from __consumer_offsets-33 with epoch 0 in 1ms where 1ms was spent in the scheduler. Loaded 0 records which total to 0 bytes. (org.apache.kafka.coordinator.common.runtime.CoordinatorRuntime)
[2026-07-14 06:14:05,860] INFO [GroupCoordinator id=3] Finished loading of metadata from __consumer_offsets-4 with epoch 0 in 1ms where 1ms was spent in the scheduler. Loaded 0 records which total to 0 bytes. (org.apache.kafka.coordinator.common.runtime.CoordinatorRuntime)
[2026-07-14 06:14:05,889] INFO [ReplicaFetcher replicaId=3, leaderId=1, fetcherId=0] Truncating partition __consumer_offsets-15 with TruncationState(offset=0, completed=true) due to local high watermark 0 (kafka.server.ReplicaFetcherThread)
[2026-07-14 06:14:05,889] INFO [UnifiedLog partition=__consumer_offsets-15, dir=/tmp/kafka-logs] Truncating to 0 has no effect as the largest offset in the log is -1 (kafka.log.UnifiedLog)
[2026-07-14 06:14:05,889] INFO [ReplicaFetcher replicaId=3, leaderId=1, fetcherId=0] Truncating partition __consumer_offsets-48 with TruncationState(offset=0, completed=true) due to local high watermark 0 (kafka.server.ReplicaFetcherThread)
[2026-07-14 06:14:05,889] INFO [UnifiedLog partition=__consumer_offsets-48, dir=/tmp/kafka-logs] Truncating to 0 has no effect as the largest offset in the log is -1 (kafka.log.UnifiedLog)
[2026-07-14 06:14:05,889] INFO [ReplicaFetcher replicaId=3, leaderId=1, fetcherId=0] Truncating partition __consumer_offsets-46 with TruncationState(offset=0, completed=true) due to local high watermark 0 (kafka.server.ReplicaFetcherThread)
[2026-07-14 06:14:05,889] INFO [UnifiedLog partition=__consumer_offsets-46, dir=/tmp/kafka-logs] Truncating to 0 has no effect as the largest offset in the log is -1 (kafka.log.UnifiedLog)
[2026-07-14 06:14:05,889] INFO [ReplicaFetcher replicaId=3, leaderId=1, fetcherId=0] Truncating partition __consumer_offsets-11 with TruncationState(offset=0, completed=true) due to local high watermark 0 (kafka.server.ReplicaFetcherThread)
[2026-07-14 06:14:05,889] INFO [UnifiedLog partition=__consumer_offsets-11, dir=/tmp/kafka-logs] Truncating to 0 has no effect as the largest offset in the log is -1 (kafka.log.UnifiedLog)
[2026-07-14 06:14:05,889] INFO [ReplicaFetcher replicaId=3, leaderId=1, fetcherId=0] Truncating partition __consumer_offsets-44 with TruncationState(offset=0, completed=true) due to local high watermark 0 (kafka.server.ReplicaFetcherThread)
[2026-07-14 06:14:05,889] INFO [UnifiedLog partition=__consumer_offsets-44, dir=/tmp/kafka-logs] Truncating to 0 has no effect as the largest offset in the log is -1 (kafka.log.UnifiedLog)
[2026-07-14 06:14:05,889] INFO [ReplicaFetcher replicaId=3, leaderId=1, fetcherId=0] Truncating partition __consumer_offsets-9 with TruncationState(offset=0, completed=true) due to local high watermark 0 (kafka.server.ReplicaFetcherThread)
[2026-07-14 06:14:05,889] INFO [UnifiedLog partition=__consumer_offsets-9, dir=/tmp/kafka-logs] Truncating to 0 has no effect as the largest offset in the log is -1 (kafka.log.UnifiedLog)
[2026-07-14 06:14:05,890] INFO [ReplicaFetcher replicaId=3, leaderId=1, fetcherId=0] Truncating partition __consumer_offsets-23 with TruncationState(offset=0, completed=true) due to local high watermark 0 (kafka.server.ReplicaFetcherThread)
[2026-07-14 06:14:05,890] INFO [UnifiedLog partition=__consumer_offsets-23, dir=/tmp/kafka-logs] Truncating to 0 has no effect as the largest offset in the log is -1 (kafka.log.UnifiedLog)
[2026-07-14 06:14:05,890] INFO [ReplicaFetcher replicaId=3, leaderId=1, fetcherId=0] Truncating partition __consumer_offsets-17 with TruncationState(offset=0, completed=true) due to local high watermark 0 (kafka.server.ReplicaFetcherThread)
[2026-07-14 06:14:05,890] INFO [UnifiedLog partition=__consumer_offsets-17, dir=/tmp/kafka-logs] Truncating to 0 has no effect as the largest offset in the log is -1 (kafka.log.UnifiedLog)
[2026-07-14 06:14:05,890] INFO [ReplicaFetcher replicaId=3, leaderId=1, fetcherId=0] Truncating partition __consumer_offsets-32 with TruncationState(offset=0, completed=true) due to local high watermark 0 (kafka.server.ReplicaFetcherThread)
[2026-07-14 06:14:05,890] INFO [UnifiedLog partition=__consumer_offsets-32, dir=/tmp/kafka-logs] Truncating to 0 has no effect as the largest offset in the log is -1 (kafka.log.UnifiedLog)
[2026-07-14 06:14:05,890] INFO [ReplicaFetcher replicaId=3, leaderId=1, fetcherId=0] Truncating partition __consumer_offsets-28 with TruncationState(offset=0, completed=true) due to local high watermark 0 (kafka.server.ReplicaFetcherThread)
[2026-07-14 06:14:05,890] INFO [UnifiedLog partition=__consumer_offsets-28, dir=/tmp/kafka-logs] Truncating to 0 has no effect as the largest offset in the log is -1 (kafka.log.UnifiedLog)
[2026-07-14 06:14:05,890] INFO [ReplicaFetcher replicaId=3, leaderId=1, fetcherId=0] Truncating partition __consumer_offsets-26 with TruncationState(offset=0, completed=true) due to local high watermark 0 (kafka.server.ReplicaFetcherThread)
[2026-07-14 06:14:05,890] INFO [UnifiedLog partition=__consumer_offsets-26, dir=/tmp/kafka-logs] Truncating to 0 has no effect as the largest offset in the log is -1 (kafka.log.UnifiedLog)
[2026-07-14 06:14:05,890] INFO [ReplicaFetcher replicaId=3, leaderId=1, fetcherId=0] Truncating partition __consumer_offsets-7 with TruncationState(offset=0, completed=true) due to local high watermark 0 (kafka.server.ReplicaFetcherThread)
[2026-07-14 06:14:05,890] INFO [UnifiedLog partition=__consumer_offsets-7, dir=/tmp/kafka-logs] Truncating to 0 has no effect as the largest offset in the log is -1 (kafka.log.UnifiedLog)
[2026-07-14 06:14:05,890] INFO [ReplicaFetcher replicaId=3, leaderId=1, fetcherId=0] Truncating partition __consumer_offsets-40 with TruncationState(offset=0, completed=true) due to local high watermark 0 (kafka.server.ReplicaFetcherThread)
[2026-07-14 06:14:05,890] INFO [UnifiedLog partition=__consumer_offsets-40, dir=/tmp/kafka-logs] Truncating to 0 has no effect as the largest offset in the log is -1 (kafka.log.UnifiedLog)
[2026-07-14 06:14:05,890] INFO [ReplicaFetcher replicaId=3, leaderId=1, fetcherId=0] Truncating partition __consumer_offsets-5 with TruncationState(offset=0, completed=true) due to local high watermark 0 (kafka.server.ReplicaFetcherThread)
[2026-07-14 06:14:05,890] INFO [UnifiedLog partition=__consumer_offsets-5, dir=/tmp/kafka-logs] Truncating to 0 has no effect as the largest offset in the log is -1 (kafka.log.UnifiedLog)
[2026-07-14 06:14:05,890] INFO [ReplicaFetcher replicaId=3, leaderId=1, fetcherId=0] Truncating partition __consumer_offsets-36 with TruncationState(offset=0, completed=true) due to local high watermark 0 (kafka.server.ReplicaFetcherThread)
[2026-07-14 06:14:05,890] INFO [UnifiedLog partition=__consumer_offsets-36, dir=/tmp/kafka-logs] Truncating to 0 has no effect as the largest offset in the log is -1 (kafka.log.UnifiedLog)
[2026-07-14 06:14:05,890] INFO [ReplicaFetcher replicaId=3, leaderId=1, fetcherId=0] Truncating partition __consumer_offsets-1 with TruncationState(offset=0, completed=true) due to local high watermark 0 (kafka.server.ReplicaFetcherThread)
[2026-07-14 06:14:05,890] INFO [UnifiedLog partition=__consumer_offsets-1, dir=/tmp/kafka-logs] Truncating to 0 has no effect as the largest offset in the log is -1 (kafka.log.UnifiedLog)
[2026-07-14 06:14:05,890] INFO [ReplicaFetcher replicaId=3, leaderId=1, fetcherId=0] Truncating partition __consumer_offsets-43 with TruncationState(offset=0, completed=true) due to local high watermark 0 (kafka.server.ReplicaFetcherThread)
[2026-07-14 06:14:05,890] INFO [UnifiedLog partition=__consumer_offsets-43, dir=/tmp/kafka-logs] Truncating to 0 has no effect as the largest offset in the log is -1 (kafka.log.UnifiedLog)
[2026-07-14 06:14:05,890] INFO [ReplicaFetcher replicaId=3, leaderId=1, fetcherId=0] Truncating partition __consumer_offsets-12 with TruncationState(offset=0, completed=true) due to local high watermark 0 (kafka.server.ReplicaFetcherThread)
[2026-07-14 06:14:05,890] INFO [UnifiedLog partition=__consumer_offsets-12, dir=/tmp/kafka-logs] Truncating to 0 has no effect as the largest offset in the log is -1 (kafka.log.UnifiedLog)
[2026-07-14 06:14:05,890] INFO [ReplicaFetcher replicaId=3, leaderId=1, fetcherId=0] Truncating partition __consumer_offsets-24 with TruncationState(offset=0, completed=true) due to local high watermark 0 (kafka.server.ReplicaFetcherThread)
[2026-07-14 06:14:05,890] INFO [UnifiedLog partition=__consumer_offsets-24, dir=/tmp/kafka-logs] Truncating to 0 has no effect as the largest offset in the log is -1 (kafka.log.UnifiedLog)
[2026-07-14 06:14:05,890] INFO [ReplicaFetcher replicaId=3, leaderId=1, fetcherId=0] Truncating partition __consumer_offsets-20 with TruncationState(offset=0, completed=true) due to local high watermark 0 (kafka.server.ReplicaFetcherThread)
[2026-07-14 06:14:05,890] INFO [UnifiedLog partition=__consumer_offsets-20, dir=/tmp/kafka-logs] Truncating to 0 has no effect as the largest offset in the log is -1 (kafka.log.UnifiedLog)
[2026-07-14 06:14:05,890] INFO [ReplicaFetcher replicaId=3, leaderId=1, fetcherId=0] Truncating partition __consumer_offsets-18 with TruncationState(offset=0, completed=true) due to local high watermark 0 (kafka.server.ReplicaFetcherThread)
[2026-07-14 06:14:05,890] INFO [UnifiedLog partition=__consumer_offsets-18, dir=/tmp/kafka-logs] Truncating to 0 has no effect as the largest offset in the log is -1 (kafka.log.UnifiedLog)
[2026-07-14 06:14:05,890] INFO [ReplicaFetcher replicaId=3, leaderId=1, fetcherId=0] Truncating partition __consumer_offsets-31 with TruncationState(offset=0, completed=true) due to local high watermark 0 (kafka.server.ReplicaFetcherThread)
[2026-07-14 06:14:05,890] INFO [UnifiedLog partition=__consumer_offsets-31, dir=/tmp/kafka-logs] Truncating to 0 has no effect as the largest offset in the log is -1 (kafka.log.UnifiedLog)
[2026-07-14 06:14:05,890] INFO [ReplicaFetcher replicaId=3, leaderId=1, fetcherId=0] Truncating partition __consumer_offsets-39 with TruncationState(offset=0, completed=true) due to local high watermark 0 (kafka.server.ReplicaFetcherThread)
[2026-07-14 06:14:05,890] INFO [UnifiedLog partition=__consumer_offsets-39, dir=/tmp/kafka-logs] Truncating to 0 has no effect as the largest offset in the log is -1 (kafka.log.UnifiedLog)
[2026-07-14 06:14:05,890] INFO [ReplicaFetcher replicaId=3, leaderId=1, fetcherId=0] Truncating partition __consumer_offsets-35 with TruncationState(offset=0, completed=true) due to local high watermark 0 (kafka.server.ReplicaFetcherThread)
[2026-07-14 06:14:05,890] INFO [UnifiedLog partition=__consumer_offsets-35, dir=/tmp/kafka-logs] Truncating to 0 has no effect as the largest offset in the log is -1 (kafka.log.UnifiedLog)
[2026-07-14 06:14:05,890] INFO [ReplicaFetcher replicaId=3, leaderId=1, fetcherId=0] Truncating partition __consumer_offsets-2 with TruncationState(offset=0, completed=true) due to local high watermark 0 (kafka.server.ReplicaFetcherThread)
[2026-07-14 06:14:05,890] INFO [UnifiedLog partition=__consumer_offsets-2, dir=/tmp/kafka-logs] Truncating to 0 has no effect as the largest offset in the log is -1 (kafka.log.UnifiedLog)
[2026-07-14 06:14:05,966] INFO [GroupCoordinator id=3 topic=__consumer_offsets partition=0] Dynamic member with unknown member id joins group base002-fault in Empty state. Created a new member id console-consumer-f985dfff-5bc0-40f6-96d4-8d627e5c17f4 and requesting the member to rejoin with this id. (org.apache.kafka.coordinator.group.GroupMetadataManager)
[2026-07-14 06:14:05,975] INFO [GroupCoordinator id=3 topic=__consumer_offsets partition=0] Pending dynamic member with id console-consumer-f985dfff-5bc0-40f6-96d4-8d627e5c17f4 joins group base002-fault in Empty state. Adding to the group now. (org.apache.kafka.coordinator.group.GroupMetadataManager)
[2026-07-14 06:14:05,977] INFO [GroupCoordinator id=3 topic=__consumer_offsets partition=0] Preparing to rebalance group base002-fault in state PreparingRebalance with old generation 0 (reason: Adding new member console-consumer-f985dfff-5bc0-40f6-96d4-8d627e5c17f4 with group instance id null; client reason: need to re-join with the given member-id: console-consumer-f985dfff-5bc0-40f6-96d4-8d627e5c17f4). (org.apache.kafka.coordinator.group.GroupMetadataManager)
[2026-07-14 06:14:05,980] INFO [GroupCoordinator id=3 topic=__consumer_offsets partition=0] Stabilized group base002-fault generation 1 with 1 members. (org.apache.kafka.coordinator.group.GroupMetadataManager)
[2026-07-14 06:14:05,996] INFO [GroupCoordinator id=3 topic=__consumer_offsets partition=0] Assignment received from leader console-consumer-f985dfff-5bc0-40f6-96d4-8d627e5c17f4 for group base002-fault for generation 1. The group has 1 members, 0 of which are static. (org.apache.kafka.coordinator.group.GroupMetadataManager)
[2026-07-14 06:14:07,285] INFO [GroupCoordinator id=3 topic=__consumer_offsets partition=0] [Group base002-fault] Member console-consumer-f985dfff-5bc0-40f6-96d4-8d627e5c17f4 has left group through explicit `LeaveGroup` request; client reason: the consumer is being closed (org.apache.kafka.coordinator.group.GroupMetadataManager)
[2026-07-14 06:14:07,286] INFO [GroupCoordinator id=3 topic=__consumer_offsets partition=0] Preparing to rebalance group base002-fault in state PreparingRebalance with old generation 1 (reason: explicit `LeaveGroup` request for (console-consumer-f985dfff-5bc0-40f6-96d4-8d627e5c17f4) members.). (org.apache.kafka.coordinator.group.GroupMetadataManager)
[2026-07-14 06:14:07,286] INFO [GroupCoordinator id=3 topic=__consumer_offsets partition=0] Group base002-fault with generation 2 is now empty. (org.apache.kafka.coordinator.group.GroupMetadataManager)
[2026-07-14 06:14:10,540] INFO [ReplicaFetcherManager on broker 3] Removed fetcher for partitions Set(ai-video-int-rebalance-1) (kafka.server.ReplicaFetcherManager)
[2026-07-14 06:14:10,542] INFO [LogLoader partition=ai-video-int-rebalance-1, dir=/tmp/kafka-logs] Loading producer state till offset 0 (org.apache.kafka.storage.internals.log.UnifiedLog)
[2026-07-14 06:14:10,542] INFO Created log for partition ai-video-int-rebalance-1 in /tmp/kafka-logs/ai-video-int-rebalance-1 with properties {min.insync.replicas=2} (kafka.log.LogManager)
[2026-07-14 06:14:10,543] INFO [Partition ai-video-int-rebalance-1 broker=3] No checkpointed highwatermark is found for partition ai-video-int-rebalance-1 (kafka.cluster.Partition)
[2026-07-14 06:14:10,543] INFO [Partition ai-video-int-rebalance-1 broker=3] Log loaded for partition ai-video-int-rebalance-1 with initial high watermark 0 (kafka.cluster.Partition)
[2026-07-14 06:14:10,547] INFO [LogLoader partition=ai-video-int-rebalance-0, dir=/tmp/kafka-logs] Loading producer state till offset 0 (org.apache.kafka.storage.internals.log.UnifiedLog)
[2026-07-14 06:14:10,547] INFO Created log for partition ai-video-int-rebalance-0 in /tmp/kafka-logs/ai-video-int-rebalance-0 with properties {min.insync.replicas=2} (kafka.log.LogManager)
[2026-07-14 06:14:10,547] INFO [Partition ai-video-int-rebalance-0 broker=3] No checkpointed highwatermark is found for partition ai-video-int-rebalance-0 (kafka.cluster.Partition)
[2026-07-14 06:14:10,547] INFO [Partition ai-video-int-rebalance-0 broker=3] Log loaded for partition ai-video-int-rebalance-0 with initial high watermark 0 (kafka.cluster.Partition)
[2026-07-14 06:14:10,549] INFO [LogLoader partition=ai-video-int-rebalance-2, dir=/tmp/kafka-logs] Loading producer state till offset 0 (org.apache.kafka.storage.internals.log.UnifiedLog)
[2026-07-14 06:14:10,550] INFO Created log for partition ai-video-int-rebalance-2 in /tmp/kafka-logs/ai-video-int-rebalance-2 with properties {min.insync.replicas=2} (kafka.log.LogManager)
[2026-07-14 06:14:10,550] INFO [Partition ai-video-int-rebalance-2 broker=3] No checkpointed highwatermark is found for partition ai-video-int-rebalance-2 (kafka.cluster.Partition)
[2026-07-14 06:14:10,550] INFO [Partition ai-video-int-rebalance-2 broker=3] Log loaded for partition ai-video-int-rebalance-2 with initial high watermark 0 (kafka.cluster.Partition)
[2026-07-14 06:14:10,550] INFO [ReplicaFetcherManager on broker 3] Removed fetcher for partitions Set(ai-video-int-rebalance-0, ai-video-int-rebalance-2) (kafka.server.ReplicaFetcherManager)
[2026-07-14 06:14:10,550] INFO [ReplicaFetcherManager on broker 3] Added fetcher to broker 1 for partitions HashMap(ai-video-int-rebalance-0 -> InitialFetchState(Some(cGeJUXaYToaf7MmhSPjs0w),BrokerEndPoint(id=1, host=base002-kafka-57160-1:19092),0,0), ai-video-int-rebalance-2 -> InitialFetchState(Some(cGeJUXaYToaf7MmhSPjs0w),BrokerEndPoint(id=1, host=base002-kafka-57160-1:19092),0,0)) (kafka.server.ReplicaFetcherManager)
[2026-07-14 06:14:10,550] INFO [DynamicConfigPublisher broker id=3] Updating topic ai-video-int-rebalance with new configuration : min.insync.replicas -> 2 (kafka.server.metadata.DynamicConfigPublisher)
[2026-07-14 06:14:10,943] INFO [ReplicaFetcher replicaId=3, leaderId=1, fetcherId=0] Truncating partition ai-video-int-rebalance-0 with TruncationState(offset=0, completed=true) due to local high watermark 0 (kafka.server.ReplicaFetcherThread)
[2026-07-14 06:14:10,943] INFO [UnifiedLog partition=ai-video-int-rebalance-0, dir=/tmp/kafka-logs] Truncating to 0 has no effect as the largest offset in the log is -1 (kafka.log.UnifiedLog)
[2026-07-14 06:14:10,943] INFO [ReplicaFetcher replicaId=3, leaderId=1, fetcherId=0] Truncating partition ai-video-int-rebalance-2 with TruncationState(offset=0, completed=true) due to local high watermark 0 (kafka.server.ReplicaFetcherThread)
[2026-07-14 06:14:10,943] INFO [UnifiedLog partition=ai-video-int-rebalance-2, dir=/tmp/kafka-logs] Truncating to 0 has no effect as the largest offset in the log is -1 (kafka.log.UnifiedLog)
[2026-07-14 06:14:11,795] INFO [GroupCoordinator id=3 topic=__consumer_offsets partition=41] Static member with groupInstanceId=consumer-one and unknown member id joins group base002-rebalance in Empty state. Created a new member id consumer-one-ad746c28-8282-4506-9eed-387acd9492a2 for this member and added to the group. (org.apache.kafka.coordinator.group.GroupMetadataManager)
[2026-07-14 06:14:11,795] INFO [GroupCoordinator id=3 topic=__consumer_offsets partition=41] Preparing to rebalance group base002-rebalance in state PreparingRebalance with old generation 0 (reason: Adding new member consumer-one-ad746c28-8282-4506-9eed-387acd9492a2 with group instance id consumer-one; client reason: not provided). (org.apache.kafka.coordinator.group.GroupMetadataManager)
[2026-07-14 06:14:11,795] INFO [GroupCoordinator id=3 topic=__consumer_offsets partition=41] Stabilized group base002-rebalance generation 1 with 1 members. (org.apache.kafka.coordinator.group.GroupMetadataManager)
[2026-07-14 06:14:11,818] INFO [GroupCoordinator id=3 topic=__consumer_offsets partition=41] Assignment received from leader consumer-one-ad746c28-8282-4506-9eed-387acd9492a2 for group base002-rebalance for generation 1. The group has 1 members, 1 of which are static. (org.apache.kafka.coordinator.group.GroupMetadataManager)
[2026-07-14 06:14:11,830] INFO [NodeToControllerChannelManager id=3 name=alter-partition] Client requested disconnect from node 2 (org.apache.kafka.clients.NetworkClient)
[2026-07-14 06:14:11,831] INFO [broker-3-to-controller-alter-partition-channel-manager]: Recorded new KRaft controller, from now on will use node base002-kafka-57160-1:19093 (id: 1 rack: null isFenced: false) (kafka.server.NodeToControllerRequestThread)
[2026-07-14 06:14:11,865] INFO [Partition __consumer_offsets-13 broker=3] ISR updated to 3,1,2  and version updated to 1 (kafka.cluster.Partition)
[2026-07-14 06:14:11,899] INFO [ReplicaFetcherManager on broker 3] Removed fetcher for partitions Set(__consumer_offsets-13) (kafka.server.ReplicaFetcherManager)
[2026-07-14 06:14:11,900] INFO [GroupCoordinator id=3] Scheduling unloading of metadata for __consumer_offsets-15 with epoch OptionalInt[0] (org.apache.kafka.coordinator.common.runtime.CoordinatorRuntime)
[2026-07-14 06:14:11,900] INFO [GroupCoordinator id=3] Ignored unloading metadata for __consumer_offsets-15 in epoch OptionalInt[0] since metadata was never loaded. (org.apache.kafka.coordinator.common.runtime.CoordinatorRuntime)
[2026-07-14 06:14:11,902] INFO [Partition __consumer_offsets-22 broker=3] ISR updated to 3,1,2  and version updated to 1 (kafka.cluster.Partition)
[2026-07-14 06:14:11,905] INFO [Partition __consumer_offsets-21 broker=3] ISR updated to 3,1,2  and version updated to 1 (kafka.cluster.Partition)
[2026-07-14 06:14:11,905] INFO [Partition ai-video-int-events.dlq-0 broker=3] ISR updated to 3,1,2  and version updated to 2 (kafka.cluster.Partition)
[2026-07-14 06:14:11,905] INFO [Partition __consumer_offsets-27 broker=3] ISR updated to 3,1,2  and version updated to 1 (kafka.cluster.Partition)
[2026-07-14 06:14:11,905] INFO [Partition ai-video-int-events.dlq-1 broker=3] ISR updated to 3,1,2  and version updated to 2 (kafka.cluster.Partition)
[2026-07-14 06:14:11,905] INFO [Partition __consumer_offsets-25 broker=3] ISR updated to 3,1,2  and version updated to 1 (kafka.cluster.Partition)
[2026-07-14 06:14:11,905] INFO [Partition __consumer_offsets-14 broker=3] ISR updated to 3,1,2  and version updated to 1 (kafka.cluster.Partition)
[2026-07-14 06:14:11,905] INFO [Partition __consumer_offsets-19 broker=3] ISR updated to 3,1,2  and version updated to 1 (kafka.cluster.Partition)
[2026-07-14 06:14:11,905] INFO [Partition __consumer_offsets-16 broker=3] ISR updated to 3,1,2  and version updated to 1 (kafka.cluster.Partition)
[2026-07-14 06:14:11,905] INFO [Partition __consumer_offsets-6 broker=3] ISR updated to 3,1,2  and version updated to 1 (kafka.cluster.Partition)
[2026-07-14 06:14:11,905] INFO [Partition ai-video-int-events-1 broker=3] ISR updated to 3,1,2  and version updated to 2 (kafka.cluster.Partition)
[2026-07-14 06:14:11,905] INFO [Partition ai-video-int-events-0 broker=3] ISR updated to 3,1,2  and version updated to 2 (kafka.cluster.Partition)
[2026-07-14 06:14:11,905] INFO [Partition __consumer_offsets-4 broker=3] ISR updated to 3,1,2  and version updated to 1 (kafka.cluster.Partition)
[2026-07-14 06:14:11,905] INFO [Partition __consumer_offsets-10 broker=3] ISR updated to 3,1,2  and version updated to 1 (kafka.cluster.Partition)
[2026-07-14 06:14:11,906] INFO [Partition __consumer_offsets-8 broker=3] ISR updated to 3,1,2  and version updated to 1 (kafka.cluster.Partition)
[2026-07-14 06:14:11,906] INFO [Partition __consumer_offsets-3 broker=3] ISR updated to 3,1,2  and version updated to 1 (kafka.cluster.Partition)
[2026-07-14 06:14:11,906] INFO [Partition __consumer_offsets-0 broker=3] ISR updated to 3,1,2  and version updated to 1 (kafka.cluster.Partition)
[2026-07-14 06:14:11,906] INFO [Partition __consumer_offsets-47 broker=3] ISR updated to 3,1,2  and version updated to 1 (kafka.cluster.Partition)
[2026-07-14 06:14:11,906] INFO [Partition __consumer_offsets-45 broker=3] ISR updated to 3,1,2  and version updated to 1 (kafka.cluster.Partition)
[2026-07-14 06:14:11,906] INFO [Partition ai-video-int-rebalance-1 broker=3] ISR updated to 3,1,2  and version updated to 1 (kafka.cluster.Partition)
[2026-07-14 06:14:11,906] INFO [Partition __consumer_offsets-49 broker=3] ISR updated to 3,1,2  and version updated to 1 (kafka.cluster.Partition)
[2026-07-14 06:14:11,906] INFO [Partition __consumer_offsets-38 broker=3] ISR updated to 3,1,2  and version updated to 1 (kafka.cluster.Partition)
[2026-07-14 06:14:11,906] INFO [Partition __consumer_offsets-37 broker=3] ISR updated to 3,1,2  and version updated to 1 (kafka.cluster.Partition)
[2026-07-14 06:14:11,906] INFO [Partition __consumer_offsets-42 broker=3] ISR updated to 3,1,2  and version updated to 1 (kafka.cluster.Partition)
[2026-07-14 06:14:11,907] INFO [Partition __consumer_offsets-41 broker=3] ISR updated to 3,1,2  and version updated to 1 (kafka.cluster.Partition)
[2026-07-14 06:14:11,907] INFO [Partition __consumer_offsets-30 broker=3] ISR updated to 3,1,2  and version updated to 1 (kafka.cluster.Partition)
[2026-07-14 06:14:11,907] INFO [Partition __consumer_offsets-29 broker=3] ISR updated to 3,1,2  and version updated to 1 (kafka.cluster.Partition)
[2026-07-14 06:14:11,907] INFO [Partition __consumer_offsets-34 broker=3] ISR updated to 3,1,2  and version updated to 1 (kafka.cluster.Partition)
[2026-07-14 06:14:11,908] INFO [Partition __consumer_offsets-33 broker=3] ISR updated to 3,1,2  and version updated to 1 (kafka.cluster.Partition)
[2026-07-14 06:14:12,080] INFO [GroupCoordinator id=3 topic=__consumer_offsets partition=41] Static member with groupInstanceId=consumer-two and unknown member id joins group base002-rebalance in Stable state. Created a new member id consumer-two-51e13c6c-7aa5-4bc5-8c91-219bf5da60fe for this member and added to the group. (org.apache.kafka.coordinator.group.GroupMetadataManager)
[2026-07-14 06:14:12,081] INFO [GroupCoordinator id=3 topic=__consumer_offsets partition=41] Preparing to rebalance group base002-rebalance in state PreparingRebalance with old generation 1 (reason: Adding new member consumer-two-51e13c6c-7aa5-4bc5-8c91-219bf5da60fe with group instance id consumer-two; client reason: not provided). (org.apache.kafka.coordinator.group.GroupMetadataManager)
[2026-07-14 06:14:12,205] INFO [ReplicaFetcherManager on broker 3] Removed fetcher for partitions Set(__consumer_offsets-42, __consumer_offsets-21, __consumer_offsets-19, __consumer_offsets-30, ai-video-int-events-0, ai-video-int-events.dlq-1, __consumer_offsets-38, __consumer_offsets-3, __consumer_offsets-34, __consumer_offsets-47, __consumer_offsets-16, ai-video-int-rebalance-1, __consumer_offsets-45, __consumer_offsets-14, __consumer_offsets-41, __consumer_offsets-10, __consumer_offsets-22, __consumer_offsets-49, __consumer_offsets-0, __consumer_offsets-29, __consumer_offsets-27, __consumer_offsets-25, ai-video-int-events-1, __consumer_offsets-8, __consumer_offsets-37, __consumer_offsets-6, ai-video-int-events.dlq-0, __consumer_offsets-4, __consumer_offsets-33) (kafka.server.ReplicaFetcherManager)
[2026-07-14 06:14:12,208] INFO [GroupCoordinator id=3] Scheduling unloading of metadata for __consumer_offsets-48 with epoch OptionalInt[0] (org.apache.kafka.coordinator.common.runtime.CoordinatorRuntime)
[2026-07-14 06:14:12,208] INFO [GroupCoordinator id=3] Scheduling unloading of metadata for __consumer_offsets-46 with epoch OptionalInt[0] (org.apache.kafka.coordinator.common.runtime.CoordinatorRuntime)
[2026-07-14 06:14:12,208] INFO [GroupCoordinator id=3] Scheduling unloading of metadata for __consumer_offsets-11 with epoch OptionalInt[0] (org.apache.kafka.coordinator.common.runtime.CoordinatorRuntime)
[2026-07-14 06:14:12,208] INFO [GroupCoordinator id=3] Ignored unloading metadata for __consumer_offsets-46 in epoch OptionalInt[0] since metadata was never loaded. (org.apache.kafka.coordinator.common.runtime.CoordinatorRuntime)
[2026-07-14 06:14:12,208] INFO [GroupCoordinator id=3] Ignored unloading metadata for __consumer_offsets-48 in epoch OptionalInt[0] since metadata was never loaded. (org.apache.kafka.coordinator.common.runtime.CoordinatorRuntime)
[2026-07-14 06:14:12,208] INFO [GroupCoordinator id=3] Scheduling unloading of metadata for __consumer_offsets-43 with epoch OptionalInt[0] (org.apache.kafka.coordinator.common.runtime.CoordinatorRuntime)
[2026-07-14 06:14:12,208] INFO [GroupCoordinator id=3] Ignored unloading metadata for __consumer_offsets-11 in epoch OptionalInt[0] since metadata was never loaded. (org.apache.kafka.coordinator.common.runtime.CoordinatorRuntime)
[2026-07-14 06:14:12,208] INFO [GroupCoordinator id=3] Scheduling unloading of metadata for __consumer_offsets-12 with epoch OptionalInt[0] (org.apache.kafka.coordinator.common.runtime.CoordinatorRuntime)
[2026-07-14 06:14:12,208] INFO [GroupCoordinator id=3] Ignored unloading metadata for __consumer_offsets-43 in epoch OptionalInt[0] since metadata was never loaded. (org.apache.kafka.coordinator.common.runtime.CoordinatorRuntime)
[2026-07-14 06:14:12,208] INFO [GroupCoordinator id=3] Scheduling unloading of metadata for __consumer_offsets-44 with epoch OptionalInt[0] (org.apache.kafka.coordinator.common.runtime.CoordinatorRuntime)
[2026-07-14 06:14:12,208] INFO [GroupCoordinator id=3] Ignored unloading metadata for __consumer_offsets-12 in epoch OptionalInt[0] since metadata was never loaded. (org.apache.kafka.coordinator.common.runtime.CoordinatorRuntime)
[2026-07-14 06:14:12,208] INFO [GroupCoordinator id=3] Scheduling unloading of metadata for __consumer_offsets-9 with epoch OptionalInt[0] (org.apache.kafka.coordinator.common.runtime.CoordinatorRuntime)
[2026-07-14 06:14:12,208] INFO [GroupCoordinator id=3] Scheduling unloading of metadata for __consumer_offsets-23 with epoch OptionalInt[0] (org.apache.kafka.coordinator.common.runtime.CoordinatorRuntime)
[2026-07-14 06:14:12,208] INFO [GroupCoordinator id=3] Scheduling unloading of metadata for __consumer_offsets-24 with epoch OptionalInt[0] (org.apache.kafka.coordinator.common.runtime.CoordinatorRuntime)
[2026-07-14 06:14:12,208] INFO [GroupCoordinator id=3] Scheduling unloading of metadata for __consumer_offsets-20 with epoch OptionalInt[0] (org.apache.kafka.coordinator.common.runtime.CoordinatorRuntime)
[2026-07-14 06:14:12,208] INFO [GroupCoordinator id=3] Scheduling unloading of metadata for __consumer_offsets-17 with epoch OptionalInt[0] (org.apache.kafka.coordinator.common.runtime.CoordinatorRuntime)
[2026-07-14 06:14:12,208] INFO [GroupCoordinator id=3] Scheduling unloading of metadata for __consumer_offsets-18 with epoch OptionalInt[0] (org.apache.kafka.coordinator.common.runtime.CoordinatorRuntime)
[2026-07-14 06:14:12,208] INFO [GroupCoordinator id=3] Scheduling unloading of metadata for __consumer_offsets-31 with epoch OptionalInt[0] (org.apache.kafka.coordinator.common.runtime.CoordinatorRuntime)
[2026-07-14 06:14:12,208] INFO [GroupCoordinator id=3] Scheduling unloading of metadata for __consumer_offsets-32 with epoch OptionalInt[0] (org.apache.kafka.coordinator.common.runtime.CoordinatorRuntime)
[2026-07-14 06:14:12,208] INFO [GroupCoordinator id=3] Scheduling unloading of metadata for __consumer_offsets-28 with epoch OptionalInt[0] (org.apache.kafka.coordinator.common.runtime.CoordinatorRuntime)
[2026-07-14 06:14:12,208] INFO [GroupCoordinator id=3] Scheduling unloading of metadata for __consumer_offsets-26 with epoch OptionalInt[0] (org.apache.kafka.coordinator.common.runtime.CoordinatorRuntime)
[2026-07-14 06:14:12,208] INFO [GroupCoordinator id=3] Scheduling unloading of metadata for __consumer_offsets-7 with epoch OptionalInt[0] (org.apache.kafka.coordinator.common.runtime.CoordinatorRuntime)
[2026-07-14 06:14:12,208] INFO [GroupCoordinator id=3] Scheduling unloading of metadata for __consumer_offsets-39 with epoch OptionalInt[0] (org.apache.kafka.coordinator.common.runtime.CoordinatorRuntime)
[2026-07-14 06:14:12,208] INFO [GroupCoordinator id=3] Scheduling unloading of metadata for __consumer_offsets-40 with epoch OptionalInt[0] (org.apache.kafka.coordinator.common.runtime.CoordinatorRuntime)
[2026-07-14 06:14:12,208] INFO [GroupCoordinator id=3] Scheduling unloading of metadata for __consumer_offsets-5 with epoch OptionalInt[0] (org.apache.kafka.coordinator.common.runtime.CoordinatorRuntime)
[2026-07-14 06:14:12,208] INFO [GroupCoordinator id=3] Scheduling unloading of metadata for __consumer_offsets-35 with epoch OptionalInt[0] (org.apache.kafka.coordinator.common.runtime.CoordinatorRuntime)
[2026-07-14 06:14:12,208] INFO [GroupCoordinator id=3] Scheduling unloading of metadata for __consumer_offsets-36 with epoch OptionalInt[0] (org.apache.kafka.coordinator.common.runtime.CoordinatorRuntime)
[2026-07-14 06:14:12,209] INFO [GroupCoordinator id=3] Scheduling unloading of metadata for __consumer_offsets-1 with epoch OptionalInt[0] (org.apache.kafka.coordinator.common.runtime.CoordinatorRuntime)
[2026-07-14 06:14:12,209] INFO [GroupCoordinator id=3] Scheduling unloading of metadata for __consumer_offsets-2 with epoch OptionalInt[0] (org.apache.kafka.coordinator.common.runtime.CoordinatorRuntime)
[2026-07-14 06:14:12,209] INFO [GroupCoordinator id=3] Ignored unloading metadata for __consumer_offsets-23 in epoch OptionalInt[0] since metadata was never loaded. (org.apache.kafka.coordinator.common.runtime.CoordinatorRuntime)
[2026-07-14 06:14:12,209] INFO [GroupCoordinator id=3] Ignored unloading metadata for __consumer_offsets-36 in epoch OptionalInt[0] since metadata was never loaded. (org.apache.kafka.coordinator.common.runtime.CoordinatorRuntime)
[2026-07-14 06:14:12,209] INFO [GroupCoordinator id=3] Ignored unloading metadata for __consumer_offsets-44 in epoch OptionalInt[0] since metadata was never loaded. (org.apache.kafka.coordinator.common.runtime.CoordinatorRuntime)
[2026-07-14 06:14:12,209] INFO [GroupCoordinator id=3] Ignored unloading metadata for __consumer_offsets-17 in epoch OptionalInt[0] since metadata was never loaded. (org.apache.kafka.coordinator.common.runtime.CoordinatorRuntime)
[2026-07-14 06:14:12,209] INFO [GroupCoordinator id=3] Ignored unloading metadata for __consumer_offsets-40 in epoch OptionalInt[0] since metadata was never loaded. (org.apache.kafka.coordinator.common.runtime.CoordinatorRuntime)
[2026-07-14 06:14:12,209] INFO [GroupCoordinator id=3] Ignored unloading metadata for __consumer_offsets-39 in epoch OptionalInt[0] since metadata was never loaded. (org.apache.kafka.coordinator.common.runtime.CoordinatorRuntime)
[2026-07-14 06:14:12,209] INFO [GroupCoordinator id=3] Ignored unloading metadata for __consumer_offsets-24 in epoch OptionalInt[0] since metadata was never loaded. (org.apache.kafka.coordinator.common.runtime.CoordinatorRuntime)
[2026-07-14 06:14:12,209] INFO [GroupCoordinator id=3] Ignored unloading metadata for __consumer_offsets-5 in epoch OptionalInt[0] since metadata was never loaded. (org.apache.kafka.coordinator.common.runtime.CoordinatorRuntime)
[2026-07-14 06:14:12,209] INFO [GroupCoordinator id=3] Ignored unloading metadata for __consumer_offsets-7 in epoch OptionalInt[0] since metadata was never loaded. (org.apache.kafka.coordinator.common.runtime.CoordinatorRuntime)
[2026-07-14 06:14:12,209] INFO [GroupCoordinator id=3] Ignored unloading metadata for __consumer_offsets-2 in epoch OptionalInt[0] since metadata was never loaded. (org.apache.kafka.coordinator.common.runtime.CoordinatorRuntime)
[2026-07-14 06:14:12,209] INFO [GroupCoordinator id=3] Ignored unloading metadata for __consumer_offsets-18 in epoch OptionalInt[0] since metadata was never loaded. (org.apache.kafka.coordinator.common.runtime.CoordinatorRuntime)
[2026-07-14 06:14:12,209] INFO [GroupCoordinator id=3] Ignored unloading metadata for __consumer_offsets-1 in epoch OptionalInt[0] since metadata was never loaded. (org.apache.kafka.coordinator.common.runtime.CoordinatorRuntime)
[2026-07-14 06:14:12,209] INFO [GroupCoordinator id=3] Ignored unloading metadata for __consumer_offsets-9 in epoch OptionalInt[0] since metadata was never loaded. (org.apache.kafka.coordinator.common.runtime.CoordinatorRuntime)
[2026-07-14 06:14:12,209] INFO [GroupCoordinator id=3] Ignored unloading metadata for __consumer_offsets-35 in epoch OptionalInt[0] since metadata was never loaded. (org.apache.kafka.coordinator.common.runtime.CoordinatorRuntime)
[2026-07-14 06:14:12,209] INFO [GroupCoordinator id=3] Ignored unloading metadata for __consumer_offsets-20 in epoch OptionalInt[0] since metadata was never loaded. (org.apache.kafka.coordinator.common.runtime.CoordinatorRuntime)
[2026-07-14 06:14:12,209] INFO [GroupCoordinator id=3] Ignored unloading metadata for __consumer_offsets-26 in epoch OptionalInt[0] since metadata was never loaded. (org.apache.kafka.coordinator.common.runtime.CoordinatorRuntime)
[2026-07-14 06:14:12,209] INFO [GroupCoordinator id=3] Ignored unloading metadata for __consumer_offsets-32 in epoch OptionalInt[0] since metadata was never loaded. (org.apache.kafka.coordinator.common.runtime.CoordinatorRuntime)
[2026-07-14 06:14:12,209] INFO [GroupCoordinator id=3] Ignored unloading metadata for __consumer_offsets-31 in epoch OptionalInt[0] since metadata was never loaded. (org.apache.kafka.coordinator.common.runtime.CoordinatorRuntime)
[2026-07-14 06:14:12,209] INFO [GroupCoordinator id=3] Ignored unloading metadata for __consumer_offsets-28 in epoch OptionalInt[0] since metadata was never loaded. (org.apache.kafka.coordinator.common.runtime.CoordinatorRuntime)
[2026-07-14 06:14:14,821] INFO [GroupCoordinator id=3 topic=__consumer_offsets partition=41] Stabilized group base002-rebalance generation 2 with 2 members. (org.apache.kafka.coordinator.group.GroupMetadataManager)
[2026-07-14 06:14:14,827] INFO [GroupCoordinator id=3 topic=__consumer_offsets partition=41] Assignment received from leader consumer-one-ad746c28-8282-4506-9eed-387acd9492a2 for group base002-rebalance for generation 2. The group has 2 members, 2 of which are static. (org.apache.kafka.coordinator.group.GroupMetadataManager)
