===> User
uid=1000(appuser) gid=1000(appuser) groups=1000(appuser)
===> Setting default values of environment variables if not already set.
===> Configuring ...
Running in KRaft mode...
===> Launching ... 
===> Using provided cluster id 4L6g3nShT-eMCtK--X86sw ...
[0.001s][warning][cds] The shared archive file has a bad magic number: 0
[2026-07-14 06:13:42,656] INFO Registered kafka:type=kafka.Log4jController MBean (kafka.utils.Log4jControllerRegistration$)
[2026-07-14 06:13:42,940] INFO Registered signal handlers for TERM, INT, HUP (org.apache.kafka.common.utils.LoggingSignalHandler)
[2026-07-14 06:13:42,946] INFO [ControllerServer id=1] Starting controller (kafka.server.ControllerServer)
[2026-07-14 06:13:43,216] INFO Updated connection-accept-rate max connection creation rate to 2147483647 (kafka.network.ConnectionQuotas)
[2026-07-14 06:13:43,269] INFO [SocketServer listenerType=CONTROLLER, nodeId=1] Created data-plane acceptor and processors for endpoint : ListenerName(CONTROLLER) (kafka.network.SocketServer)
[2026-07-14 06:13:43,284] INFO CONTROLLER: resolved wildcard host to 8aab5597be2e (org.apache.kafka.metadata.ListenerInfo)
[2026-07-14 06:13:43,300] INFO authorizerStart completed for endpoint CONTROLLER. Endpoint is now READY. (org.apache.kafka.server.network.EndpointReadyFutures)
[2026-07-14 06:13:43,302] INFO [SharedServer id=1] Starting SharedServer (kafka.server.SharedServer)
[2026-07-14 06:13:43,365] INFO [LogLoader partition=__cluster_metadata-0, dir=/tmp/kafka-logs] Loading producer state till offset 0 (org.apache.kafka.storage.internals.log.UnifiedLog)
[2026-07-14 06:13:43,365] INFO [LogLoader partition=__cluster_metadata-0, dir=/tmp/kafka-logs] Reloading from producer snapshot and rebuilding producer state from offset 0 (org.apache.kafka.storage.internals.log.UnifiedLog)
[2026-07-14 06:13:43,367] INFO [LogLoader partition=__cluster_metadata-0, dir=/tmp/kafka-logs] Producer state recovery took 0ms for snapshot load and 0ms for segment recovery from offset 0 (org.apache.kafka.storage.internals.log.UnifiedLog)
[2026-07-14 06:13:43,383] INFO Initialized snapshots with IDs SortedSet() from /tmp/kafka-logs/__cluster_metadata-0 (kafka.raft.KafkaMetadataLog$)
[2026-07-14 06:13:43,392] INFO [raft-expiration-reaper]: Starting (kafka.raft.TimingWheelExpirationService$ExpiredOperationReaper)
[2026-07-14 06:13:43,399] INFO [RaftManager id=1] Reading KRaft snapshot and log as part of the initialization (org.apache.kafka.raft.KafkaRaftClient)
[2026-07-14 06:13:43,400] INFO [RaftManager id=1] Starting voters are VoterSet(voters={1=VoterNode(voterKey=ReplicaKey(id=1, directoryId=<undefined>), listeners=Endpoints(endpoints={ListenerName(CONTROLLER)=base002-kafka-57160-1/172.20.0.2:19093}), supportedKRaftVersion=SupportedVersionRange[min_version:0, max_version:0]), 2=VoterNode(voterKey=ReplicaKey(id=2, directoryId=<undefined>), listeners=Endpoints(endpoints={ListenerName(CONTROLLER)=base002-kafka-57160-2/172.20.0.3:19093}), supportedKRaftVersion=SupportedVersionRange[min_version:0, max_version:0]), 3=VoterNode(voterKey=ReplicaKey(id=3, directoryId=<undefined>), listeners=Endpoints(endpoints={ListenerName(CONTROLLER)=base002-kafka-57160-3/172.20.0.4:19093}), supportedKRaftVersion=SupportedVersionRange[min_version:0, max_version:0])}) (org.apache.kafka.raft.KafkaRaftClient)
[2026-07-14 06:13:43,401] INFO [RaftManager id=1] Starting request manager with static voters: [base002-kafka-57160-1:19093 (id: 1 rack: null isFenced: false), base002-kafka-57160-2:19093 (id: 2 rack: null isFenced: false), base002-kafka-57160-3:19093 (id: 3 rack: null isFenced: false)] (org.apache.kafka.raft.KafkaRaftClient)
[2026-07-14 06:13:43,403] INFO [RaftManager id=1] Attempting durable transition to UnattachedState(epoch=0, leaderId=OptionalInt.empty, votedKey=Optional.empty, voters=[1, 2, 3], electionTimeoutMs=1559, highWatermark=Optional.empty) from null (org.apache.kafka.raft.QuorumState)
[2026-07-14 06:13:43,413] INFO [RaftManager id=1] Completed transition to UnattachedState(epoch=0, leaderId=OptionalInt.empty, votedKey=Optional.empty, voters=[1, 2, 3], electionTimeoutMs=1559, highWatermark=Optional.empty) from null (org.apache.kafka.raft.QuorumState)
[2026-07-14 06:13:43,415] INFO [kafka-1-raft-outbound-request-thread]: Starting (org.apache.kafka.raft.KafkaNetworkChannel$SendThread)
[2026-07-14 06:13:43,415] INFO [kafka-1-raft-io-thread]: Starting (org.apache.kafka.raft.KafkaRaftClientDriver)
[2026-07-14 06:13:43,424] INFO [MetadataLoader id=1] initializeNewPublishers: the loader is still catching up because we still don't know the high water mark yet. (org.apache.kafka.image.loader.MetadataLoader)
[2026-07-14 06:13:43,424] INFO [RaftManager id=1] Registered the listener org.apache.kafka.image.loader.MetadataLoader@1984504612 (org.apache.kafka.raft.KafkaRaftClient)
[2026-07-14 06:13:43,425] INFO [ControllerServer id=1] Waiting for controller quorum voters future (kafka.server.ControllerServer)
[2026-07-14 06:13:43,425] INFO [ControllerServer id=1] Finished waiting for controller quorum voters future (kafka.server.ControllerServer)
[2026-07-14 06:13:43,433] INFO [RaftManager id=1] Node 1 disconnected. (org.apache.kafka.clients.NetworkClient)
[2026-07-14 06:13:43,434] WARN [RaftManager id=1] Connection to node 1 (base002-kafka-57160-1/172.20.0.2:19093) could not be established. Node may not be available. (org.apache.kafka.clients.NetworkClient)
[2026-07-14 06:13:43,445] INFO [RaftManager id=1] Registered the listener org.apache.kafka.controller.QuorumController$QuorumMetaLogListener@1838378501 (org.apache.kafka.raft.KafkaRaftClient)
[2026-07-14 06:13:43,450] INFO [controller-1-ThrottledChannelReaper-Fetch]: Starting (kafka.server.ClientQuotaManager$ThrottledChannelReaper)
[2026-07-14 06:13:43,450] INFO [controller-1-ThrottledChannelReaper-Produce]: Starting (kafka.server.ClientQuotaManager$ThrottledChannelReaper)
[2026-07-14 06:13:43,454] INFO [controller-1-ThrottledChannelReaper-Request]: Starting (kafka.server.ClientQuotaManager$ThrottledChannelReaper)
[2026-07-14 06:13:43,456] INFO [controller-1-ThrottledChannelReaper-ControllerMutation]: Starting (kafka.server.ClientQuotaManager$ThrottledChannelReaper)
[2026-07-14 06:13:43,463] INFO [RaftManager id=1] Node 3 disconnected. (org.apache.kafka.clients.NetworkClient)
[2026-07-14 06:13:43,463] WARN [RaftManager id=1] Connection to node 3 (base002-kafka-57160-3/172.20.0.4:19093) could not be established. Node may not be available. (org.apache.kafka.clients.NetworkClient)
[2026-07-14 06:13:43,470] INFO [ExpirationReaper-0-null]: Starting (org.apache.kafka.server.purgatory.DelayedOperationPurgatory$ExpiredOperationReaper)
[2026-07-14 06:13:43,488] INFO [ControllerServer id=1] Waiting for the controller metadata publishers to be installed (kafka.server.ControllerServer)
[2026-07-14 06:13:43,488] INFO [ControllerServer id=1] Finished waiting for the controller metadata publishers to be installed (kafka.server.ControllerServer)
[2026-07-14 06:13:43,488] INFO [MetadataLoader id=1] initializeNewPublishers: the loader is still catching up because we still don't know the high water mark yet. (org.apache.kafka.image.loader.MetadataLoader)
[2026-07-14 06:13:43,489] INFO [SocketServer listenerType=CONTROLLER, nodeId=1] Enabling request processing. (kafka.network.SocketServer)
[2026-07-14 06:13:43,491] INFO Awaiting socket connections on 0.0.0.0:19093. (kafka.network.DataPlaneAcceptor)
[2026-07-14 06:13:43,502] INFO [controller-1-to-controller-registration-channel-manager]: Starting (kafka.server.NodeToControllerRequestThread)
[2026-07-14 06:13:43,504] INFO [ControllerServer id=1] Waiting for all of the authorizer futures to be completed (kafka.server.ControllerServer)
[2026-07-14 06:13:43,504] INFO [ControllerServer id=1] Finished waiting for all of the authorizer futures to be completed (kafka.server.ControllerServer)
[2026-07-14 06:13:43,504] INFO [ControllerServer id=1] Waiting for all of the SocketServer Acceptors to be started (kafka.server.ControllerServer)
[2026-07-14 06:13:43,504] INFO [ControllerServer id=1] Finished waiting for all of the SocketServer Acceptors to be started (kafka.server.ControllerServer)
[2026-07-14 06:13:43,507] INFO [ControllerRegistrationManager id=1 incarnation=EoXdqP5cRtCFo9ZjAYmuQA] initialized channel manager. (kafka.server.ControllerRegistrationManager)
[2026-07-14 06:13:43,508] INFO [BrokerServer id=1] Transition from SHUTDOWN to STARTING (kafka.server.BrokerServer)
[2026-07-14 06:13:43,509] INFO [ControllerRegistrationManager id=1 incarnation=EoXdqP5cRtCFo9ZjAYmuQA] maybeSendControllerRegistration: cannot register yet because the metadata.version is not known yet. (kafka.server.ControllerRegistrationManager)
[2026-07-14 06:13:43,510] INFO [BrokerServer id=1] Starting broker (kafka.server.BrokerServer)
[2026-07-14 06:13:43,513] INFO [broker-1-ThrottledChannelReaper-Fetch]: Starting (kafka.server.ClientQuotaManager$ThrottledChannelReaper)
[2026-07-14 06:13:43,513] INFO [broker-1-ThrottledChannelReaper-Request]: Starting (kafka.server.ClientQuotaManager$ThrottledChannelReaper)
[2026-07-14 06:13:43,513] INFO [broker-1-ThrottledChannelReaper-Produce]: Starting (kafka.server.ClientQuotaManager$ThrottledChannelReaper)
[2026-07-14 06:13:43,514] INFO [broker-1-ThrottledChannelReaper-ControllerMutation]: Starting (kafka.server.ClientQuotaManager$ThrottledChannelReaper)
[2026-07-14 06:13:43,531] INFO [BrokerServer id=1] Waiting for controller quorum voters future (kafka.server.BrokerServer)
[2026-07-14 06:13:43,532] INFO [BrokerServer id=1] Finished waiting for controller quorum voters future (kafka.server.BrokerServer)
[2026-07-14 06:13:43,535] INFO [broker-1-to-controller-forwarding-channel-manager]: Starting (kafka.server.NodeToControllerRequestThread)
[2026-07-14 06:13:43,559] INFO [client-metrics-reaper]: Starting (org.apache.kafka.server.util.timer.SystemTimerReaper$Reaper)
[2026-07-14 06:13:43,576] INFO Updated connection-accept-rate max connection creation rate to 2147483647 (kafka.network.ConnectionQuotas)
[2026-07-14 06:13:43,578] INFO [SocketServer listenerType=BROKER, nodeId=1] Created data-plane acceptor and processors for endpoint : ListenerName(PLAINTEXT) (kafka.network.SocketServer)
[2026-07-14 06:13:43,581] INFO [broker-1-to-controller-alter-partition-channel-manager]: Starting (kafka.server.NodeToControllerRequestThread)
[2026-07-14 06:13:43,589] INFO [MetadataLoader id=1] initializeNewPublishers: the loader is still catching up because we still don't know the high water mark yet. (org.apache.kafka.image.loader.MetadataLoader)
[2026-07-14 06:13:43,591] INFO [broker-1-to-controller-directory-assignments-channel-manager]: Starting (kafka.server.NodeToControllerRequestThread)
[2026-07-14 06:13:43,600] INFO [ExpirationReaper-0-null]: Starting (org.apache.kafka.server.purgatory.DelayedOperationPurgatory$ExpiredOperationReaper)
[2026-07-14 06:13:43,602] INFO [ExpirationReaper-0-null]: Starting (org.apache.kafka.server.purgatory.DelayedOperationPurgatory$ExpiredOperationReaper)
[2026-07-14 06:13:43,604] INFO [ExpirationReaper-0-null]: Starting (org.apache.kafka.server.purgatory.DelayedOperationPurgatory$ExpiredOperationReaper)
[2026-07-14 06:13:43,607] INFO [ExpirationReaper-0-null]: Starting (org.apache.kafka.server.purgatory.DelayedOperationPurgatory$ExpiredOperationReaper)
[2026-07-14 06:13:43,609] INFO [ExpirationReaper-0-null]: Starting (org.apache.kafka.server.purgatory.DelayedOperationPurgatory$ExpiredOperationReaper)
[2026-07-14 06:13:43,610] INFO [ExpirationReaper-0-null]: Starting (org.apache.kafka.server.purgatory.DelayedOperationPurgatory$ExpiredOperationReaper)
[2026-07-14 06:13:43,620] INFO [BrokerServer id=1] Using no op persister (kafka.server.BrokerServer)
[2026-07-14 06:13:43,622] INFO [group-coordinator-reaper]: Starting (org.apache.kafka.server.util.timer.SystemTimerReaper$Reaper)
[2026-07-14 06:13:43,645] INFO [group-coordinator-event-processor-0]: Starting (org.apache.kafka.coordinator.common.runtime.MultiThreadedEventProcessor$EventProcessorThread)
[2026-07-14 06:13:43,645] INFO [group-coordinator-event-processor-1]: Starting (org.apache.kafka.coordinator.common.runtime.MultiThreadedEventProcessor$EventProcessorThread)
[2026-07-14 06:13:43,645] INFO [group-coordinator-event-processor-2]: Starting (org.apache.kafka.coordinator.common.runtime.MultiThreadedEventProcessor$EventProcessorThread)
[2026-07-14 06:13:43,646] INFO [group-coordinator-event-processor-3]: Starting (org.apache.kafka.coordinator.common.runtime.MultiThreadedEventProcessor$EventProcessorThread)
[2026-07-14 06:13:43,664] INFO Unable to read the broker epoch in /tmp/kafka-logs. (kafka.log.LogManager)
[2026-07-14 06:13:43,669] INFO [broker-1-to-controller-heartbeat-channel-manager]: Starting (kafka.server.NodeToControllerRequestThread)
[2026-07-14 06:13:43,671] INFO [BrokerLifecycleManager id=1] Incarnation rO0t1QPCSNe1fDx-_ZSrRg of broker 1 in cluster 4L6g3nShT-eMCtK--X86sw is now STARTING. (kafka.server.BrokerLifecycleManager)
[2026-07-14 06:13:43,675] INFO [share-group-lock-timeout-reaper]: Starting (org.apache.kafka.server.util.timer.SystemTimerReaper$Reaper)
[2026-07-14 06:13:43,684] INFO [ExpirationReaper-0-null]: Starting (org.apache.kafka.server.purgatory.DelayedOperationPurgatory$ExpiredOperationReaper)
[2026-07-14 06:13:43,690] INFO [MetadataLoader id=1] initializeNewPublishers: the loader is still catching up because we still don't know the high water mark yet. (org.apache.kafka.image.loader.MetadataLoader)
[2026-07-14 06:13:43,698] INFO [BrokerServer id=1] Waiting for the broker metadata publishers to be installed (kafka.server.BrokerServer)
[2026-07-14 06:13:43,698] INFO [BrokerServer id=1] Finished waiting for the broker metadata publishers to be installed (kafka.server.BrokerServer)
[2026-07-14 06:13:43,698] INFO [MetadataLoader id=1] initializeNewPublishers: the loader is still catching up because we still don't know the high water mark yet. (org.apache.kafka.image.loader.MetadataLoader)
[2026-07-14 06:13:43,698] INFO [BrokerServer id=1] Waiting for the controller to acknowledge that we are caught up (kafka.server.BrokerServer)
[2026-07-14 06:13:43,798] INFO [MetadataLoader id=1] initializeNewPublishers: the loader is still catching up because we still don't know the high water mark yet. (org.apache.kafka.image.loader.MetadataLoader)
[2026-07-14 06:13:43,899] INFO [MetadataLoader id=1] initializeNewPublishers: the loader is still catching up because we still don't know the high water mark yet. (org.apache.kafka.image.loader.MetadataLoader)
[2026-07-14 06:13:43,999] INFO [MetadataLoader id=1] initializeNewPublishers: the loader is still catching up because we still don't know the high water mark yet. (org.apache.kafka.image.loader.MetadataLoader)
[2026-07-14 06:13:44,099] INFO [MetadataLoader id=1] initializeNewPublishers: the loader is still catching up because we still don't know the high water mark yet. (org.apache.kafka.image.loader.MetadataLoader)
[2026-07-14 06:13:44,200] INFO [MetadataLoader id=1] initializeNewPublishers: the loader is still catching up because we still don't know the high water mark yet. (org.apache.kafka.image.loader.MetadataLoader)
[2026-07-14 06:13:44,300] INFO [MetadataLoader id=1] initializeNewPublishers: the loader is still catching up because we still don't know the high water mark yet. (org.apache.kafka.image.loader.MetadataLoader)
[2026-07-14 06:13:44,401] INFO [MetadataLoader id=1] initializeNewPublishers: the loader is still catching up because we still don't know the high water mark yet. (org.apache.kafka.image.loader.MetadataLoader)
[2026-07-14 06:13:44,503] INFO [MetadataLoader id=1] initializeNewPublishers: the loader is still catching up because we still don't know the high water mark yet. (org.apache.kafka.image.loader.MetadataLoader)
[2026-07-14 06:13:44,604] INFO [MetadataLoader id=1] initializeNewPublishers: the loader is still catching up because we still don't know the high water mark yet. (org.apache.kafka.image.loader.MetadataLoader)
[2026-07-14 06:13:44,704] INFO [MetadataLoader id=1] initializeNewPublishers: the loader is still catching up because we still don't know the high water mark yet. (org.apache.kafka.image.loader.MetadataLoader)
[2026-07-14 06:13:44,729] INFO [RaftManager id=1] Vote request VoteRequestData(clusterId='4L6g3nShT-eMCtK--X86sw', voterId=1, topics=[TopicData(topicName='__cluster_metadata', partitions=[PartitionData(partitionIndex=0, replicaEpoch=0, replicaId=2, replicaDirectoryId=fhF_NYzvZcQPrhR9WkJoxg, voterDirectoryId=AAAAAAAAAAAAAAAAAAAAAA, lastOffsetEpoch=0, lastOffset=0, preVote=true)])]) with epoch 0 is granted (org.apache.kafka.raft.KafkaRaftClient)
[2026-07-14 06:13:44,740] INFO [RaftManager id=1] Attempting durable transition to UnattachedState(epoch=1, leaderId=OptionalInt.empty, votedKey=Optional.empty, voters=[1, 2, 3], electionTimeoutMs=222, highWatermark=Optional.empty) from UnattachedState(epoch=0, leaderId=OptionalInt.empty, votedKey=Optional.empty, voters=[1, 2, 3], electionTimeoutMs=1559, highWatermark=Optional.empty) (org.apache.kafka.raft.QuorumState)
[2026-07-14 06:13:44,744] INFO [RaftManager id=1] Completed transition to UnattachedState(epoch=1, leaderId=OptionalInt.empty, votedKey=Optional.empty, voters=[1, 2, 3], electionTimeoutMs=222, highWatermark=Optional.empty) from UnattachedState(epoch=0, leaderId=OptionalInt.empty, votedKey=Optional.empty, voters=[1, 2, 3], electionTimeoutMs=1559, highWatermark=Optional.empty) (org.apache.kafka.raft.QuorumState)
[2026-07-14 06:13:44,745] INFO [RaftManager id=1] Attempting durable transition to UnattachedState(epoch=1, leaderId=OptionalInt.empty, votedKey=Optional[ReplicaKey(id=2, directoryId=fhF_NYzvZcQPrhR9WkJoxg)], voters=[1, 2, 3], electionTimeoutMs=1396, highWatermark=Optional.empty) from UnattachedState(epoch=1, leaderId=OptionalInt.empty, votedKey=Optional.empty, voters=[1, 2, 3], electionTimeoutMs=222, highWatermark=Optional.empty) (org.apache.kafka.raft.QuorumState)
[2026-07-14 06:13:44,747] INFO [RaftManager id=1] Completed transition to UnattachedState(epoch=1, leaderId=OptionalInt.empty, votedKey=Optional[ReplicaKey(id=2, directoryId=fhF_NYzvZcQPrhR9WkJoxg)], voters=[1, 2, 3], electionTimeoutMs=1396, highWatermark=Optional.empty) from UnattachedState(epoch=1, leaderId=OptionalInt.empty, votedKey=Optional.empty, voters=[1, 2, 3], electionTimeoutMs=222, highWatermark=Optional.empty) (org.apache.kafka.raft.QuorumState)
[2026-07-14 06:13:44,747] INFO [RaftManager id=1] Vote request VoteRequestData(clusterId='4L6g3nShT-eMCtK--X86sw', voterId=1, topics=[TopicData(topicName='__cluster_metadata', partitions=[PartitionData(partitionIndex=0, replicaEpoch=1, replicaId=2, replicaDirectoryId=fhF_NYzvZcQPrhR9WkJoxg, voterDirectoryId=AAAAAAAAAAAAAAAAAAAAAA, lastOffsetEpoch=0, lastOffset=0, preVote=false)])]) with epoch 1 is granted (org.apache.kafka.raft.KafkaRaftClient)
[2026-07-14 06:13:44,784] INFO [RaftManager id=1] Attempting durable transition to FollowerState(fetchTimeoutMs=2000, epoch=1, leader=2, leaderEndpoints=Endpoints(endpoints={ListenerName(CONTROLLER)=967403057d58/<unresolved>:19093}), votedKey=Optional[ReplicaKey(id=2, directoryId=fhF_NYzvZcQPrhR9WkJoxg)], voters=[1, 2, 3], highWatermark=Optional.empty, fetchingSnapshot=Optional.empty) from UnattachedState(epoch=1, leaderId=OptionalInt.empty, votedKey=Optional[ReplicaKey(id=2, directoryId=fhF_NYzvZcQPrhR9WkJoxg)], voters=[1, 2, 3], electionTimeoutMs=1396, highWatermark=Optional.empty) (org.apache.kafka.raft.QuorumState)
[2026-07-14 06:13:44,786] INFO [RaftManager id=1] Completed transition to FollowerState(fetchTimeoutMs=2000, epoch=1, leader=2, leaderEndpoints=Endpoints(endpoints={ListenerName(CONTROLLER)=967403057d58/<unresolved>:19093}), votedKey=Optional[ReplicaKey(id=2, directoryId=fhF_NYzvZcQPrhR9WkJoxg)], voters=[1, 2, 3], highWatermark=Optional.empty, fetchingSnapshot=Optional.empty) from UnattachedState(epoch=1, leaderId=OptionalInt.empty, votedKey=Optional[ReplicaKey(id=2, directoryId=fhF_NYzvZcQPrhR9WkJoxg)], voters=[1, 2, 3], electionTimeoutMs=1396, highWatermark=Optional.empty) (org.apache.kafka.raft.QuorumState)
[2026-07-14 06:13:44,794] INFO [broker-1-to-controller-alter-partition-channel-manager]: Recorded new KRaft controller, from now on will use node base002-kafka-57160-2:19093 (id: 2 rack: null isFenced: false) (kafka.server.NodeToControllerRequestThread)
[2026-07-14 06:13:44,794] INFO [broker-1-to-controller-directory-assignments-channel-manager]: Recorded new KRaft controller, from now on will use node base002-kafka-57160-2:19093 (id: 2 rack: null isFenced: false) (kafka.server.NodeToControllerRequestThread)
[2026-07-14 06:13:44,808] INFO [MetadataLoader id=1] initializeNewPublishers: the loader is still catching up because we still don't know the high water mark yet. (org.apache.kafka.image.loader.MetadataLoader)
[2026-07-14 06:13:44,811] INFO [controller-1-to-controller-registration-channel-manager]: Recorded new KRaft controller, from now on will use node base002-kafka-57160-2:19093 (id: 2 rack: null isFenced: false) (kafka.server.NodeToControllerRequestThread)
[2026-07-14 06:13:44,840] INFO [broker-1-to-controller-forwarding-channel-manager]: Recorded new KRaft controller, from now on will use node base002-kafka-57160-2:19093 (id: 2 rack: null isFenced: false) (kafka.server.NodeToControllerRequestThread)
[2026-07-14 06:13:44,853] INFO [RaftManager id=1] High watermark set to Optional[LogOffsetMetadata(offset=1, metadata=Optional.empty)] for the first time for epoch 1 (org.apache.kafka.raft.FollowerState)
[2026-07-14 06:13:44,854] INFO [RaftManager id=1] Setting the next offset of org.apache.kafka.image.loader.MetadataLoader@1984504612 to 0 since there are no snapshots (org.apache.kafka.raft.KafkaRaftClient)
[2026-07-14 06:13:44,854] INFO [RaftManager id=1] Setting the next offset of org.apache.kafka.controller.QuorumController$QuorumMetaLogListener@1838378501 to 0 since there are no snapshots (org.apache.kafka.raft.KafkaRaftClient)
[2026-07-14 06:13:44,855] INFO [MetadataLoader id=1] maybePublishMetadata(LOG_DELTA): The loader is still catching up because we have not loaded a controller record as of offset 0 and high water mark is 1 (org.apache.kafka.image.loader.MetadataLoader)
[2026-07-14 06:13:44,876] INFO [broker-1-to-controller-heartbeat-channel-manager]: Recorded new KRaft controller, from now on will use node base002-kafka-57160-2:19093 (id: 2 rack: null isFenced: false) (kafka.server.NodeToControllerRequestThread)
[2026-07-14 06:13:44,910] INFO [MetadataLoader id=1] initializeNewPublishers: The loader is still catching up because we have not loaded a controller record as of offset 0 and high water mark is 1 (org.apache.kafka.image.loader.MetadataLoader)
[2026-07-14 06:13:44,926] INFO [BrokerLifecycleManager id=1] Successfully registered broker 1 with broker epoch 9 (kafka.server.BrokerLifecycleManager)
[2026-07-14 06:13:44,926] INFO [MetadataLoader id=1] maybePublishMetadata(LOG_DELTA): The loader finished catching up to the current high water mark of 8 (org.apache.kafka.image.loader.MetadataLoader)
[2026-07-14 06:13:44,930] INFO [MetadataLoader id=1] InitializeNewPublishers: initializing SnapshotGenerator with a snapshot at offset 7 (org.apache.kafka.image.loader.MetadataLoader)
[2026-07-14 06:13:44,931] INFO [MetadataLoader id=1] InitializeNewPublishers: initializing KRaftMetadataCachePublisher with a snapshot at offset 7 (org.apache.kafka.image.loader.MetadataLoader)
[2026-07-14 06:13:44,931] INFO [MetadataLoader id=1] InitializeNewPublishers: initializing FeaturesPublisher with a snapshot at offset 7 (org.apache.kafka.image.loader.MetadataLoader)
[2026-07-14 06:13:44,938] INFO [ControllerServer id=1] Loaded new metadata Features(metadataVersion=4.0-IV3, finalizedFeatures={group.version=1, transaction.version=2, metadata.version=25}, finalizedFeaturesEpoch=7). (org.apache.kafka.metadata.publisher.FeaturesPublisher)
[2026-07-14 06:13:44,938] INFO [MetadataLoader id=1] InitializeNewPublishers: initializing ControllerRegistrationsPublisher with a snapshot at offset 7 (org.apache.kafka.image.loader.MetadataLoader)
[2026-07-14 06:13:44,938] INFO [MetadataLoader id=1] InitializeNewPublishers: initializing ControllerRegistrationManager with a snapshot at offset 7 (org.apache.kafka.image.loader.MetadataLoader)
[2026-07-14 06:13:44,943] INFO [MetadataLoader id=1] InitializeNewPublishers: initializing DynamicConfigPublisher controller id=1 with a snapshot at offset 7 (org.apache.kafka.image.loader.MetadataLoader)
[2026-07-14 06:13:44,943] INFO [MetadataLoader id=1] InitializeNewPublishers: initializing DynamicClientQuotaPublisher controller id=1 with a snapshot at offset 7 (org.apache.kafka.image.loader.MetadataLoader)
[2026-07-14 06:13:44,944] INFO [MetadataLoader id=1] InitializeNewPublishers: initializing DynamicTopicClusterQuotaPublisher controller id=1 with a snapshot at offset 7 (org.apache.kafka.image.loader.MetadataLoader)
[2026-07-14 06:13:44,945] INFO [MetadataLoader id=1] InitializeNewPublishers: initializing ScramPublisher controller id=1 with a snapshot at offset 7 (org.apache.kafka.image.loader.MetadataLoader)
[2026-07-14 06:13:44,947] INFO [MetadataLoader id=1] InitializeNewPublishers: initializing DelegationTokenPublisher controller id=1 with a snapshot at offset 7 (org.apache.kafka.image.loader.MetadataLoader)
[2026-07-14 06:13:44,948] INFO [MetadataLoader id=1] InitializeNewPublishers: initializing ControllerMetadataMetricsPublisher with a snapshot at offset 7 (org.apache.kafka.image.loader.MetadataLoader)
[2026-07-14 06:13:44,949] INFO [MetadataLoader id=1] InitializeNewPublishers: initializing AclPublisher controller id=1 with a snapshot at offset 7 (org.apache.kafka.image.loader.MetadataLoader)
[2026-07-14 06:13:44,949] INFO [MetadataLoader id=1] InitializeNewPublishers: initializing MetadataVersionPublisher(id=1) with a snapshot at offset 7 (org.apache.kafka.image.loader.MetadataLoader)
[2026-07-14 06:13:44,949] INFO [MetadataLoader id=1] InitializeNewPublishers: initializing BrokerMetadataPublisher with a snapshot at offset 7 (org.apache.kafka.image.loader.MetadataLoader)
[2026-07-14 06:13:44,950] INFO [ControllerRegistrationManager id=1 incarnation=EoXdqP5cRtCFo9ZjAYmuQA] sendControllerRegistration: attempting to send ControllerRegistrationRequestData(controllerId=1, incarnationId=EoXdqP5cRtCFo9ZjAYmuQA, zkMigrationReady=false, listeners=[Listener(name='CONTROLLER', host='8aab5597be2e', port=19093, securityProtocol=0)], features=[Feature(name='group.version', minSupportedVersion=0, maxSupportedVersion=1), Feature(name='transaction.version', minSupportedVersion=0, maxSupportedVersion=2), Feature(name='eligible.leader.replicas.version', minSupportedVersion=0, maxSupportedVersion=1), Feature(name='kraft.version', minSupportedVersion=0, maxSupportedVersion=1), Feature(name='metadata.version', minSupportedVersion=7, maxSupportedVersion=25)]) (kafka.server.ControllerRegistrationManager)
[2026-07-14 06:13:44,951] INFO [BrokerMetadataPublisher id=1] Publishing initial metadata at offset OffsetAndEpoch(offset=7, epoch=1) with metadata.version Optional[4.0-IV3]. (kafka.server.metadata.BrokerMetadataPublisher)
[2026-07-14 06:13:44,952] INFO Loading logs from log dirs ArrayBuffer(/tmp/kafka-logs) (kafka.log.LogManager)
[2026-07-14 06:13:44,954] INFO No logs found to be loaded in /tmp/kafka-logs (kafka.log.LogManager)
[2026-07-14 06:13:44,959] INFO Loaded 0 logs in 6ms (kafka.log.LogManager)
[2026-07-14 06:13:44,960] INFO Starting log cleanup with a period of 300000 ms. (kafka.log.LogManager)
[2026-07-14 06:13:44,960] INFO Starting log flusher with a default period of 9223372036854775807 ms. (kafka.log.LogManager)
[2026-07-14 06:13:44,978] INFO [ControllerRegistrationManager id=1 incarnation=EoXdqP5cRtCFo9ZjAYmuQA] RegistrationResponseHandler: controller acknowledged ControllerRegistrationRequest. (kafka.server.ControllerRegistrationManager)
[2026-07-14 06:13:45,044] INFO [kafka-log-cleaner-thread-0]: Starting (kafka.log.LogCleaner$CleanerThread)
[2026-07-14 06:13:45,048] INFO [LogDirFailureHandler]: Starting (kafka.server.ReplicaManager$LogDirFailureHandler)
[2026-07-14 06:13:45,048] INFO [AddPartitionsToTxnSenderThread-1]: Starting (kafka.server.AddPartitionsToTxnManager)
[2026-07-14 06:13:45,048] INFO [GroupCoordinator id=1] Starting up. (org.apache.kafka.coordinator.group.GroupCoordinatorService)
[2026-07-14 06:13:45,049] INFO [GroupCoordinator id=1] Startup complete. (org.apache.kafka.coordinator.group.GroupCoordinatorService)
[2026-07-14 06:13:45,049] INFO [TransactionCoordinator id=1] Starting up. (kafka.coordinator.transaction.TransactionCoordinator)
[2026-07-14 06:13:45,051] INFO [TxnMarkerSenderThread-1]: Starting (kafka.coordinator.transaction.TransactionMarkerChannelManager)
[2026-07-14 06:13:45,051] INFO [TransactionCoordinator id=1] Startup complete. (kafka.coordinator.transaction.TransactionCoordinator)
[2026-07-14 06:13:45,058] INFO [MetadataLoader id=1] InitializeNewPublishers: initializing BrokerRegistrationTracker(id=1) with a snapshot at offset 7 (org.apache.kafka.image.loader.MetadataLoader)
[2026-07-14 06:13:45,060] INFO [ControllerRegistrationManager id=1 incarnation=EoXdqP5cRtCFo9ZjAYmuQA] Our registration has been persisted to the metadata log. (kafka.server.ControllerRegistrationManager)
[2026-07-14 06:13:45,099] INFO [BrokerLifecycleManager id=1] The broker has caught up. Transitioning from STARTING to RECOVERY. (kafka.server.BrokerLifecycleManager)
[2026-07-14 06:13:45,099] INFO [BrokerServer id=1] Finished waiting for the controller to acknowledge that we are caught up (kafka.server.BrokerServer)
[2026-07-14 06:13:45,100] INFO [BrokerServer id=1] Waiting for the initial broker metadata update to be published (kafka.server.BrokerServer)
[2026-07-14 06:13:45,100] INFO [BrokerServer id=1] Finished waiting for the initial broker metadata update to be published (kafka.server.BrokerServer)
[2026-07-14 06:13:45,100] INFO KafkaConfig values: 
	add.partitions.to.txn.retry.backoff.max.ms = 100
	add.partitions.to.txn.retry.backoff.ms = 20
	advertised.listeners = PLAINTEXT://base002-kafka-57160-1:19092
	alter.config.policy.class.name = null
	alter.log.dirs.replication.quota.window.num = 11
	alter.log.dirs.replication.quota.window.size.seconds = 1
	authorizer.class.name = 
	auto.create.topics.enable = true
	auto.leader.rebalance.enable = true
	background.threads = 10
	broker.heartbeat.interval.ms = 2000
	broker.id = 1
	broker.rack = null
	broker.session.timeout.ms = 9000
	client.quota.callback.class = null
	compression.gzip.level = -1
	compression.lz4.level = 9
	compression.type = producer
	compression.zstd.level = 3
	connection.failed.authentication.delay.ms = 100
	connections.max.idle.ms = 600000
	connections.max.reauth.ms = 0
	controlled.shutdown.enable = true
	controller.listener.names = CONTROLLER
	controller.performance.always.log.threshold.ms = 2000
	controller.performance.sample.period.ms = 60000
	controller.quorum.append.linger.ms = 25
	controller.quorum.bootstrap.servers = []
	controller.quorum.election.backoff.max.ms = 1000
	controller.quorum.election.timeout.ms = 1000
	controller.quorum.fetch.timeout.ms = 2000
	controller.quorum.request.timeout.ms = 2000
	controller.quorum.retry.backoff.ms = 20
	controller.quorum.voters = [1@base002-kafka-57160-1:19093, 2@base002-kafka-57160-2:19093, 3@base002-kafka-57160-3:19093]
	controller.quota.window.num = 11
	controller.quota.window.size.seconds = 1
	controller.socket.timeout.ms = 30000
	create.topic.policy.class.name = null
	default.replication.factor = 1
	delegation.token.expiry.check.interval.ms = 3600000
	delegation.token.expiry.time.ms = 86400000
	delegation.token.max.lifetime.ms = 604800000
	delegation.token.secret.key = null
	delete.records.purgatory.purge.interval.requests = 1
	delete.topic.enable = true
	early.start.listeners = null
	fetch.max.bytes = 57671680
	fetch.purgatory.purge.interval.requests = 1000
	group.consumer.assignors = [uniform, range]
	group.consumer.heartbeat.interval.ms = 5000
	group.consumer.max.heartbeat.interval.ms = 15000
	group.consumer.max.session.timeout.ms = 60000
	group.consumer.max.size = 2147483647
	group.consumer.migration.policy = bidirectional
	group.consumer.min.heartbeat.interval.ms = 5000
	group.consumer.min.session.timeout.ms = 45000
	group.consumer.session.timeout.ms = 45000
	group.coordinator.append.linger.ms = 5
	group.coordinator.new.enable = true
	group.coordinator.rebalance.protocols = [classic, consumer]
	group.coordinator.threads = 4
	group.initial.rebalance.delay.ms = 0
	group.max.session.timeout.ms = 1800000
	group.max.size = 2147483647
	group.min.session.timeout.ms = 6000
	group.share.delivery.count.limit = 5
	group.share.enable = false
	group.share.heartbeat.interval.ms = 5000
	group.share.max.groups = 10
	group.share.max.heartbeat.interval.ms = 15000
	group.share.max.record.lock.duration.ms = 60000
	group.share.max.session.timeout.ms = 60000
	group.share.max.size = 200
	group.share.min.heartbeat.interval.ms = 5000
	group.share.min.record.lock.duration.ms = 15000
	group.share.min.session.timeout.ms = 45000
	group.share.partition.max.record.locks = 200
	group.share.persister.class.name = org.apache.kafka.server.share.persister.DefaultStatePersister
	group.share.record.lock.duration.ms = 30000
	group.share.session.timeout.ms = 45000
	initial.broker.registration.timeout.ms = 60000
	inter.broker.listener.name = null
	kafka.metrics.polling.interval.secs = 10
	kafka.metrics.reporters = []
	leader.imbalance.check.interval.seconds = 300
	listener.security.protocol.map = CONTROLLER:PLAINTEXT,PLAINTEXT:PLAINTEXT
	listeners = PLAINTEXT://:19092,CONTROLLER://:19093
	log.cleaner.backoff.ms = 15000
	log.cleaner.dedupe.buffer.size = 134217728
	log.cleaner.delete.retention.ms = 86400000
	log.cleaner.enable = true
	log.cleaner.io.buffer.load.factor = 0.9
	log.cleaner.io.buffer.size = 524288
	log.cleaner.io.max.bytes.per.second = 1.7976931348623157E308
	log.cleaner.max.compaction.lag.ms = 9223372036854775807
	log.cleaner.min.cleanable.ratio = 0.5
	log.cleaner.min.compaction.lag.ms = 0
	log.cleaner.threads = 1
	log.cleanup.policy = [delete]
	log.dir = /tmp/kafka-logs
	log.dir.failure.timeout.ms = 30000
	log.dirs = null
	log.flush.interval.messages = 9223372036854775807
	log.flush.interval.ms = null
	log.flush.offset.checkpoint.interval.ms = 60000
	log.flush.scheduler.interval.ms = 9223372036854775807
	log.flush.start.offset.checkpoint.interval.ms = 60000
	log.index.interval.bytes = 4096
	log.index.size.max.bytes = 10485760
	log.initial.task.delay.ms = 30000
	log.local.retention.bytes = -2
	log.local.retention.ms = -2
	log.message.timestamp.after.max.ms = 3600000
	log.message.timestamp.before.max.ms = 9223372036854775807
	log.message.timestamp.type = CreateTime
	log.preallocate = false
	log.retention.bytes = -1
	log.retention.check.interval.ms = 300000
	log.retention.hours = 168
	log.retention.minutes = null
	log.retention.ms = null
	log.roll.hours = 168
	log.roll.jitter.hours = 0
	log.roll.jitter.ms = null
	log.roll.ms = null
	log.segment.bytes = 1073741824
	log.segment.delete.delay.ms = 60000
	max.connection.creation.rate = 2147483647
	max.connections = 2147483647
	max.connections.per.ip = 2147483647
	max.connections.per.ip.overrides = 
	max.incremental.fetch.session.cache.slots = 1000
	max.request.partition.size.limit = 2000
	message.max.bytes = 1048588
	metadata.log.dir = null
	metadata.log.max.record.bytes.between.snapshots = 20971520
	metadata.log.max.snapshot.interval.ms = 3600000
	metadata.log.segment.bytes = 1073741824
	metadata.log.segment.min.bytes = 8388608
	metadata.log.segment.ms = 604800000
	metadata.max.idle.interval.ms = 500
	metadata.max.retention.bytes = 104857600
	metadata.max.retention.ms = 604800000
	metric.reporters = [org.apache.kafka.common.metrics.JmxReporter]
	metrics.num.samples = 2
	metrics.recording.level = INFO
	metrics.sample.window.ms = 30000
	min.insync.replicas = 1
	node.id = 1
	num.io.threads = 8
	num.network.threads = 3
	num.partitions = 1
	num.recovery.threads.per.data.dir = 2
	num.replica.alter.log.dirs.threads = null
	num.replica.fetchers = 1
	offset.metadata.max.bytes = 4096
	offsets.commit.timeout.ms = 5000
	offsets.load.buffer.size = 5242880
	offsets.retention.check.interval.ms = 600000
	offsets.retention.minutes = 10080
	offsets.topic.compression.codec = 0
	offsets.topic.num.partitions = 50
	offsets.topic.replication.factor = 3
	offsets.topic.segment.bytes = 104857600
	principal.builder.class = class org.apache.kafka.common.security.authenticator.DefaultKafkaPrincipalBuilder
	process.roles = [broker, controller]
	producer.id.expiration.check.interval.ms = 600000
	producer.id.expiration.ms = 86400000
	producer.purgatory.purge.interval.requests = 1000
	queued.max.request.bytes = -1
	queued.max.requests = 500
	quota.window.num = 11
	quota.window.size.seconds = 1
	remote.fetch.max.wait.ms = 500
	remote.list.offsets.request.timeout.ms = 30000
	remote.log.index.file.cache.total.size.bytes = 1073741824
	remote.log.manager.copier.thread.pool.size = 10
	remote.log.manager.copy.max.bytes.per.second = 9223372036854775807
	remote.log.manager.copy.quota.window.num = 11
	remote.log.manager.copy.quota.window.size.seconds = 1
	remote.log.manager.expiration.thread.pool.size = 10
	remote.log.manager.fetch.max.bytes.per.second = 9223372036854775807
	remote.log.manager.fetch.quota.window.num = 11
	remote.log.manager.fetch.quota.window.size.seconds = 1
	remote.log.manager.task.interval.ms = 30000
	remote.log.manager.task.retry.backoff.max.ms = 30000
	remote.log.manager.task.retry.backoff.ms = 500
	remote.log.manager.task.retry.jitter = 0.2
	remote.log.manager.thread.pool.size = 2
	remote.log.metadata.custom.metadata.max.bytes = 128
	remote.log.metadata.manager.class.name = org.apache.kafka.server.log.remote.metadata.storage.TopicBasedRemoteLogMetadataManager
	remote.log.metadata.manager.class.path = null
	remote.log.metadata.manager.impl.prefix = rlmm.config.
	remote.log.metadata.manager.listener.name = null
	remote.log.reader.max.pending.tasks = 100
	remote.log.reader.threads = 10
	remote.log.storage.manager.class.name = null
	remote.log.storage.manager.class.path = null
	remote.log.storage.manager.impl.prefix = rsm.config.
	remote.log.storage.system.enable = false
	replica.fetch.backoff.ms = 1000
	replica.fetch.max.bytes = 1048576
	replica.fetch.min.bytes = 1
	replica.fetch.response.max.bytes = 10485760
	replica.fetch.wait.max.ms = 500
	replica.high.watermark.checkpoint.interval.ms = 5000
	replica.lag.time.max.ms = 30000
	replica.selector.class = null
	replica.socket.receive.buffer.bytes = 65536
	replica.socket.timeout.ms = 30000
	replication.quota.window.num = 11
	replication.quota.window.size.seconds = 1
	request.timeout.ms = 30000
	sasl.client.callback.handler.class = null
	sasl.enabled.mechanisms = [GSSAPI]
	sasl.jaas.config = null
	sasl.kerberos.kinit.cmd = /usr/bin/kinit
	sasl.kerberos.min.time.before.relogin = 60000
	sasl.kerberos.principal.to.local.rules = [DEFAULT]
	sasl.kerberos.service.name = null
	sasl.kerberos.ticket.renew.jitter = 0.05
	sasl.kerberos.ticket.renew.window.factor = 0.8
	sasl.login.callback.handler.class = null
	sasl.login.class = null
	sasl.login.connect.timeout.ms = null
	sasl.login.read.timeout.ms = null
	sasl.login.refresh.buffer.seconds = 300
	sasl.login.refresh.min.period.seconds = 60
	sasl.login.refresh.window.factor = 0.8
	sasl.login.refresh.window.jitter = 0.05
	sasl.login.retry.backoff.max.ms = 10000
	sasl.login.retry.backoff.ms = 100
	sasl.mechanism.controller.protocol = GSSAPI
	sasl.mechanism.inter.broker.protocol = GSSAPI
	sasl.oauthbearer.clock.skew.seconds = 30
	sasl.oauthbearer.expected.audience = null
	sasl.oauthbearer.expected.issuer = null
	sasl.oauthbearer.jwks.endpoint.refresh.ms = 3600000
	sasl.oauthbearer.jwks.endpoint.retry.backoff.max.ms = 10000
	sasl.oauthbearer.jwks.endpoint.retry.backoff.ms = 100
	sasl.oauthbearer.jwks.endpoint.url = null
	sasl.oauthbearer.scope.claim.name = scope
	sasl.oauthbearer.sub.claim.name = sub
	sasl.oauthbearer.token.endpoint.url = null
	sasl.server.callback.handler.class = null
	sasl.server.max.receive.size = 524288
	security.inter.broker.protocol = PLAINTEXT
	security.providers = null
	server.max.startup.time.ms = 9223372036854775807
	share.coordinator.append.linger.ms = 10
	share.coordinator.load.buffer.size = 5242880
	share.coordinator.snapshot.update.records.per.snapshot = 500
	share.coordinator.state.topic.compression.codec = 0
	share.coordinator.state.topic.min.isr = 2
	share.coordinator.state.topic.num.partitions = 50
	share.coordinator.state.topic.prune.interval.ms = 300000
	share.coordinator.state.topic.replication.factor = 3
	share.coordinator.state.topic.segment.bytes = 104857600
	share.coordinator.threads = 1
	share.coordinator.write.timeout.ms = 5000
	share.fetch.max.fetch.records = 2147483647
	share.fetch.purgatory.purge.interval.requests = 1000
	socket.connection.setup.timeout.max.ms = 30000
	socket.connection.setup.timeout.ms = 10000
	socket.listen.backlog.size = 50
	socket.receive.buffer.bytes = 102400
	socket.request.max.bytes = 104857600
	socket.send.buffer.bytes = 102400
	ssl.allow.dn.changes = false
	ssl.allow.san.changes = false
	ssl.cipher.suites = []
	ssl.client.auth = none
	ssl.enabled.protocols = [TLSv1.2, TLSv1.3]
	ssl.endpoint.identification.algorithm = https
	ssl.engine.factory.class = null
	ssl.key.password = null
	ssl.keymanager.algorithm = SunX509
	ssl.keystore.certificate.chain = null
	ssl.keystore.key = null
	ssl.keystore.location = null
	ssl.keystore.password = null
	ssl.keystore.type = JKS
	ssl.principal.mapping.rules = DEFAULT
	ssl.protocol = TLSv1.3
	ssl.provider = null
	ssl.secure.random.implementation = null
	ssl.trustmanager.algorithm = PKIX
	ssl.truststore.certificates = null
	ssl.truststore.location = null
	ssl.truststore.password = null
	ssl.truststore.type = JKS
	telemetry.max.bytes = 1048576
	transaction.abort.timed.out.transaction.cleanup.interval.ms = 10000
	transaction.max.timeout.ms = 900000
	transaction.partition.verification.enable = true
	transaction.remove.expired.transaction.cleanup.interval.ms = 3600000
	transaction.state.log.load.buffer.size = 5242880
	transaction.state.log.min.isr = 2
	transaction.state.log.num.partitions = 50
	transaction.state.log.replication.factor = 3
	transaction.state.log.segment.bytes = 104857600
	transactional.id.expiration.ms = 604800000
	unclean.leader.election.enable = false
	unclean.leader.election.interval.ms = 300000
	unstable.api.versions.enable = false
	unstable.feature.versions.enable = false
 (org.apache.kafka.common.config.AbstractConfig)
[2026-07-14 06:13:45,102] INFO [BrokerServer id=1] Waiting for the broker to be unfenced (kafka.server.BrokerServer)
[2026-07-14 06:13:45,133] INFO [BrokerLifecycleManager id=1] The broker has been unfenced. Transitioning from RECOVERY to RUNNING. (kafka.server.BrokerLifecycleManager)
[2026-07-14 06:13:45,133] INFO [BrokerServer id=1] Finished waiting for the broker to be unfenced (kafka.server.BrokerServer)
[2026-07-14 06:13:45,134] INFO authorizerStart completed for endpoint PLAINTEXT. Endpoint is now READY. (org.apache.kafka.server.network.EndpointReadyFutures)
[2026-07-14 06:13:45,134] INFO [SocketServer listenerType=BROKER, nodeId=1] Enabling request processing. (kafka.network.SocketServer)
[2026-07-14 06:13:45,134] INFO Awaiting socket connections on 0.0.0.0:19092. (kafka.network.DataPlaneAcceptor)
[2026-07-14 06:13:45,135] INFO [BrokerServer id=1] Waiting for all of the authorizer futures to be completed (kafka.server.BrokerServer)
[2026-07-14 06:13:45,135] INFO [BrokerServer id=1] Finished waiting for all of the authorizer futures to be completed (kafka.server.BrokerServer)
[2026-07-14 06:13:45,135] INFO [BrokerServer id=1] Waiting for all of the SocketServer Acceptors to be started (kafka.server.BrokerServer)
[2026-07-14 06:13:45,135] INFO [BrokerServer id=1] Finished waiting for all of the SocketServer Acceptors to be started (kafka.server.BrokerServer)
[2026-07-14 06:13:45,135] INFO [BrokerServer id=1] Transition from STARTING to STARTED (kafka.server.BrokerServer)
[2026-07-14 06:13:45,136] INFO Kafka version: 4.0.0 (org.apache.kafka.common.utils.AppInfoParser)
[2026-07-14 06:13:45,136] INFO Kafka commitId: 985bc99521dd22bb (org.apache.kafka.common.utils.AppInfoParser)
[2026-07-14 06:13:45,136] INFO Kafka startTimeMs: 1784009625135 (org.apache.kafka.common.utils.AppInfoParser)
[2026-07-14 06:13:45,136] INFO [KafkaRaftServer nodeId=1] Kafka Server started (kafka.server.KafkaRaftServer)
[2026-07-14 06:13:46,865] INFO [ReplicaFetcherManager on broker 1] Removed fetcher for partitions Set(ai-video-int-events-2) (kafka.server.ReplicaFetcherManager)
[2026-07-14 06:13:46,877] INFO [LogLoader partition=ai-video-int-events-2, dir=/tmp/kafka-logs] Loading producer state till offset 0 (org.apache.kafka.storage.internals.log.UnifiedLog)
[2026-07-14 06:13:46,879] INFO Created log for partition ai-video-int-events-2 in /tmp/kafka-logs/ai-video-int-events-2 with properties {min.insync.replicas=2} (kafka.log.LogManager)
[2026-07-14 06:13:46,883] INFO [Partition ai-video-int-events-2 broker=1] No checkpointed highwatermark is found for partition ai-video-int-events-2 (kafka.cluster.Partition)
[2026-07-14 06:13:46,885] INFO [Partition ai-video-int-events-2 broker=1] Log loaded for partition ai-video-int-events-2 with initial high watermark 0 (kafka.cluster.Partition)
[2026-07-14 06:13:46,909] INFO [LogLoader partition=ai-video-int-events-0, dir=/tmp/kafka-logs] Loading producer state till offset 0 (org.apache.kafka.storage.internals.log.UnifiedLog)
[2026-07-14 06:13:46,909] INFO Created log for partition ai-video-int-events-0 in /tmp/kafka-logs/ai-video-int-events-0 with properties {min.insync.replicas=2} (kafka.log.LogManager)
[2026-07-14 06:13:46,910] INFO [Partition ai-video-int-events-0 broker=1] No checkpointed highwatermark is found for partition ai-video-int-events-0 (kafka.cluster.Partition)
[2026-07-14 06:13:46,910] INFO [Partition ai-video-int-events-0 broker=1] Log loaded for partition ai-video-int-events-0 with initial high watermark 0 (kafka.cluster.Partition)
[2026-07-14 06:13:46,920] INFO [LogLoader partition=ai-video-int-events-1, dir=/tmp/kafka-logs] Loading producer state till offset 0 (org.apache.kafka.storage.internals.log.UnifiedLog)
[2026-07-14 06:13:46,922] INFO Created log for partition ai-video-int-events-1 in /tmp/kafka-logs/ai-video-int-events-1 with properties {min.insync.replicas=2} (kafka.log.LogManager)
[2026-07-14 06:13:46,922] INFO [Partition ai-video-int-events-1 broker=1] No checkpointed highwatermark is found for partition ai-video-int-events-1 (kafka.cluster.Partition)
[2026-07-14 06:13:46,923] INFO [Partition ai-video-int-events-1 broker=1] Log loaded for partition ai-video-int-events-1 with initial high watermark 0 (kafka.cluster.Partition)
[2026-07-14 06:13:46,923] INFO [ReplicaFetcherManager on broker 1] Removed fetcher for partitions Set(ai-video-int-events-0, ai-video-int-events-1) (kafka.server.ReplicaFetcherManager)
[2026-07-14 06:13:46,955] INFO [ReplicaFetcherThread-0-3]: Starting (kafka.server.ReplicaFetcherThread)
[2026-07-14 06:13:46,956] INFO [ReplicaFetcher replicaId=1, leaderId=3, fetcherId=0] Truncating partition ai-video-int-events-1 with TruncationState(offset=0, completed=true) due to local high watermark 0 (kafka.server.ReplicaFetcherThread)
[2026-07-14 06:13:46,957] INFO [UnifiedLog partition=ai-video-int-events-1, dir=/tmp/kafka-logs] Truncating to 0 has no effect as the largest offset in the log is -1 (kafka.log.UnifiedLog)
[2026-07-14 06:13:46,958] INFO [ReplicaFetcherManager on broker 1] Added fetcher to broker 3 for partitions HashMap(ai-video-int-events-1 -> InitialFetchState(Some(rwIDsGplQ6OzSCj5o8GNjw),BrokerEndPoint(id=3, host=base002-kafka-57160-3:19092),0,0)) (kafka.server.ReplicaFetcherManager)
[2026-07-14 06:13:46,967] INFO [ReplicaFetcherManager on broker 1] Added fetcher to broker 2 for partitions HashMap(ai-video-int-events-0 -> InitialFetchState(Some(rwIDsGplQ6OzSCj5o8GNjw),BrokerEndPoint(id=2, host=base002-kafka-57160-2:19092),0,0)) (kafka.server.ReplicaFetcherManager)
[2026-07-14 06:13:46,968] INFO [ReplicaFetcherThread-0-2]: Starting (kafka.server.ReplicaFetcherThread)
[2026-07-14 06:13:46,968] INFO [ReplicaFetcher replicaId=1, leaderId=2, fetcherId=0] Truncating partition ai-video-int-events-0 with TruncationState(offset=0, completed=true) due to local high watermark 0 (kafka.server.ReplicaFetcherThread)
[2026-07-14 06:13:46,968] INFO [UnifiedLog partition=ai-video-int-events-0, dir=/tmp/kafka-logs] Truncating to 0 has no effect as the largest offset in the log is -1 (kafka.log.UnifiedLog)
[2026-07-14 06:13:46,977] INFO [DynamicConfigPublisher broker id=1] Updating topic ai-video-int-events with new configuration : min.insync.replicas -> 2 (kafka.server.metadata.DynamicConfigPublisher)
[2026-07-14 06:13:47,862] INFO [ReplicaFetcherManager on broker 1] Removed fetcher for partitions Set(ai-video-int-events.dlq-2) (kafka.server.ReplicaFetcherManager)
[2026-07-14 06:13:47,866] INFO [LogLoader partition=ai-video-int-events.dlq-2, dir=/tmp/kafka-logs] Loading producer state till offset 0 (org.apache.kafka.storage.internals.log.UnifiedLog)
[2026-07-14 06:13:47,867] INFO Created log for partition ai-video-int-events.dlq-2 in /tmp/kafka-logs/ai-video-int-events.dlq-2 with properties {min.insync.replicas=2} (kafka.log.LogManager)
[2026-07-14 06:13:47,867] INFO [Partition ai-video-int-events.dlq-2 broker=1] No checkpointed highwatermark is found for partition ai-video-int-events.dlq-2 (kafka.cluster.Partition)
[2026-07-14 06:13:47,867] INFO [Partition ai-video-int-events.dlq-2 broker=1] Log loaded for partition ai-video-int-events.dlq-2 with initial high watermark 0 (kafka.cluster.Partition)
[2026-07-14 06:13:47,874] INFO [LogLoader partition=ai-video-int-events.dlq-1, dir=/tmp/kafka-logs] Loading producer state till offset 0 (org.apache.kafka.storage.internals.log.UnifiedLog)
[2026-07-14 06:13:47,875] INFO Created log for partition ai-video-int-events.dlq-1 in /tmp/kafka-logs/ai-video-int-events.dlq-1 with properties {min.insync.replicas=2} (kafka.log.LogManager)
[2026-07-14 06:13:47,875] INFO [Partition ai-video-int-events.dlq-1 broker=1] No checkpointed highwatermark is found for partition ai-video-int-events.dlq-1 (kafka.cluster.Partition)
[2026-07-14 06:13:47,875] INFO [Partition ai-video-int-events.dlq-1 broker=1] Log loaded for partition ai-video-int-events.dlq-1 with initial high watermark 0 (kafka.cluster.Partition)
[2026-07-14 06:13:47,880] INFO [LogLoader partition=ai-video-int-events.dlq-0, dir=/tmp/kafka-logs] Loading producer state till offset 0 (org.apache.kafka.storage.internals.log.UnifiedLog)
[2026-07-14 06:13:47,882] INFO Created log for partition ai-video-int-events.dlq-0 in /tmp/kafka-logs/ai-video-int-events.dlq-0 with properties {min.insync.replicas=2} (kafka.log.LogManager)
[2026-07-14 06:13:47,882] INFO [Partition ai-video-int-events.dlq-0 broker=1] No checkpointed highwatermark is found for partition ai-video-int-events.dlq-0 (kafka.cluster.Partition)
[2026-07-14 06:13:47,882] INFO [Partition ai-video-int-events.dlq-0 broker=1] Log loaded for partition ai-video-int-events.dlq-0 with initial high watermark 0 (kafka.cluster.Partition)
[2026-07-14 06:13:47,882] INFO [ReplicaFetcherManager on broker 1] Removed fetcher for partitions Set(ai-video-int-events.dlq-1, ai-video-int-events.dlq-0) (kafka.server.ReplicaFetcherManager)
[2026-07-14 06:13:47,883] INFO [ReplicaFetcherManager on broker 1] Added fetcher to broker 3 for partitions HashMap(ai-video-int-events.dlq-1 -> InitialFetchState(Some(UJgmTN_kSW2OYM4ZGinwyQ),BrokerEndPoint(id=3, host=base002-kafka-57160-3:19092),0,0)) (kafka.server.ReplicaFetcherManager)
[2026-07-14 06:13:47,883] INFO [ReplicaFetcherManager on broker 1] Added fetcher to broker 2 for partitions HashMap(ai-video-int-events.dlq-0 -> InitialFetchState(Some(UJgmTN_kSW2OYM4ZGinwyQ),BrokerEndPoint(id=2, host=base002-kafka-57160-2:19092),0,0)) (kafka.server.ReplicaFetcherManager)
[2026-07-14 06:13:47,884] INFO [DynamicConfigPublisher broker id=1] Updating topic ai-video-int-events.dlq with new configuration : min.insync.replicas -> 2 (kafka.server.metadata.DynamicConfigPublisher)
[2026-07-14 06:13:47,976] INFO [ReplicaFetcher replicaId=1, leaderId=2, fetcherId=0] Truncating partition ai-video-int-events.dlq-0 with TruncationState(offset=0, completed=true) due to local high watermark 0 (kafka.server.ReplicaFetcherThread)
[2026-07-14 06:13:47,976] INFO [UnifiedLog partition=ai-video-int-events.dlq-0, dir=/tmp/kafka-logs] Truncating to 0 has no effect as the largest offset in the log is -1 (kafka.log.UnifiedLog)
[2026-07-14 06:13:47,985] INFO [ReplicaFetcher replicaId=1, leaderId=3, fetcherId=0] Truncating partition ai-video-int-events.dlq-1 with TruncationState(offset=0, completed=true) due to local high watermark 0 (kafka.server.ReplicaFetcherThread)
[2026-07-14 06:13:47,985] INFO [UnifiedLog partition=ai-video-int-events.dlq-1, dir=/tmp/kafka-logs] Truncating to 0 has no effect as the largest offset in the log is -1 (kafka.log.UnifiedLog)
[2026-07-14 06:13:50,361] INFO [ReplicaFetcher replicaId=1, leaderId=2, fetcherId=0] Partition ai-video-int-events-0 has an older epoch (0) than the current leader. Will await the new LeaderAndIsr state before resuming fetching. (kafka.server.ReplicaFetcherThread)
[2026-07-14 06:13:50,362] WARN [ReplicaFetcher replicaId=1, leaderId=2, fetcherId=0] Partition ai-video-int-events-0 marked as failed (kafka.server.ReplicaFetcherThread)
[2026-07-14 06:13:50,362] INFO [ReplicaFetcher replicaId=1, leaderId=2, fetcherId=0] Partition ai-video-int-events.dlq-0 has an older epoch (0) than the current leader. Will await the new LeaderAndIsr state before resuming fetching. (kafka.server.ReplicaFetcherThread)
[2026-07-14 06:13:50,362] WARN [ReplicaFetcher replicaId=1, leaderId=2, fetcherId=0] Partition ai-video-int-events.dlq-0 marked as failed (kafka.server.ReplicaFetcherThread)
[2026-07-14 06:13:50,851] INFO [ReplicaFetcherManager on broker 1] Removed fetcher for partitions Set(ai-video-int-events-2, ai-video-int-events.dlq-2) (kafka.server.ReplicaFetcherManager)
[2026-07-14 06:13:50,857] INFO [ReplicaFetcherManager on broker 1] Removed fetcher for partitions Set(ai-video-int-events-0, ai-video-int-events.dlq-0) (kafka.server.ReplicaFetcherManager)
[2026-07-14 06:13:50,858] INFO [ReplicaFetcherManager on broker 1] Added fetcher to broker 3 for partitions HashMap(ai-video-int-events-0 -> InitialFetchState(Some(rwIDsGplQ6OzSCj5o8GNjw),BrokerEndPoint(id=3, host=base002-kafka-57160-3:19092),1,0), ai-video-int-events.dlq-0 -> InitialFetchState(Some(UJgmTN_kSW2OYM4ZGinwyQ),BrokerEndPoint(id=3, host=base002-kafka-57160-3:19092),1,0)) (kafka.server.ReplicaFetcherManager)
[2026-07-14 06:13:50,858] INFO [ReplicaFetcherThread-0-2]: Shutting down (kafka.server.ReplicaFetcherThread)
[2026-07-14 06:13:50,860] INFO [ReplicaFetcherThread-0-2]: Stopped (kafka.server.ReplicaFetcherThread)
[2026-07-14 06:13:50,860] INFO [ReplicaFetcherThread-0-2]: Shutdown completed (kafka.server.ReplicaFetcherThread)
[2026-07-14 06:13:51,000] INFO [ReplicaFetcher replicaId=1, leaderId=3, fetcherId=0] Truncating partition ai-video-int-events-0 with TruncationState(offset=0, completed=true) due to local high watermark 0 (kafka.server.ReplicaFetcherThread)
[2026-07-14 06:13:51,000] INFO [UnifiedLog partition=ai-video-int-events-0, dir=/tmp/kafka-logs] Truncating to 0 has no effect as the largest offset in the log is -1 (kafka.log.UnifiedLog)
[2026-07-14 06:13:51,000] INFO [ReplicaFetcher replicaId=1, leaderId=3, fetcherId=0] Truncating partition ai-video-int-events.dlq-0 with TruncationState(offset=0, completed=true) due to local high watermark 0 (kafka.server.ReplicaFetcherThread)
[2026-07-14 06:13:51,000] INFO [UnifiedLog partition=ai-video-int-events.dlq-0, dir=/tmp/kafka-logs] Truncating to 0 has no effect as the largest offset in the log is -1 (kafka.log.UnifiedLog)
[2026-07-14 06:13:52,570] INFO [RaftManager id=1] Transitioning to Prospective state due to fetch timeout (org.apache.kafka.raft.KafkaRaftClient)
[2026-07-14 06:13:52,571] INFO [RaftManager id=1] Completed transition to ProspectiveState(epoch=1, leaderId=OptionalInt[2], retries=1, votedKey=Optional[ReplicaKey(id=2, directoryId=fhF_NYzvZcQPrhR9WkJoxg)], epochElection=EpochElection(voterStates={1=VoterState(replicaKey=ReplicaKey(id=1, directoryId=<undefined>), state=GRANTED), 2=VoterState(replicaKey=ReplicaKey(id=2, directoryId=<undefined>), state=UNRECORDED), 3=VoterState(replicaKey=ReplicaKey(id=3, directoryId=<undefined>), state=UNRECORDED)}), electionTimeoutMs=1944, highWatermark=Optional[LogOffsetMetadata(offset=49, metadata=Optional.empty)]) from FollowerState(fetchTimeoutMs=2000, epoch=1, leader=2, leaderEndpoints=Endpoints(endpoints={ListenerName(CONTROLLER)=967403057d58/<unresolved>:19093}), votedKey=Optional[ReplicaKey(id=2, directoryId=fhF_NYzvZcQPrhR9WkJoxg)], voters=[1, 2, 3], highWatermark=Optional[LogOffsetMetadata(offset=49, metadata=Optional.empty)], fetchingSnapshot=Optional.empty) (org.apache.kafka.raft.QuorumState)
[2026-07-14 06:13:52,579] INFO [RaftManager id=1] Attempting durable transition to CandidateState(localId=1, localDirectoryId=Eu369JCtqYcHD-XSyPuIWg, epoch=2, retries=1, epochElection=EpochElection(voterStates={1=VoterState(replicaKey=ReplicaKey(id=1, directoryId=<undefined>), state=GRANTED), 2=VoterState(replicaKey=ReplicaKey(id=2, directoryId=<undefined>), state=UNRECORDED), 3=VoterState(replicaKey=ReplicaKey(id=3, directoryId=<undefined>), state=UNRECORDED)}), highWatermark=Optional[LogOffsetMetadata(offset=49, metadata=Optional.empty)], electionTimeoutMs=1499) from ProspectiveState(epoch=1, leaderId=OptionalInt[2], retries=1, votedKey=Optional[ReplicaKey(id=2, directoryId=fhF_NYzvZcQPrhR9WkJoxg)], epochElection=EpochElection(voterStates={1=VoterState(replicaKey=ReplicaKey(id=1, directoryId=<undefined>), state=GRANTED), 2=VoterState(replicaKey=ReplicaKey(id=2, directoryId=<undefined>), state=GRANTED), 3=VoterState(replicaKey=ReplicaKey(id=3, directoryId=<undefined>), state=UNRECORDED)}), electionTimeoutMs=1944, highWatermark=Optional[LogOffsetMetadata(offset=49, metadata=Optional.empty)]) (org.apache.kafka.raft.QuorumState)
[2026-07-14 06:13:52,581] INFO [RaftManager id=1] Completed transition to CandidateState(localId=1, localDirectoryId=Eu369JCtqYcHD-XSyPuIWg, epoch=2, retries=1, epochElection=EpochElection(voterStates={1=VoterState(replicaKey=ReplicaKey(id=1, directoryId=<undefined>), state=GRANTED), 2=VoterState(replicaKey=ReplicaKey(id=2, directoryId=<undefined>), state=UNRECORDED), 3=VoterState(replicaKey=ReplicaKey(id=3, directoryId=<undefined>), state=UNRECORDED)}), highWatermark=Optional[LogOffsetMetadata(offset=49, metadata=Optional.empty)], electionTimeoutMs=1499) from ProspectiveState(epoch=1, leaderId=OptionalInt[2], retries=1, votedKey=Optional[ReplicaKey(id=2, directoryId=fhF_NYzvZcQPrhR9WkJoxg)], epochElection=EpochElection(voterStates={1=VoterState(replicaKey=ReplicaKey(id=1, directoryId=<undefined>), state=GRANTED), 2=VoterState(replicaKey=ReplicaKey(id=2, directoryId=<undefined>), state=GRANTED), 3=VoterState(replicaKey=ReplicaKey(id=3, directoryId=<undefined>), state=UNRECORDED)}), electionTimeoutMs=1944, highWatermark=Optional[LogOffsetMetadata(offset=49, metadata=Optional.empty)]) (org.apache.kafka.raft.QuorumState)
[2026-07-14 06:13:52,591] INFO [RaftManager id=1] Attempting durable transition to Leader(localReplicaKey=ReplicaKey(id=1, directoryId=Eu369JCtqYcHD-XSyPuIWg), epoch=2, epochStartOffset=50, highWatermark=Optional.empty, voterStates={1=ReplicaState(replicaKey=ReplicaKey(id=1, directoryId=<undefined>), endOffset=Optional.empty, lastFetchTimestamp=-1, lastCaughtUpTimestamp=-1, hasAcknowledgedLeader=true), 2=ReplicaState(replicaKey=ReplicaKey(id=2, directoryId=<undefined>), endOffset=Optional.empty, lastFetchTimestamp=-1, lastCaughtUpTimestamp=-1, hasAcknowledgedLeader=false), 3=ReplicaState(replicaKey=ReplicaKey(id=3, directoryId=<undefined>), endOffset=Optional.empty, lastFetchTimestamp=-1, lastCaughtUpTimestamp=-1, hasAcknowledgedLeader=false)}) from CandidateState(localId=1, localDirectoryId=Eu369JCtqYcHD-XSyPuIWg, epoch=2, retries=1, epochElection=EpochElection(voterStates={1=VoterState(replicaKey=ReplicaKey(id=1, directoryId=<undefined>), state=GRANTED), 2=VoterState(replicaKey=ReplicaKey(id=2, directoryId=<undefined>), state=UNRECORDED), 3=VoterState(replicaKey=ReplicaKey(id=3, directoryId=<undefined>), state=GRANTED)}), highWatermark=Optional[LogOffsetMetadata(offset=49, metadata=Optional.empty)], electionTimeoutMs=1499) (org.apache.kafka.raft.QuorumState)
[2026-07-14 06:13:52,593] INFO [RaftManager id=1] Completed transition to Leader(localReplicaKey=ReplicaKey(id=1, directoryId=Eu369JCtqYcHD-XSyPuIWg), epoch=2, epochStartOffset=50, highWatermark=Optional.empty, voterStates={1=ReplicaState(replicaKey=ReplicaKey(id=1, directoryId=<undefined>), endOffset=Optional.empty, lastFetchTimestamp=-1, lastCaughtUpTimestamp=-1, hasAcknowledgedLeader=true), 2=ReplicaState(replicaKey=ReplicaKey(id=2, directoryId=<undefined>), endOffset=Optional.empty, lastFetchTimestamp=-1, lastCaughtUpTimestamp=-1, hasAcknowledgedLeader=false), 3=ReplicaState(replicaKey=ReplicaKey(id=3, directoryId=<undefined>), endOffset=Optional.empty, lastFetchTimestamp=-1, lastCaughtUpTimestamp=-1, hasAcknowledgedLeader=false)}) from CandidateState(localId=1, localDirectoryId=Eu369JCtqYcHD-XSyPuIWg, epoch=2, retries=1, epochElection=EpochElection(voterStates={1=VoterState(replicaKey=ReplicaKey(id=1, directoryId=<undefined>), state=GRANTED), 2=VoterState(replicaKey=ReplicaKey(id=2, directoryId=<undefined>), state=UNRECORDED), 3=VoterState(replicaKey=ReplicaKey(id=3, directoryId=<undefined>), state=GRANTED)}), highWatermark=Optional[LogOffsetMetadata(offset=49, metadata=Optional.empty)], electionTimeoutMs=1499) (org.apache.kafka.raft.QuorumState)
[2026-07-14 06:13:52,613] INFO [RaftManager id=1] High watermark set to LogOffsetMetadata(offset=51, metadata=Optional[(segmentBaseOffset=0,relativePositionInSegment=4735)]) for the first time for epoch 2 based on indexOfHw 1 and voters [ReplicaState(replicaKey=ReplicaKey(id=1, directoryId=<undefined>), endOffset=Optional[LogOffsetMetadata(offset=51, metadata=Optional[(segmentBaseOffset=0,relativePositionInSegment=4735)])], lastFetchTimestamp=-1, lastCaughtUpTimestamp=-1, hasAcknowledgedLeader=true), ReplicaState(replicaKey=ReplicaKey(id=3, directoryId=<undefined>), endOffset=Optional[LogOffsetMetadata(offset=51, metadata=Optional[(segmentBaseOffset=0,relativePositionInSegment=4735)])], lastFetchTimestamp=1784009632612, lastCaughtUpTimestamp=1784009632612, hasAcknowledgedLeader=true), ReplicaState(replicaKey=ReplicaKey(id=2, directoryId=<undefined>), endOffset=Optional.empty, lastFetchTimestamp=-1, lastCaughtUpTimestamp=-1, hasAcknowledgedLeader=true)] (org.apache.kafka.raft.LeaderState)
[2026-07-14 06:13:52,618] INFO [NodeToControllerChannelManager id=1 name=heartbeat] Node 2 disconnected. (org.apache.kafka.clients.NetworkClient)
[2026-07-14 06:13:52,619] INFO [RaftManager id=1] Node 2 disconnected. (org.apache.kafka.clients.NetworkClient)
[2026-07-14 06:13:52,619] INFO [NodeToControllerChannelManager id=1 name=forwarding] Node 2 disconnected. (org.apache.kafka.clients.NetworkClient)
[2026-07-14 06:13:52,619] INFO [NodeToControllerChannelManager id=1 name=registration] Node 2 disconnected. (org.apache.kafka.clients.NetworkClient)
[2026-07-14 06:13:57,645] INFO [broker-1-to-controller-heartbeat-channel-manager]: Recorded new KRaft controller, from now on will use node base002-kafka-57160-1:19093 (id: 1 rack: null isFenced: false) (kafka.server.NodeToControllerRequestThread)
[2026-07-14 06:13:57,651] INFO [BrokerLifecycleManager id=1] Unable to send a heartbeat because the RPC got timed out before it could be sent. (kafka.server.BrokerLifecycleManager)
[2026-07-14 06:14:03,771] INFO [NodeToControllerChannelManager id=1 name=heartbeat] Disconnecting from node 2 due to socket connection setup timeout. The timeout value is 9068 ms. (org.apache.kafka.clients.NetworkClient)
[2026-07-14 06:14:05,404] INFO [ReplicaFetcherManager on broker 1] Removed fetcher for partitions Set(__consumer_offsets-15, __consumer_offsets-48, __consumer_offsets-46, __consumer_offsets-11, __consumer_offsets-44, __consumer_offsets-9, __consumer_offsets-23, __consumer_offsets-17, __consumer_offsets-32, __consumer_offsets-28, __consumer_offsets-26, __consumer_offsets-7, __consumer_offsets-40, __consumer_offsets-5, __consumer_offsets-36, __consumer_offsets-1, __consumer_offsets-43, __consumer_offsets-12, __consumer_offsets-24, __consumer_offsets-20, __consumer_offsets-18, __consumer_offsets-31, __consumer_offsets-39, __consumer_offsets-35, __consumer_offsets-2) (kafka.server.ReplicaFetcherManager)
[2026-07-14 06:14:05,406] INFO [LogLoader partition=__consumer_offsets-15, dir=/tmp/kafka-logs] Loading producer state till offset 0 (org.apache.kafka.storage.internals.log.UnifiedLog)
[2026-07-14 06:14:05,407] INFO Created log for partition __consumer_offsets-15 in /tmp/kafka-logs/__consumer_offsets-15 with properties {cleanup.policy=compact, compression.type="producer", segment.bytes=104857600} (kafka.log.LogManager)
[2026-07-14 06:14:05,407] INFO [Partition __consumer_offsets-15 broker=1] No checkpointed highwatermark is found for partition __consumer_offsets-15 (kafka.cluster.Partition)
[2026-07-14 06:14:05,408] INFO [Partition __consumer_offsets-15 broker=1] Log loaded for partition __consumer_offsets-15 with initial high watermark 0 (kafka.cluster.Partition)
[2026-07-14 06:14:05,412] INFO [LogLoader partition=__consumer_offsets-48, dir=/tmp/kafka-logs] Loading producer state till offset 0 (org.apache.kafka.storage.internals.log.UnifiedLog)
[2026-07-14 06:14:05,413] INFO Created log for partition __consumer_offsets-48 in /tmp/kafka-logs/__consumer_offsets-48 with properties {cleanup.policy=compact, compression.type="producer", segment.bytes=104857600} (kafka.log.LogManager)
[2026-07-14 06:14:05,413] INFO [Partition __consumer_offsets-48 broker=1] No checkpointed highwatermark is found for partition __consumer_offsets-48 (kafka.cluster.Partition)
[2026-07-14 06:14:05,413] INFO [Partition __consumer_offsets-48 broker=1] Log loaded for partition __consumer_offsets-48 with initial high watermark 0 (kafka.cluster.Partition)
[2026-07-14 06:14:05,418] INFO [LogLoader partition=__consumer_offsets-46, dir=/tmp/kafka-logs] Loading producer state till offset 0 (org.apache.kafka.storage.internals.log.UnifiedLog)
[2026-07-14 06:14:05,418] INFO Created log for partition __consumer_offsets-46 in /tmp/kafka-logs/__consumer_offsets-46 with properties {cleanup.policy=compact, compression.type="producer", segment.bytes=104857600} (kafka.log.LogManager)
[2026-07-14 06:14:05,418] INFO [Partition __consumer_offsets-46 broker=1] No checkpointed highwatermark is found for partition __consumer_offsets-46 (kafka.cluster.Partition)
[2026-07-14 06:14:05,419] INFO [Partition __consumer_offsets-46 broker=1] Log loaded for partition __consumer_offsets-46 with initial high watermark 0 (kafka.cluster.Partition)
[2026-07-14 06:14:05,423] INFO [LogLoader partition=__consumer_offsets-11, dir=/tmp/kafka-logs] Loading producer state till offset 0 (org.apache.kafka.storage.internals.log.UnifiedLog)
[2026-07-14 06:14:05,423] INFO Created log for partition __consumer_offsets-11 in /tmp/kafka-logs/__consumer_offsets-11 with properties {cleanup.policy=compact, compression.type="producer", segment.bytes=104857600} (kafka.log.LogManager)
[2026-07-14 06:14:05,424] INFO [Partition __consumer_offsets-11 broker=1] No checkpointed highwatermark is found for partition __consumer_offsets-11 (kafka.cluster.Partition)
[2026-07-14 06:14:05,424] INFO [Partition __consumer_offsets-11 broker=1] Log loaded for partition __consumer_offsets-11 with initial high watermark 0 (kafka.cluster.Partition)
[2026-07-14 06:14:05,428] INFO [LogLoader partition=__consumer_offsets-44, dir=/tmp/kafka-logs] Loading producer state till offset 0 (org.apache.kafka.storage.internals.log.UnifiedLog)
[2026-07-14 06:14:05,429] INFO Created log for partition __consumer_offsets-44 in /tmp/kafka-logs/__consumer_offsets-44 with properties {cleanup.policy=compact, compression.type="producer", segment.bytes=104857600} (kafka.log.LogManager)
[2026-07-14 06:14:05,429] INFO [Partition __consumer_offsets-44 broker=1] No checkpointed highwatermark is found for partition __consumer_offsets-44 (kafka.cluster.Partition)
[2026-07-14 06:14:05,429] INFO [Partition __consumer_offsets-44 broker=1] Log loaded for partition __consumer_offsets-44 with initial high watermark 0 (kafka.cluster.Partition)
[2026-07-14 06:14:05,433] INFO [LogLoader partition=__consumer_offsets-9, dir=/tmp/kafka-logs] Loading producer state till offset 0 (org.apache.kafka.storage.internals.log.UnifiedLog)
[2026-07-14 06:14:05,433] INFO Created log for partition __consumer_offsets-9 in /tmp/kafka-logs/__consumer_offsets-9 with properties {cleanup.policy=compact, compression.type="producer", segment.bytes=104857600} (kafka.log.LogManager)
[2026-07-14 06:14:05,433] INFO [Partition __consumer_offsets-9 broker=1] No checkpointed highwatermark is found for partition __consumer_offsets-9 (kafka.cluster.Partition)
[2026-07-14 06:14:05,434] INFO [Partition __consumer_offsets-9 broker=1] Log loaded for partition __consumer_offsets-9 with initial high watermark 0 (kafka.cluster.Partition)
[2026-07-14 06:14:05,437] INFO [LogLoader partition=__consumer_offsets-23, dir=/tmp/kafka-logs] Loading producer state till offset 0 (org.apache.kafka.storage.internals.log.UnifiedLog)
[2026-07-14 06:14:05,437] INFO Created log for partition __consumer_offsets-23 in /tmp/kafka-logs/__consumer_offsets-23 with properties {cleanup.policy=compact, compression.type="producer", segment.bytes=104857600} (kafka.log.LogManager)
[2026-07-14 06:14:05,437] INFO [Partition __consumer_offsets-23 broker=1] No checkpointed highwatermark is found for partition __consumer_offsets-23 (kafka.cluster.Partition)
[2026-07-14 06:14:05,437] INFO [Partition __consumer_offsets-23 broker=1] Log loaded for partition __consumer_offsets-23 with initial high watermark 0 (kafka.cluster.Partition)
[2026-07-14 06:14:05,443] INFO [LogLoader partition=__consumer_offsets-17, dir=/tmp/kafka-logs] Loading producer state till offset 0 (org.apache.kafka.storage.internals.log.UnifiedLog)
[2026-07-14 06:14:05,444] INFO Created log for partition __consumer_offsets-17 in /tmp/kafka-logs/__consumer_offsets-17 with properties {cleanup.policy=compact, compression.type="producer", segment.bytes=104857600} (kafka.log.LogManager)
[2026-07-14 06:14:05,444] INFO [Partition __consumer_offsets-17 broker=1] No checkpointed highwatermark is found for partition __consumer_offsets-17 (kafka.cluster.Partition)
[2026-07-14 06:14:05,444] INFO [Partition __consumer_offsets-17 broker=1] Log loaded for partition __consumer_offsets-17 with initial high watermark 0 (kafka.cluster.Partition)
[2026-07-14 06:14:05,449] INFO [LogLoader partition=__consumer_offsets-32, dir=/tmp/kafka-logs] Loading producer state till offset 0 (org.apache.kafka.storage.internals.log.UnifiedLog)
[2026-07-14 06:14:05,450] INFO Created log for partition __consumer_offsets-32 in /tmp/kafka-logs/__consumer_offsets-32 with properties {cleanup.policy=compact, compression.type="producer", segment.bytes=104857600} (kafka.log.LogManager)
[2026-07-14 06:14:05,450] INFO [Partition __consumer_offsets-32 broker=1] No checkpointed highwatermark is found for partition __consumer_offsets-32 (kafka.cluster.Partition)
[2026-07-14 06:14:05,450] INFO [Partition __consumer_offsets-32 broker=1] Log loaded for partition __consumer_offsets-32 with initial high watermark 0 (kafka.cluster.Partition)
[2026-07-14 06:14:05,453] INFO [LogLoader partition=__consumer_offsets-28, dir=/tmp/kafka-logs] Loading producer state till offset 0 (org.apache.kafka.storage.internals.log.UnifiedLog)
[2026-07-14 06:14:05,453] INFO Created log for partition __consumer_offsets-28 in /tmp/kafka-logs/__consumer_offsets-28 with properties {cleanup.policy=compact, compression.type="producer", segment.bytes=104857600} (kafka.log.LogManager)
[2026-07-14 06:14:05,453] INFO [Partition __consumer_offsets-28 broker=1] No checkpointed highwatermark is found for partition __consumer_offsets-28 (kafka.cluster.Partition)
[2026-07-14 06:14:05,453] INFO [Partition __consumer_offsets-28 broker=1] Log loaded for partition __consumer_offsets-28 with initial high watermark 0 (kafka.cluster.Partition)
[2026-07-14 06:14:05,458] INFO [LogLoader partition=__consumer_offsets-26, dir=/tmp/kafka-logs] Loading producer state till offset 0 (org.apache.kafka.storage.internals.log.UnifiedLog)
[2026-07-14 06:14:05,458] INFO Created log for partition __consumer_offsets-26 in /tmp/kafka-logs/__consumer_offsets-26 with properties {cleanup.policy=compact, compression.type="producer", segment.bytes=104857600} (kafka.log.LogManager)
[2026-07-14 06:14:05,459] INFO [Partition __consumer_offsets-26 broker=1] No checkpointed highwatermark is found for partition __consumer_offsets-26 (kafka.cluster.Partition)
[2026-07-14 06:14:05,459] INFO [Partition __consumer_offsets-26 broker=1] Log loaded for partition __consumer_offsets-26 with initial high watermark 0 (kafka.cluster.Partition)
[2026-07-14 06:14:05,461] INFO [LogLoader partition=__consumer_offsets-7, dir=/tmp/kafka-logs] Loading producer state till offset 0 (org.apache.kafka.storage.internals.log.UnifiedLog)
[2026-07-14 06:14:05,462] INFO Created log for partition __consumer_offsets-7 in /tmp/kafka-logs/__consumer_offsets-7 with properties {cleanup.policy=compact, compression.type="producer", segment.bytes=104857600} (kafka.log.LogManager)
[2026-07-14 06:14:05,462] INFO [Partition __consumer_offsets-7 broker=1] No checkpointed highwatermark is found for partition __consumer_offsets-7 (kafka.cluster.Partition)
[2026-07-14 06:14:05,462] INFO [Partition __consumer_offsets-7 broker=1] Log loaded for partition __consumer_offsets-7 with initial high watermark 0 (kafka.cluster.Partition)
[2026-07-14 06:14:05,465] INFO [LogLoader partition=__consumer_offsets-40, dir=/tmp/kafka-logs] Loading producer state till offset 0 (org.apache.kafka.storage.internals.log.UnifiedLog)
[2026-07-14 06:14:05,466] INFO Created log for partition __consumer_offsets-40 in /tmp/kafka-logs/__consumer_offsets-40 with properties {cleanup.policy=compact, compression.type="producer", segment.bytes=104857600} (kafka.log.LogManager)
[2026-07-14 06:14:05,466] INFO [Partition __consumer_offsets-40 broker=1] No checkpointed highwatermark is found for partition __consumer_offsets-40 (kafka.cluster.Partition)
[2026-07-14 06:14:05,466] INFO [Partition __consumer_offsets-40 broker=1] Log loaded for partition __consumer_offsets-40 with initial high watermark 0 (kafka.cluster.Partition)
[2026-07-14 06:14:05,469] INFO [LogLoader partition=__consumer_offsets-5, dir=/tmp/kafka-logs] Loading producer state till offset 0 (org.apache.kafka.storage.internals.log.UnifiedLog)
[2026-07-14 06:14:05,469] INFO Created log for partition __consumer_offsets-5 in /tmp/kafka-logs/__consumer_offsets-5 with properties {cleanup.policy=compact, compression.type="producer", segment.bytes=104857600} (kafka.log.LogManager)
[2026-07-14 06:14:05,469] INFO [Partition __consumer_offsets-5 broker=1] No checkpointed highwatermark is found for partition __consumer_offsets-5 (kafka.cluster.Partition)
[2026-07-14 06:14:05,469] INFO [Partition __consumer_offsets-5 broker=1] Log loaded for partition __consumer_offsets-5 with initial high watermark 0 (kafka.cluster.Partition)
[2026-07-14 06:14:05,475] INFO [LogLoader partition=__consumer_offsets-36, dir=/tmp/kafka-logs] Loading producer state till offset 0 (org.apache.kafka.storage.internals.log.UnifiedLog)
[2026-07-14 06:14:05,475] INFO Created log for partition __consumer_offsets-36 in /tmp/kafka-logs/__consumer_offsets-36 with properties {cleanup.policy=compact, compression.type="producer", segment.bytes=104857600} (kafka.log.LogManager)
[2026-07-14 06:14:05,475] INFO [Partition __consumer_offsets-36 broker=1] No checkpointed highwatermark is found for partition __consumer_offsets-36 (kafka.cluster.Partition)
[2026-07-14 06:14:05,475] INFO [Partition __consumer_offsets-36 broker=1] Log loaded for partition __consumer_offsets-36 with initial high watermark 0 (kafka.cluster.Partition)
[2026-07-14 06:14:05,479] INFO [LogLoader partition=__consumer_offsets-1, dir=/tmp/kafka-logs] Loading producer state till offset 0 (org.apache.kafka.storage.internals.log.UnifiedLog)
[2026-07-14 06:14:05,479] INFO Created log for partition __consumer_offsets-1 in /tmp/kafka-logs/__consumer_offsets-1 with properties {cleanup.policy=compact, compression.type="producer", segment.bytes=104857600} (kafka.log.LogManager)
[2026-07-14 06:14:05,480] INFO [Partition __consumer_offsets-1 broker=1] No checkpointed highwatermark is found for partition __consumer_offsets-1 (kafka.cluster.Partition)
[2026-07-14 06:14:05,480] INFO [Partition __consumer_offsets-1 broker=1] Log loaded for partition __consumer_offsets-1 with initial high watermark 0 (kafka.cluster.Partition)
[2026-07-14 06:14:05,484] INFO [LogLoader partition=__consumer_offsets-43, dir=/tmp/kafka-logs] Loading producer state till offset 0 (org.apache.kafka.storage.internals.log.UnifiedLog)
[2026-07-14 06:14:05,485] INFO Created log for partition __consumer_offsets-43 in /tmp/kafka-logs/__consumer_offsets-43 with properties {cleanup.policy=compact, compression.type="producer", segment.bytes=104857600} (kafka.log.LogManager)
[2026-07-14 06:14:05,485] INFO [Partition __consumer_offsets-43 broker=1] No checkpointed highwatermark is found for partition __consumer_offsets-43 (kafka.cluster.Partition)
[2026-07-14 06:14:05,485] INFO [Partition __consumer_offsets-43 broker=1] Log loaded for partition __consumer_offsets-43 with initial high watermark 0 (kafka.cluster.Partition)
[2026-07-14 06:14:05,488] INFO [LogLoader partition=__consumer_offsets-12, dir=/tmp/kafka-logs] Loading producer state till offset 0 (org.apache.kafka.storage.internals.log.UnifiedLog)
[2026-07-14 06:14:05,489] INFO Created log for partition __consumer_offsets-12 in /tmp/kafka-logs/__consumer_offsets-12 with properties {cleanup.policy=compact, compression.type="producer", segment.bytes=104857600} (kafka.log.LogManager)
[2026-07-14 06:14:05,489] INFO [Partition __consumer_offsets-12 broker=1] No checkpointed highwatermark is found for partition __consumer_offsets-12 (kafka.cluster.Partition)
[2026-07-14 06:14:05,489] INFO [Partition __consumer_offsets-12 broker=1] Log loaded for partition __consumer_offsets-12 with initial high watermark 0 (kafka.cluster.Partition)
[2026-07-14 06:14:05,493] INFO [LogLoader partition=__consumer_offsets-24, dir=/tmp/kafka-logs] Loading producer state till offset 0 (org.apache.kafka.storage.internals.log.UnifiedLog)
[2026-07-14 06:14:05,494] INFO Created log for partition __consumer_offsets-24 in /tmp/kafka-logs/__consumer_offsets-24 with properties {cleanup.policy=compact, compression.type="producer", segment.bytes=104857600} (kafka.log.LogManager)
[2026-07-14 06:14:05,494] INFO [Partition __consumer_offsets-24 broker=1] No checkpointed highwatermark is found for partition __consumer_offsets-24 (kafka.cluster.Partition)
[2026-07-14 06:14:05,494] INFO [Partition __consumer_offsets-24 broker=1] Log loaded for partition __consumer_offsets-24 with initial high watermark 0 (kafka.cluster.Partition)
[2026-07-14 06:14:05,498] INFO [LogLoader partition=__consumer_offsets-20, dir=/tmp/kafka-logs] Loading producer state till offset 0 (org.apache.kafka.storage.internals.log.UnifiedLog)
[2026-07-14 06:14:05,498] INFO Created log for partition __consumer_offsets-20 in /tmp/kafka-logs/__consumer_offsets-20 with properties {cleanup.policy=compact, compression.type="producer", segment.bytes=104857600} (kafka.log.LogManager)
[2026-07-14 06:14:05,499] INFO [Partition __consumer_offsets-20 broker=1] No checkpointed highwatermark is found for partition __consumer_offsets-20 (kafka.cluster.Partition)
[2026-07-14 06:14:05,499] INFO [Partition __consumer_offsets-20 broker=1] Log loaded for partition __consumer_offsets-20 with initial high watermark 0 (kafka.cluster.Partition)
[2026-07-14 06:14:05,501] INFO [LogLoader partition=__consumer_offsets-18, dir=/tmp/kafka-logs] Loading producer state till offset 0 (org.apache.kafka.storage.internals.log.UnifiedLog)
[2026-07-14 06:14:05,502] INFO Created log for partition __consumer_offsets-18 in /tmp/kafka-logs/__consumer_offsets-18 with properties {cleanup.policy=compact, compression.type="producer", segment.bytes=104857600} (kafka.log.LogManager)
[2026-07-14 06:14:05,502] INFO [Partition __consumer_offsets-18 broker=1] No checkpointed highwatermark is found for partition __consumer_offsets-18 (kafka.cluster.Partition)
[2026-07-14 06:14:05,502] INFO [Partition __consumer_offsets-18 broker=1] Log loaded for partition __consumer_offsets-18 with initial high watermark 0 (kafka.cluster.Partition)
[2026-07-14 06:14:05,505] INFO [LogLoader partition=__consumer_offsets-31, dir=/tmp/kafka-logs] Loading producer state till offset 0 (org.apache.kafka.storage.internals.log.UnifiedLog)
[2026-07-14 06:14:05,505] INFO Created log for partition __consumer_offsets-31 in /tmp/kafka-logs/__consumer_offsets-31 with properties {cleanup.policy=compact, compression.type="producer", segment.bytes=104857600} (kafka.log.LogManager)
[2026-07-14 06:14:05,505] INFO [Partition __consumer_offsets-31 broker=1] No checkpointed highwatermark is found for partition __consumer_offsets-31 (kafka.cluster.Partition)
[2026-07-14 06:14:05,505] INFO [Partition __consumer_offsets-31 broker=1] Log loaded for partition __consumer_offsets-31 with initial high watermark 0 (kafka.cluster.Partition)
[2026-07-14 06:14:05,510] INFO [LogLoader partition=__consumer_offsets-39, dir=/tmp/kafka-logs] Loading producer state till offset 0 (org.apache.kafka.storage.internals.log.UnifiedLog)
[2026-07-14 06:14:05,511] INFO Created log for partition __consumer_offsets-39 in /tmp/kafka-logs/__consumer_offsets-39 with properties {cleanup.policy=compact, compression.type="producer", segment.bytes=104857600} (kafka.log.LogManager)
[2026-07-14 06:14:05,511] INFO [Partition __consumer_offsets-39 broker=1] No checkpointed highwatermark is found for partition __consumer_offsets-39 (kafka.cluster.Partition)
[2026-07-14 06:14:05,511] INFO [Partition __consumer_offsets-39 broker=1] Log loaded for partition __consumer_offsets-39 with initial high watermark 0 (kafka.cluster.Partition)
[2026-07-14 06:14:05,513] INFO [LogLoader partition=__consumer_offsets-35, dir=/tmp/kafka-logs] Loading producer state till offset 0 (org.apache.kafka.storage.internals.log.UnifiedLog)
[2026-07-14 06:14:05,514] INFO Created log for partition __consumer_offsets-35 in /tmp/kafka-logs/__consumer_offsets-35 with properties {cleanup.policy=compact, compression.type="producer", segment.bytes=104857600} (kafka.log.LogManager)
[2026-07-14 06:14:05,514] INFO [Partition __consumer_offsets-35 broker=1] No checkpointed highwatermark is found for partition __consumer_offsets-35 (kafka.cluster.Partition)
[2026-07-14 06:14:05,514] INFO [Partition __consumer_offsets-35 broker=1] Log loaded for partition __consumer_offsets-35 with initial high watermark 0 (kafka.cluster.Partition)
[2026-07-14 06:14:05,518] INFO [LogLoader partition=__consumer_offsets-2, dir=/tmp/kafka-logs] Loading producer state till offset 0 (org.apache.kafka.storage.internals.log.UnifiedLog)
[2026-07-14 06:14:05,518] INFO Created log for partition __consumer_offsets-2 in /tmp/kafka-logs/__consumer_offsets-2 with properties {cleanup.policy=compact, compression.type="producer", segment.bytes=104857600} (kafka.log.LogManager)
[2026-07-14 06:14:05,518] INFO [Partition __consumer_offsets-2 broker=1] No checkpointed highwatermark is found for partition __consumer_offsets-2 (kafka.cluster.Partition)
[2026-07-14 06:14:05,518] INFO [Partition __consumer_offsets-2 broker=1] Log loaded for partition __consumer_offsets-2 with initial high watermark 0 (kafka.cluster.Partition)
[2026-07-14 06:14:05,521] INFO [LogLoader partition=__consumer_offsets-13, dir=/tmp/kafka-logs] Loading producer state till offset 0 (org.apache.kafka.storage.internals.log.UnifiedLog)
[2026-07-14 06:14:05,522] INFO Created log for partition __consumer_offsets-13 in /tmp/kafka-logs/__consumer_offsets-13 with properties {cleanup.policy=compact, compression.type="producer", segment.bytes=104857600} (kafka.log.LogManager)
[2026-07-14 06:14:05,522] INFO [Partition __consumer_offsets-13 broker=1] No checkpointed highwatermark is found for partition __consumer_offsets-13 (kafka.cluster.Partition)
[2026-07-14 06:14:05,522] INFO [Partition __consumer_offsets-13 broker=1] Log loaded for partition __consumer_offsets-13 with initial high watermark 0 (kafka.cluster.Partition)
[2026-07-14 06:14:05,524] INFO [LogLoader partition=__consumer_offsets-42, dir=/tmp/kafka-logs] Loading producer state till offset 0 (org.apache.kafka.storage.internals.log.UnifiedLog)
[2026-07-14 06:14:05,525] INFO Created log for partition __consumer_offsets-42 in /tmp/kafka-logs/__consumer_offsets-42 with properties {cleanup.policy=compact, compression.type="producer", segment.bytes=104857600} (kafka.log.LogManager)
[2026-07-14 06:14:05,525] INFO [Partition __consumer_offsets-42 broker=1] No checkpointed highwatermark is found for partition __consumer_offsets-42 (kafka.cluster.Partition)
[2026-07-14 06:14:05,525] INFO [Partition __consumer_offsets-42 broker=1] Log loaded for partition __consumer_offsets-42 with initial high watermark 0 (kafka.cluster.Partition)
[2026-07-14 06:14:05,526] INFO [LogLoader partition=__consumer_offsets-21, dir=/tmp/kafka-logs] Loading producer state till offset 0 (org.apache.kafka.storage.internals.log.UnifiedLog)
[2026-07-14 06:14:05,526] INFO Created log for partition __consumer_offsets-21 in /tmp/kafka-logs/__consumer_offsets-21 with properties {cleanup.policy=compact, compression.type="producer", segment.bytes=104857600} (kafka.log.LogManager)
[2026-07-14 06:14:05,526] INFO [Partition __consumer_offsets-21 broker=1] No checkpointed highwatermark is found for partition __consumer_offsets-21 (kafka.cluster.Partition)
[2026-07-14 06:14:05,526] INFO [Partition __consumer_offsets-21 broker=1] Log loaded for partition __consumer_offsets-21 with initial high watermark 0 (kafka.cluster.Partition)
[2026-07-14 06:14:05,528] INFO [LogLoader partition=__consumer_offsets-19, dir=/tmp/kafka-logs] Loading producer state till offset 0 (org.apache.kafka.storage.internals.log.UnifiedLog)
[2026-07-14 06:14:05,528] INFO Created log for partition __consumer_offsets-19 in /tmp/kafka-logs/__consumer_offsets-19 with properties {cleanup.policy=compact, compression.type="producer", segment.bytes=104857600} (kafka.log.LogManager)
[2026-07-14 06:14:05,528] INFO [Partition __consumer_offsets-19 broker=1] No checkpointed highwatermark is found for partition __consumer_offsets-19 (kafka.cluster.Partition)
[2026-07-14 06:14:05,528] INFO [Partition __consumer_offsets-19 broker=1] Log loaded for partition __consumer_offsets-19 with initial high watermark 0 (kafka.cluster.Partition)
[2026-07-14 06:14:05,530] INFO [LogLoader partition=__consumer_offsets-30, dir=/tmp/kafka-logs] Loading producer state till offset 0 (org.apache.kafka.storage.internals.log.UnifiedLog)
[2026-07-14 06:14:05,530] INFO Created log for partition __consumer_offsets-30 in /tmp/kafka-logs/__consumer_offsets-30 with properties {cleanup.policy=compact, compression.type="producer", segment.bytes=104857600} (kafka.log.LogManager)
[2026-07-14 06:14:05,531] INFO [Partition __consumer_offsets-30 broker=1] No checkpointed highwatermark is found for partition __consumer_offsets-30 (kafka.cluster.Partition)
[2026-07-14 06:14:05,531] INFO [Partition __consumer_offsets-30 broker=1] Log loaded for partition __consumer_offsets-30 with initial high watermark 0 (kafka.cluster.Partition)
[2026-07-14 06:14:05,532] INFO [LogLoader partition=__consumer_offsets-38, dir=/tmp/kafka-logs] Loading producer state till offset 0 (org.apache.kafka.storage.internals.log.UnifiedLog)
[2026-07-14 06:14:05,532] INFO Created log for partition __consumer_offsets-38 in /tmp/kafka-logs/__consumer_offsets-38 with properties {cleanup.policy=compact, compression.type="producer", segment.bytes=104857600} (kafka.log.LogManager)
[2026-07-14 06:14:05,532] INFO [Partition __consumer_offsets-38 broker=1] No checkpointed highwatermark is found for partition __consumer_offsets-38 (kafka.cluster.Partition)
[2026-07-14 06:14:05,532] INFO [Partition __consumer_offsets-38 broker=1] Log loaded for partition __consumer_offsets-38 with initial high watermark 0 (kafka.cluster.Partition)
[2026-07-14 06:14:05,533] INFO [LogLoader partition=__consumer_offsets-3, dir=/tmp/kafka-logs] Loading producer state till offset 0 (org.apache.kafka.storage.internals.log.UnifiedLog)
[2026-07-14 06:14:05,534] INFO Created log for partition __consumer_offsets-3 in /tmp/kafka-logs/__consumer_offsets-3 with properties {cleanup.policy=compact, compression.type="producer", segment.bytes=104857600} (kafka.log.LogManager)
[2026-07-14 06:14:05,534] INFO [Partition __consumer_offsets-3 broker=1] No checkpointed highwatermark is found for partition __consumer_offsets-3 (kafka.cluster.Partition)
[2026-07-14 06:14:05,534] INFO [Partition __consumer_offsets-3 broker=1] Log loaded for partition __consumer_offsets-3 with initial high watermark 0 (kafka.cluster.Partition)
[2026-07-14 06:14:05,536] INFO [LogLoader partition=__consumer_offsets-34, dir=/tmp/kafka-logs] Loading producer state till offset 0 (org.apache.kafka.storage.internals.log.UnifiedLog)
[2026-07-14 06:14:05,536] INFO Created log for partition __consumer_offsets-34 in /tmp/kafka-logs/__consumer_offsets-34 with properties {cleanup.policy=compact, compression.type="producer", segment.bytes=104857600} (kafka.log.LogManager)
[2026-07-14 06:14:05,536] INFO [Partition __consumer_offsets-34 broker=1] No checkpointed highwatermark is found for partition __consumer_offsets-34 (kafka.cluster.Partition)
[2026-07-14 06:14:05,536] INFO [Partition __consumer_offsets-34 broker=1] Log loaded for partition __consumer_offsets-34 with initial high watermark 0 (kafka.cluster.Partition)
[2026-07-14 06:14:05,538] INFO [LogLoader partition=__consumer_offsets-47, dir=/tmp/kafka-logs] Loading producer state till offset 0 (org.apache.kafka.storage.internals.log.UnifiedLog)
[2026-07-14 06:14:05,538] INFO Created log for partition __consumer_offsets-47 in /tmp/kafka-logs/__consumer_offsets-47 with properties {cleanup.policy=compact, compression.type="producer", segment.bytes=104857600} (kafka.log.LogManager)
[2026-07-14 06:14:05,538] INFO [Partition __consumer_offsets-47 broker=1] No checkpointed highwatermark is found for partition __consumer_offsets-47 (kafka.cluster.Partition)
[2026-07-14 06:14:05,538] INFO [Partition __consumer_offsets-47 broker=1] Log loaded for partition __consumer_offsets-47 with initial high watermark 0 (kafka.cluster.Partition)
[2026-07-14 06:14:05,539] INFO [LogLoader partition=__consumer_offsets-16, dir=/tmp/kafka-logs] Loading producer state till offset 0 (org.apache.kafka.storage.internals.log.UnifiedLog)
[2026-07-14 06:14:05,539] INFO Created log for partition __consumer_offsets-16 in /tmp/kafka-logs/__consumer_offsets-16 with properties {cleanup.policy=compact, compression.type="producer", segment.bytes=104857600} (kafka.log.LogManager)
[2026-07-14 06:14:05,539] INFO [Partition __consumer_offsets-16 broker=1] No checkpointed highwatermark is found for partition __consumer_offsets-16 (kafka.cluster.Partition)
[2026-07-14 06:14:05,539] INFO [Partition __consumer_offsets-16 broker=1] Log loaded for partition __consumer_offsets-16 with initial high watermark 0 (kafka.cluster.Partition)
[2026-07-14 06:14:05,540] INFO [LogLoader partition=__consumer_offsets-45, dir=/tmp/kafka-logs] Loading producer state till offset 0 (org.apache.kafka.storage.internals.log.UnifiedLog)
[2026-07-14 06:14:05,541] INFO Created log for partition __consumer_offsets-45 in /tmp/kafka-logs/__consumer_offsets-45 with properties {cleanup.policy=compact, compression.type="producer", segment.bytes=104857600} (kafka.log.LogManager)
[2026-07-14 06:14:05,541] INFO [Partition __consumer_offsets-45 broker=1] No checkpointed highwatermark is found for partition __consumer_offsets-45 (kafka.cluster.Partition)
[2026-07-14 06:14:05,541] INFO [Partition __consumer_offsets-45 broker=1] Log loaded for partition __consumer_offsets-45 with initial high watermark 0 (kafka.cluster.Partition)
[2026-07-14 06:14:05,542] INFO [LogLoader partition=__consumer_offsets-14, dir=/tmp/kafka-logs] Loading producer state till offset 0 (org.apache.kafka.storage.internals.log.UnifiedLog)
[2026-07-14 06:14:05,542] INFO Created log for partition __consumer_offsets-14 in /tmp/kafka-logs/__consumer_offsets-14 with properties {cleanup.policy=compact, compression.type="producer", segment.bytes=104857600} (kafka.log.LogManager)
[2026-07-14 06:14:05,542] INFO [Partition __consumer_offsets-14 broker=1] No checkpointed highwatermark is found for partition __consumer_offsets-14 (kafka.cluster.Partition)
[2026-07-14 06:14:05,542] INFO [Partition __consumer_offsets-14 broker=1] Log loaded for partition __consumer_offsets-14 with initial high watermark 0 (kafka.cluster.Partition)
[2026-07-14 06:14:05,543] INFO [LogLoader partition=__consumer_offsets-41, dir=/tmp/kafka-logs] Loading producer state till offset 0 (org.apache.kafka.storage.internals.log.UnifiedLog)
[2026-07-14 06:14:05,544] INFO Created log for partition __consumer_offsets-41 in /tmp/kafka-logs/__consumer_offsets-41 with properties {cleanup.policy=compact, compression.type="producer", segment.bytes=104857600} (kafka.log.LogManager)
[2026-07-14 06:14:05,544] INFO [Partition __consumer_offsets-41 broker=1] No checkpointed highwatermark is found for partition __consumer_offsets-41 (kafka.cluster.Partition)
[2026-07-14 06:14:05,544] INFO [Partition __consumer_offsets-41 broker=1] Log loaded for partition __consumer_offsets-41 with initial high watermark 0 (kafka.cluster.Partition)
[2026-07-14 06:14:05,545] INFO [LogLoader partition=__consumer_offsets-10, dir=/tmp/kafka-logs] Loading producer state till offset 0 (org.apache.kafka.storage.internals.log.UnifiedLog)
[2026-07-14 06:14:05,545] INFO Created log for partition __consumer_offsets-10 in /tmp/kafka-logs/__consumer_offsets-10 with properties {cleanup.policy=compact, compression.type="producer", segment.bytes=104857600} (kafka.log.LogManager)
[2026-07-14 06:14:05,545] INFO [Partition __consumer_offsets-10 broker=1] No checkpointed highwatermark is found for partition __consumer_offsets-10 (kafka.cluster.Partition)
[2026-07-14 06:14:05,545] INFO [Partition __consumer_offsets-10 broker=1] Log loaded for partition __consumer_offsets-10 with initial high watermark 0 (kafka.cluster.Partition)
[2026-07-14 06:14:05,547] INFO [LogLoader partition=__consumer_offsets-22, dir=/tmp/kafka-logs] Loading producer state till offset 0 (org.apache.kafka.storage.internals.log.UnifiedLog)
[2026-07-14 06:14:05,547] INFO Created log for partition __consumer_offsets-22 in /tmp/kafka-logs/__consumer_offsets-22 with properties {cleanup.policy=compact, compression.type="producer", segment.bytes=104857600} (kafka.log.LogManager)
[2026-07-14 06:14:05,547] INFO [Partition __consumer_offsets-22 broker=1] No checkpointed highwatermark is found for partition __consumer_offsets-22 (kafka.cluster.Partition)
[2026-07-14 06:14:05,547] INFO [Partition __consumer_offsets-22 broker=1] Log loaded for partition __consumer_offsets-22 with initial high watermark 0 (kafka.cluster.Partition)
[2026-07-14 06:14:05,549] INFO [LogLoader partition=__consumer_offsets-49, dir=/tmp/kafka-logs] Loading producer state till offset 0 (org.apache.kafka.storage.internals.log.UnifiedLog)
[2026-07-14 06:14:05,549] INFO Created log for partition __consumer_offsets-49 in /tmp/kafka-logs/__consumer_offsets-49 with properties {cleanup.policy=compact, compression.type="producer", segment.bytes=104857600} (kafka.log.LogManager)
[2026-07-14 06:14:05,549] INFO [Partition __consumer_offsets-49 broker=1] No checkpointed highwatermark is found for partition __consumer_offsets-49 (kafka.cluster.Partition)
[2026-07-14 06:14:05,549] INFO [Partition __consumer_offsets-49 broker=1] Log loaded for partition __consumer_offsets-49 with initial high watermark 0 (kafka.cluster.Partition)
[2026-07-14 06:14:05,550] INFO [LogLoader partition=__consumer_offsets-0, dir=/tmp/kafka-logs] Loading producer state till offset 0 (org.apache.kafka.storage.internals.log.UnifiedLog)
[2026-07-14 06:14:05,550] INFO Created log for partition __consumer_offsets-0 in /tmp/kafka-logs/__consumer_offsets-0 with properties {cleanup.policy=compact, compression.type="producer", segment.bytes=104857600} (kafka.log.LogManager)
[2026-07-14 06:14:05,550] INFO [Partition __consumer_offsets-0 broker=1] No checkpointed highwatermark is found for partition __consumer_offsets-0 (kafka.cluster.Partition)
[2026-07-14 06:14:05,550] INFO [Partition __consumer_offsets-0 broker=1] Log loaded for partition __consumer_offsets-0 with initial high watermark 0 (kafka.cluster.Partition)
[2026-07-14 06:14:05,551] INFO [LogLoader partition=__consumer_offsets-29, dir=/tmp/kafka-logs] Loading producer state till offset 0 (org.apache.kafka.storage.internals.log.UnifiedLog)
[2026-07-14 06:14:05,551] INFO Created log for partition __consumer_offsets-29 in /tmp/kafka-logs/__consumer_offsets-29 with properties {cleanup.policy=compact, compression.type="producer", segment.bytes=104857600} (kafka.log.LogManager)
[2026-07-14 06:14:05,552] INFO [Partition __consumer_offsets-29 broker=1] No checkpointed highwatermark is found for partition __consumer_offsets-29 (kafka.cluster.Partition)
[2026-07-14 06:14:05,552] INFO [Partition __consumer_offsets-29 broker=1] Log loaded for partition __consumer_offsets-29 with initial high watermark 0 (kafka.cluster.Partition)
[2026-07-14 06:14:05,553] INFO [LogLoader partition=__consumer_offsets-27, dir=/tmp/kafka-logs] Loading producer state till offset 0 (org.apache.kafka.storage.internals.log.UnifiedLog)
[2026-07-14 06:14:05,553] INFO Created log for partition __consumer_offsets-27 in /tmp/kafka-logs/__consumer_offsets-27 with properties {cleanup.policy=compact, compression.type="producer", segment.bytes=104857600} (kafka.log.LogManager)
[2026-07-14 06:14:05,553] INFO [Partition __consumer_offsets-27 broker=1] No checkpointed highwatermark is found for partition __consumer_offsets-27 (kafka.cluster.Partition)
[2026-07-14 06:14:05,553] INFO [Partition __consumer_offsets-27 broker=1] Log loaded for partition __consumer_offsets-27 with initial high watermark 0 (kafka.cluster.Partition)
[2026-07-14 06:14:05,555] INFO [LogLoader partition=__consumer_offsets-25, dir=/tmp/kafka-logs] Loading producer state till offset 0 (org.apache.kafka.storage.internals.log.UnifiedLog)
[2026-07-14 06:14:05,556] INFO Created log for partition __consumer_offsets-25 in /tmp/kafka-logs/__consumer_offsets-25 with properties {cleanup.policy=compact, compression.type="producer", segment.bytes=104857600} (kafka.log.LogManager)
[2026-07-14 06:14:05,556] INFO [Partition __consumer_offsets-25 broker=1] No checkpointed highwatermark is found for partition __consumer_offsets-25 (kafka.cluster.Partition)
[2026-07-14 06:14:05,556] INFO [Partition __consumer_offsets-25 broker=1] Log loaded for partition __consumer_offsets-25 with initial high watermark 0 (kafka.cluster.Partition)
[2026-07-14 06:14:05,557] INFO [LogLoader partition=__consumer_offsets-8, dir=/tmp/kafka-logs] Loading producer state till offset 0 (org.apache.kafka.storage.internals.log.UnifiedLog)
[2026-07-14 06:14:05,558] INFO Created log for partition __consumer_offsets-8 in /tmp/kafka-logs/__consumer_offsets-8 with properties {cleanup.policy=compact, compression.type="producer", segment.bytes=104857600} (kafka.log.LogManager)
[2026-07-14 06:14:05,558] INFO [Partition __consumer_offsets-8 broker=1] No checkpointed highwatermark is found for partition __consumer_offsets-8 (kafka.cluster.Partition)
[2026-07-14 06:14:05,558] INFO [Partition __consumer_offsets-8 broker=1] Log loaded for partition __consumer_offsets-8 with initial high watermark 0 (kafka.cluster.Partition)
[2026-07-14 06:14:05,560] INFO [LogLoader partition=__consumer_offsets-37, dir=/tmp/kafka-logs] Loading producer state till offset 0 (org.apache.kafka.storage.internals.log.UnifiedLog)
[2026-07-14 06:14:05,560] INFO Created log for partition __consumer_offsets-37 in /tmp/kafka-logs/__consumer_offsets-37 with properties {cleanup.policy=compact, compression.type="producer", segment.bytes=104857600} (kafka.log.LogManager)
[2026-07-14 06:14:05,560] INFO [Partition __consumer_offsets-37 broker=1] No checkpointed highwatermark is found for partition __consumer_offsets-37 (kafka.cluster.Partition)
[2026-07-14 06:14:05,560] INFO [Partition __consumer_offsets-37 broker=1] Log loaded for partition __consumer_offsets-37 with initial high watermark 0 (kafka.cluster.Partition)
[2026-07-14 06:14:05,561] INFO [LogLoader partition=__consumer_offsets-6, dir=/tmp/kafka-logs] Loading producer state till offset 0 (org.apache.kafka.storage.internals.log.UnifiedLog)
[2026-07-14 06:14:05,561] INFO Created log for partition __consumer_offsets-6 in /tmp/kafka-logs/__consumer_offsets-6 with properties {cleanup.policy=compact, compression.type="producer", segment.bytes=104857600} (kafka.log.LogManager)
[2026-07-14 06:14:05,561] INFO [Partition __consumer_offsets-6 broker=1] No checkpointed highwatermark is found for partition __consumer_offsets-6 (kafka.cluster.Partition)
[2026-07-14 06:14:05,561] INFO [Partition __consumer_offsets-6 broker=1] Log loaded for partition __consumer_offsets-6 with initial high watermark 0 (kafka.cluster.Partition)
[2026-07-14 06:14:05,563] INFO [LogLoader partition=__consumer_offsets-4, dir=/tmp/kafka-logs] Loading producer state till offset 0 (org.apache.kafka.storage.internals.log.UnifiedLog)
[2026-07-14 06:14:05,563] INFO Created log for partition __consumer_offsets-4 in /tmp/kafka-logs/__consumer_offsets-4 with properties {cleanup.policy=compact, compression.type="producer", segment.bytes=104857600} (kafka.log.LogManager)
[2026-07-14 06:14:05,563] INFO [Partition __consumer_offsets-4 broker=1] No checkpointed highwatermark is found for partition __consumer_offsets-4 (kafka.cluster.Partition)
[2026-07-14 06:14:05,563] INFO [Partition __consumer_offsets-4 broker=1] Log loaded for partition __consumer_offsets-4 with initial high watermark 0 (kafka.cluster.Partition)
[2026-07-14 06:14:05,564] INFO [LogLoader partition=__consumer_offsets-33, dir=/tmp/kafka-logs] Loading producer state till offset 0 (org.apache.kafka.storage.internals.log.UnifiedLog)
[2026-07-14 06:14:05,565] INFO Created log for partition __consumer_offsets-33 in /tmp/kafka-logs/__consumer_offsets-33 with properties {cleanup.policy=compact, compression.type="producer", segment.bytes=104857600} (kafka.log.LogManager)
[2026-07-14 06:14:05,565] INFO [Partition __consumer_offsets-33 broker=1] No checkpointed highwatermark is found for partition __consumer_offsets-33 (kafka.cluster.Partition)
[2026-07-14 06:14:05,565] INFO [Partition __consumer_offsets-33 broker=1] Log loaded for partition __consumer_offsets-33 with initial high watermark 0 (kafka.cluster.Partition)
[2026-07-14 06:14:05,565] INFO [ReplicaFetcherManager on broker 1] Removed fetcher for partitions Set(__consumer_offsets-13, __consumer_offsets-42, __consumer_offsets-21, __consumer_offsets-19, __consumer_offsets-30, __consumer_offsets-38, __consumer_offsets-3, __consumer_offsets-34, __consumer_offsets-47, __consumer_offsets-16, __consumer_offsets-45, __consumer_offsets-14, __consumer_offsets-41, __consumer_offsets-10, __consumer_offsets-22, __consumer_offsets-49, __consumer_offsets-0, __consumer_offsets-29, __consumer_offsets-27, __consumer_offsets-25, __consumer_offsets-8, __consumer_offsets-37, __consumer_offsets-6, __consumer_offsets-4, __consumer_offsets-33) (kafka.server.ReplicaFetcherManager)
[2026-07-14 06:14:05,566] INFO [ReplicaFetcherManager on broker 1] Added fetcher to broker 3 for partitions HashMap(__consumer_offsets-13 -> InitialFetchState(Some(sx_2TkwFSSyhlnMMlQD7kw),BrokerEndPoint(id=3, host=base002-kafka-57160-3:19092),0,0), __consumer_offsets-42 -> InitialFetchState(Some(sx_2TkwFSSyhlnMMlQD7kw),BrokerEndPoint(id=3, host=base002-kafka-57160-3:19092),0,0), __consumer_offsets-21 -> InitialFetchState(Some(sx_2TkwFSSyhlnMMlQD7kw),BrokerEndPoint(id=3, host=base002-kafka-57160-3:19092),0,0), __consumer_offsets-19 -> InitialFetchState(Some(sx_2TkwFSSyhlnMMlQD7kw),BrokerEndPoint(id=3, host=base002-kafka-57160-3:19092),0,0), __consumer_offsets-30 -> InitialFetchState(Some(sx_2TkwFSSyhlnMMlQD7kw),BrokerEndPoint(id=3, host=base002-kafka-57160-3:19092),0,0), __consumer_offsets-38 -> InitialFetchState(Some(sx_2TkwFSSyhlnMMlQD7kw),BrokerEndPoint(id=3, host=base002-kafka-57160-3:19092),0,0), __consumer_offsets-3 -> InitialFetchState(Some(sx_2TkwFSSyhlnMMlQD7kw),BrokerEndPoint(id=3, host=base002-kafka-57160-3:19092),0,0), __consumer_offsets-34 -> InitialFetchState(Some(sx_2TkwFSSyhlnMMlQD7kw),BrokerEndPoint(id=3, host=base002-kafka-57160-3:19092),0,0), __consumer_offsets-47 -> InitialFetchState(Some(sx_2TkwFSSyhlnMMlQD7kw),BrokerEndPoint(id=3, host=base002-kafka-57160-3:19092),0,0), __consumer_offsets-16 -> InitialFetchState(Some(sx_2TkwFSSyhlnMMlQD7kw),BrokerEndPoint(id=3, host=base002-kafka-57160-3:19092),0,0), __consumer_offsets-45 -> InitialFetchState(Some(sx_2TkwFSSyhlnMMlQD7kw),BrokerEndPoint(id=3, host=base002-kafka-57160-3:19092),0,0), __consumer_offsets-14 -> InitialFetchState(Some(sx_2TkwFSSyhlnMMlQD7kw),BrokerEndPoint(id=3, host=base002-kafka-57160-3:19092),0,0), __consumer_offsets-41 -> InitialFetchState(Some(sx_2TkwFSSyhlnMMlQD7kw),BrokerEndPoint(id=3, host=base002-kafka-57160-3:19092),0,0), __consumer_offsets-10 -> InitialFetchState(Some(sx_2TkwFSSyhlnMMlQD7kw),BrokerEndPoint(id=3, host=base002-kafka-57160-3:19092),0,0), __consumer_offsets-22 -> InitialFetchState(Some(sx_2TkwFSSyhlnMMlQD7kw),BrokerEndPoint(id=3, host=base002-kafka-57160-3:19092),0,0), __consumer_offsets-49 -> InitialFetchState(Some(sx_2TkwFSSyhlnMMlQD7kw),BrokerEndPoint(id=3, host=base002-kafka-57160-3:19092),0,0), __consumer_offsets-0 -> InitialFetchState(Some(sx_2TkwFSSyhlnMMlQD7kw),BrokerEndPoint(id=3, host=base002-kafka-57160-3:19092),0,0), __consumer_offsets-29 -> InitialFetchState(Some(sx_2TkwFSSyhlnMMlQD7kw),BrokerEndPoint(id=3, host=base002-kafka-57160-3:19092),0,0), __consumer_offsets-27 -> InitialFetchState(Some(sx_2TkwFSSyhlnMMlQD7kw),BrokerEndPoint(id=3, host=base002-kafka-57160-3:19092),0,0), __consumer_offsets-25 -> InitialFetchState(Some(sx_2TkwFSSyhlnMMlQD7kw),BrokerEndPoint(id=3, host=base002-kafka-57160-3:19092),0,0), __consumer_offsets-8 -> InitialFetchState(Some(sx_2TkwFSSyhlnMMlQD7kw),BrokerEndPoint(id=3, host=base002-kafka-57160-3:19092),0,0), __consumer_offsets-37 -> InitialFetchState(Some(sx_2TkwFSSyhlnMMlQD7kw),BrokerEndPoint(id=3, host=base002-kafka-57160-3:19092),0,0), __consumer_offsets-6 -> InitialFetchState(Some(sx_2TkwFSSyhlnMMlQD7kw),BrokerEndPoint(id=3, host=base002-kafka-57160-3:19092),0,0), __consumer_offsets-4 -> InitialFetchState(Some(sx_2TkwFSSyhlnMMlQD7kw),BrokerEndPoint(id=3, host=base002-kafka-57160-3:19092),0,0), __consumer_offsets-33 -> InitialFetchState(Some(sx_2TkwFSSyhlnMMlQD7kw),BrokerEndPoint(id=3, host=base002-kafka-57160-3:19092),0,0)) (kafka.server.ReplicaFetcherManager)
[2026-07-14 06:14:05,567] INFO [GroupCoordinator id=1] Scheduling loading of metadata from __consumer_offsets-15 with epoch 0 (org.apache.kafka.coordinator.common.runtime.CoordinatorRuntime)
[2026-07-14 06:14:05,569] INFO [GroupCoordinator id=1] Scheduling loading of metadata from __consumer_offsets-48 with epoch 0 (org.apache.kafka.coordinator.common.runtime.CoordinatorRuntime)
[2026-07-14 06:14:05,569] INFO [GroupCoordinator id=1] Scheduling loading of metadata from __consumer_offsets-46 with epoch 0 (org.apache.kafka.coordinator.common.runtime.CoordinatorRuntime)
[2026-07-14 06:14:05,570] INFO [GroupCoordinator id=1] Scheduling loading of metadata from __consumer_offsets-11 with epoch 0 (org.apache.kafka.coordinator.common.runtime.CoordinatorRuntime)
[2026-07-14 06:14:05,570] INFO [GroupCoordinator id=1] Scheduling loading of metadata from __consumer_offsets-44 with epoch 0 (org.apache.kafka.coordinator.common.runtime.CoordinatorRuntime)
[2026-07-14 06:14:05,570] INFO [GroupCoordinator id=1] Scheduling loading of metadata from __consumer_offsets-9 with epoch 0 (org.apache.kafka.coordinator.common.runtime.CoordinatorRuntime)
[2026-07-14 06:14:05,570] INFO [GroupCoordinator id=1] Scheduling loading of metadata from __consumer_offsets-23 with epoch 0 (org.apache.kafka.coordinator.common.runtime.CoordinatorRuntime)
[2026-07-14 06:14:05,570] INFO [GroupCoordinator id=1] Scheduling loading of metadata from __consumer_offsets-17 with epoch 0 (org.apache.kafka.coordinator.common.runtime.CoordinatorRuntime)
[2026-07-14 06:14:05,570] INFO [GroupCoordinator id=1] Scheduling loading of metadata from __consumer_offsets-32 with epoch 0 (org.apache.kafka.coordinator.common.runtime.CoordinatorRuntime)
[2026-07-14 06:14:05,570] INFO [GroupCoordinator id=1] Scheduling loading of metadata from __consumer_offsets-28 with epoch 0 (org.apache.kafka.coordinator.common.runtime.CoordinatorRuntime)
[2026-07-14 06:14:05,570] INFO [GroupCoordinator id=1] Scheduling loading of metadata from __consumer_offsets-26 with epoch 0 (org.apache.kafka.coordinator.common.runtime.CoordinatorRuntime)
[2026-07-14 06:14:05,570] INFO [GroupCoordinator id=1] Scheduling loading of metadata from __consumer_offsets-7 with epoch 0 (org.apache.kafka.coordinator.common.runtime.CoordinatorRuntime)
[2026-07-14 06:14:05,570] INFO [GroupCoordinator id=1] Scheduling loading of metadata from __consumer_offsets-40 with epoch 0 (org.apache.kafka.coordinator.common.runtime.CoordinatorRuntime)
[2026-07-14 06:14:05,570] INFO [GroupCoordinator id=1] Scheduling loading of metadata from __consumer_offsets-5 with epoch 0 (org.apache.kafka.coordinator.common.runtime.CoordinatorRuntime)
[2026-07-14 06:14:05,570] INFO [GroupCoordinator id=1] Scheduling loading of metadata from __consumer_offsets-36 with epoch 0 (org.apache.kafka.coordinator.common.runtime.CoordinatorRuntime)
[2026-07-14 06:14:05,570] INFO [GroupCoordinator id=1] Scheduling loading of metadata from __consumer_offsets-1 with epoch 0 (org.apache.kafka.coordinator.common.runtime.CoordinatorRuntime)
[2026-07-14 06:14:05,570] INFO [GroupCoordinator id=1] Scheduling loading of metadata from __consumer_offsets-43 with epoch 0 (org.apache.kafka.coordinator.common.runtime.CoordinatorRuntime)
[2026-07-14 06:14:05,570] INFO [GroupCoordinator id=1] Scheduling loading of metadata from __consumer_offsets-12 with epoch 0 (org.apache.kafka.coordinator.common.runtime.CoordinatorRuntime)
[2026-07-14 06:14:05,571] INFO [GroupCoordinator id=1] Scheduling loading of metadata from __consumer_offsets-24 with epoch 0 (org.apache.kafka.coordinator.common.runtime.CoordinatorRuntime)
[2026-07-14 06:14:05,571] INFO [GroupCoordinator id=1] Scheduling loading of metadata from __consumer_offsets-20 with epoch 0 (org.apache.kafka.coordinator.common.runtime.CoordinatorRuntime)
[2026-07-14 06:14:05,571] INFO [GroupCoordinator id=1] Scheduling loading of metadata from __consumer_offsets-18 with epoch 0 (org.apache.kafka.coordinator.common.runtime.CoordinatorRuntime)
[2026-07-14 06:14:05,571] INFO [GroupCoordinator id=1] Scheduling loading of metadata from __consumer_offsets-31 with epoch 0 (org.apache.kafka.coordinator.common.runtime.CoordinatorRuntime)
[2026-07-14 06:14:05,571] INFO [GroupCoordinator id=1] Scheduling loading of metadata from __consumer_offsets-39 with epoch 0 (org.apache.kafka.coordinator.common.runtime.CoordinatorRuntime)
[2026-07-14 06:14:05,571] INFO [GroupCoordinator id=1] Scheduling loading of metadata from __consumer_offsets-35 with epoch 0 (org.apache.kafka.coordinator.common.runtime.CoordinatorRuntime)
[2026-07-14 06:14:05,571] INFO [GroupCoordinator id=1] Scheduling loading of metadata from __consumer_offsets-2 with epoch 0 (org.apache.kafka.coordinator.common.runtime.CoordinatorRuntime)
[2026-07-14 06:14:05,571] INFO [GroupCoordinator id=1] Scheduling unloading of metadata for __consumer_offsets-13 with epoch OptionalInt[0] (org.apache.kafka.coordinator.common.runtime.CoordinatorRuntime)
[2026-07-14 06:14:05,571] INFO [GroupCoordinator id=1] Scheduling unloading of metadata for __consumer_offsets-42 with epoch OptionalInt[0] (org.apache.kafka.coordinator.common.runtime.CoordinatorRuntime)
[2026-07-14 06:14:05,571] INFO [GroupCoordinator id=1] Scheduling unloading of metadata for __consumer_offsets-21 with epoch OptionalInt[0] (org.apache.kafka.coordinator.common.runtime.CoordinatorRuntime)
[2026-07-14 06:14:05,571] INFO [GroupCoordinator id=1] Scheduling unloading of metadata for __consumer_offsets-19 with epoch OptionalInt[0] (org.apache.kafka.coordinator.common.runtime.CoordinatorRuntime)
[2026-07-14 06:14:05,571] INFO [GroupCoordinator id=1] Scheduling unloading of metadata for __consumer_offsets-30 with epoch OptionalInt[0] (org.apache.kafka.coordinator.common.runtime.CoordinatorRuntime)
[2026-07-14 06:14:05,571] INFO [GroupCoordinator id=1] Scheduling unloading of metadata for __consumer_offsets-38 with epoch OptionalInt[0] (org.apache.kafka.coordinator.common.runtime.CoordinatorRuntime)
[2026-07-14 06:14:05,571] INFO [GroupCoordinator id=1] Scheduling unloading of metadata for __consumer_offsets-3 with epoch OptionalInt[0] (org.apache.kafka.coordinator.common.runtime.CoordinatorRuntime)
[2026-07-14 06:14:05,571] INFO [GroupCoordinator id=1] Scheduling unloading of metadata for __consumer_offsets-34 with epoch OptionalInt[0] (org.apache.kafka.coordinator.common.runtime.CoordinatorRuntime)
[2026-07-14 06:14:05,571] INFO [GroupCoordinator id=1] Scheduling unloading of metadata for __consumer_offsets-47 with epoch OptionalInt[0] (org.apache.kafka.coordinator.common.runtime.CoordinatorRuntime)
[2026-07-14 06:14:05,571] INFO [GroupCoordinator id=1] Scheduling unloading of metadata for __consumer_offsets-16 with epoch OptionalInt[0] (org.apache.kafka.coordinator.common.runtime.CoordinatorRuntime)
[2026-07-14 06:14:05,571] INFO [GroupCoordinator id=1] Scheduling unloading of metadata for __consumer_offsets-45 with epoch OptionalInt[0] (org.apache.kafka.coordinator.common.runtime.CoordinatorRuntime)
[2026-07-14 06:14:05,571] INFO [GroupCoordinator id=1] Scheduling unloading of metadata for __consumer_offsets-14 with epoch OptionalInt[0] (org.apache.kafka.coordinator.common.runtime.CoordinatorRuntime)
[2026-07-14 06:14:05,571] INFO [GroupCoordinator id=1] Scheduling unloading of metadata for __consumer_offsets-41 with epoch OptionalInt[0] (org.apache.kafka.coordinator.common.runtime.CoordinatorRuntime)
[2026-07-14 06:14:05,571] INFO [GroupCoordinator id=1] Scheduling unloading of metadata for __consumer_offsets-10 with epoch OptionalInt[0] (org.apache.kafka.coordinator.common.runtime.CoordinatorRuntime)
[2026-07-14 06:14:05,571] INFO [GroupCoordinator id=1] Scheduling unloading of metadata for __consumer_offsets-22 with epoch OptionalInt[0] (org.apache.kafka.coordinator.common.runtime.CoordinatorRuntime)
[2026-07-14 06:14:05,571] INFO [GroupCoordinator id=1] Scheduling unloading of metadata for __consumer_offsets-49 with epoch OptionalInt[0] (org.apache.kafka.coordinator.common.runtime.CoordinatorRuntime)
[2026-07-14 06:14:05,572] INFO [GroupCoordinator id=1] Scheduling unloading of metadata for __consumer_offsets-0 with epoch OptionalInt[0] (org.apache.kafka.coordinator.common.runtime.CoordinatorRuntime)
[2026-07-14 06:14:05,572] INFO [GroupCoordinator id=1] Scheduling unloading of metadata for __consumer_offsets-29 with epoch OptionalInt[0] (org.apache.kafka.coordinator.common.runtime.CoordinatorRuntime)
[2026-07-14 06:14:05,572] INFO [GroupCoordinator id=1] Scheduling unloading of metadata for __consumer_offsets-27 with epoch OptionalInt[0] (org.apache.kafka.coordinator.common.runtime.CoordinatorRuntime)
[2026-07-14 06:14:05,572] INFO [GroupCoordinator id=1] Scheduling unloading of metadata for __consumer_offsets-25 with epoch OptionalInt[0] (org.apache.kafka.coordinator.common.runtime.CoordinatorRuntime)
[2026-07-14 06:14:05,572] INFO [GroupCoordinator id=1] Scheduling unloading of metadata for __consumer_offsets-8 with epoch OptionalInt[0] (org.apache.kafka.coordinator.common.runtime.CoordinatorRuntime)
[2026-07-14 06:14:05,572] INFO [GroupCoordinator id=1] Scheduling unloading of metadata for __consumer_offsets-37 with epoch OptionalInt[0] (org.apache.kafka.coordinator.common.runtime.CoordinatorRuntime)
[2026-07-14 06:14:05,572] INFO [GroupCoordinator id=1] Scheduling unloading of metadata for __consumer_offsets-6 with epoch OptionalInt[0] (org.apache.kafka.coordinator.common.runtime.CoordinatorRuntime)
[2026-07-14 06:14:05,572] INFO [GroupCoordinator id=1] Scheduling unloading of metadata for __consumer_offsets-4 with epoch OptionalInt[0] (org.apache.kafka.coordinator.common.runtime.CoordinatorRuntime)
[2026-07-14 06:14:05,572] INFO [GroupCoordinator id=1] Scheduling unloading of metadata for __consumer_offsets-33 with epoch OptionalInt[0] (org.apache.kafka.coordinator.common.runtime.CoordinatorRuntime)
[2026-07-14 06:14:05,572] INFO [DynamicConfigPublisher broker id=1] Updating topic __consumer_offsets with new configuration : compression.type -> producer,cleanup.policy -> compact,segment.bytes -> 104857600 (kafka.server.metadata.DynamicConfigPublisher)
[2026-07-14 06:14:05,581] INFO [GroupCoordinator id=1] Ignored unloading metadata for __consumer_offsets-45 in epoch OptionalInt[0] since metadata was never loaded. (org.apache.kafka.coordinator.common.runtime.CoordinatorRuntime)
[2026-07-14 06:14:05,581] INFO [GroupCoordinator id=1] Ignored unloading metadata for __consumer_offsets-37 in epoch OptionalInt[0] since metadata was never loaded. (org.apache.kafka.coordinator.common.runtime.CoordinatorRuntime)
[2026-07-14 06:14:05,581] INFO [GroupCoordinator id=1] Ignored unloading metadata for __consumer_offsets-33 in epoch OptionalInt[0] since metadata was never loaded. (org.apache.kafka.coordinator.common.runtime.CoordinatorRuntime)
[2026-07-14 06:14:05,581] INFO [GroupCoordinator id=1] Ignored unloading metadata for __consumer_offsets-0 in epoch OptionalInt[0] since metadata was never loaded. (org.apache.kafka.coordinator.common.runtime.CoordinatorRuntime)
[2026-07-14 06:14:05,581] INFO [GroupCoordinator id=1] Ignored unloading metadata for __consumer_offsets-47 in epoch OptionalInt[0] since metadata was never loaded. (org.apache.kafka.coordinator.common.runtime.CoordinatorRuntime)
[2026-07-14 06:14:05,582] INFO [GroupCoordinator id=1] Ignored unloading metadata for __consumer_offsets-38 in epoch OptionalInt[0] since metadata was never loaded. (org.apache.kafka.coordinator.common.runtime.CoordinatorRuntime)
[2026-07-14 06:14:05,582] INFO [GroupCoordinator id=1] Ignored unloading metadata for __consumer_offsets-19 in epoch OptionalInt[0] since metadata was never loaded. (org.apache.kafka.coordinator.common.runtime.CoordinatorRuntime)
[2026-07-14 06:14:05,582] INFO [GroupCoordinator id=1] Ignored unloading metadata for __consumer_offsets-8 in epoch OptionalInt[0] since metadata was never loaded. (org.apache.kafka.coordinator.common.runtime.CoordinatorRuntime)
[2026-07-14 06:14:05,582] INFO [GroupCoordinator id=1] Ignored unloading metadata for __consumer_offsets-29 in epoch OptionalInt[0] since metadata was never loaded. (org.apache.kafka.coordinator.common.runtime.CoordinatorRuntime)
[2026-07-14 06:14:05,582] INFO [GroupCoordinator id=1] Ignored unloading metadata for __consumer_offsets-10 in epoch OptionalInt[0] since metadata was never loaded. (org.apache.kafka.coordinator.common.runtime.CoordinatorRuntime)
[2026-07-14 06:14:05,582] INFO [GroupCoordinator id=1] Ignored unloading metadata for __consumer_offsets-14 in epoch OptionalInt[0] since metadata was never loaded. (org.apache.kafka.coordinator.common.runtime.CoordinatorRuntime)
[2026-07-14 06:14:05,582] INFO [GroupCoordinator id=1] Ignored unloading metadata for __consumer_offsets-49 in epoch OptionalInt[0] since metadata was never loaded. (org.apache.kafka.coordinator.common.runtime.CoordinatorRuntime)
[2026-07-14 06:14:05,583] INFO [GroupCoordinator id=1] Finished loading of metadata from __consumer_offsets-23 with epoch 0 in 0ms where 0ms was spent in the scheduler. Loaded 0 records which total to 0 bytes. (org.apache.kafka.coordinator.common.runtime.CoordinatorRuntime)
[2026-07-14 06:14:05,583] INFO [GroupCoordinator id=1] Finished loading of metadata from __consumer_offsets-28 with epoch 0 in 0ms where 0ms was spent in the scheduler. Loaded 0 records which total to 0 bytes. (org.apache.kafka.coordinator.common.runtime.CoordinatorRuntime)
[2026-07-14 06:14:05,583] INFO [GroupCoordinator id=1] Ignored unloading metadata for __consumer_offsets-3 in epoch OptionalInt[0] since metadata was never loaded. (org.apache.kafka.coordinator.common.runtime.CoordinatorRuntime)
[2026-07-14 06:14:05,583] INFO [GroupCoordinator id=1] Ignored unloading metadata for __consumer_offsets-30 in epoch OptionalInt[0] since metadata was never loaded. (org.apache.kafka.coordinator.common.runtime.CoordinatorRuntime)
[2026-07-14 06:14:05,583] INFO [GroupCoordinator id=1] Ignored unloading metadata for __consumer_offsets-42 in epoch OptionalInt[0] since metadata was never loaded. (org.apache.kafka.coordinator.common.runtime.CoordinatorRuntime)
[2026-07-14 06:14:05,583] INFO [GroupCoordinator id=1] Ignored unloading metadata for __consumer_offsets-13 in epoch OptionalInt[0] since metadata was never loaded. (org.apache.kafka.coordinator.common.runtime.CoordinatorRuntime)
[2026-07-14 06:14:05,583] INFO [GroupCoordinator id=1] Ignored unloading metadata for __consumer_offsets-22 in epoch OptionalInt[0] since metadata was never loaded. (org.apache.kafka.coordinator.common.runtime.CoordinatorRuntime)
[2026-07-14 06:14:05,583] INFO [GroupCoordinator id=1] Ignored unloading metadata for __consumer_offsets-4 in epoch OptionalInt[0] since metadata was never loaded. (org.apache.kafka.coordinator.common.runtime.CoordinatorRuntime)
[2026-07-14 06:14:05,583] INFO [GroupCoordinator id=1] Finished loading of metadata from __consumer_offsets-46 with epoch 0 in 2ms where 1ms was spent in the scheduler. Loaded 0 records which total to 0 bytes. (org.apache.kafka.coordinator.common.runtime.CoordinatorRuntime)
[2026-07-14 06:14:05,583] INFO [GroupCoordinator id=1] Ignored unloading metadata for __consumer_offsets-16 in epoch OptionalInt[0] since metadata was never loaded. (org.apache.kafka.coordinator.common.runtime.CoordinatorRuntime)
[2026-07-14 06:14:05,583] INFO [GroupCoordinator id=1] Finished loading of metadata from __consumer_offsets-40 with epoch 0 in 0ms where 0ms was spent in the scheduler. Loaded 0 records which total to 0 bytes. (org.apache.kafka.coordinator.common.runtime.CoordinatorRuntime)
[2026-07-14 06:14:05,584] INFO [GroupCoordinator id=1] Finished loading of metadata from __consumer_offsets-9 with epoch 0 in 0ms where 0ms was spent in the scheduler. Loaded 0 records which total to 0 bytes. (org.apache.kafka.coordinator.common.runtime.CoordinatorRuntime)
[2026-07-14 06:14:05,584] INFO [GroupCoordinator id=1] Finished loading of metadata from __consumer_offsets-20 with epoch 0 in 0ms where 0ms was spent in the scheduler. Loaded 0 records which total to 0 bytes. (org.apache.kafka.coordinator.common.runtime.CoordinatorRuntime)
[2026-07-14 06:14:05,584] INFO [GroupCoordinator id=1] Ignored unloading metadata for __consumer_offsets-21 in epoch OptionalInt[0] since metadata was never loaded. (org.apache.kafka.coordinator.common.runtime.CoordinatorRuntime)
[2026-07-14 06:14:05,584] INFO [GroupCoordinator id=1] Finished loading of metadata from __consumer_offsets-36 with epoch 0 in 0ms where 0ms was spent in the scheduler. Loaded 0 records which total to 0 bytes. (org.apache.kafka.coordinator.common.runtime.CoordinatorRuntime)
[2026-07-14 06:14:05,584] INFO [GroupCoordinator id=1] Ignored unloading metadata for __consumer_offsets-34 in epoch OptionalInt[0] since metadata was never loaded. (org.apache.kafka.coordinator.common.runtime.CoordinatorRuntime)
[2026-07-14 06:14:05,584] INFO [GroupCoordinator id=1] Ignored unloading metadata for __consumer_offsets-25 in epoch OptionalInt[0] since metadata was never loaded. (org.apache.kafka.coordinator.common.runtime.CoordinatorRuntime)
[2026-07-14 06:14:05,584] INFO [GroupCoordinator id=1] Finished loading of metadata from __consumer_offsets-35 with epoch 0 in 0ms where 0ms was spent in the scheduler. Loaded 0 records which total to 0 bytes. (org.apache.kafka.coordinator.common.runtime.CoordinatorRuntime)
[2026-07-14 06:14:05,584] INFO [GroupCoordinator id=1] Ignored unloading metadata for __consumer_offsets-41 in epoch OptionalInt[0] since metadata was never loaded. (org.apache.kafka.coordinator.common.runtime.CoordinatorRuntime)
[2026-07-14 06:14:05,584] INFO [GroupCoordinator id=1] Ignored unloading metadata for __consumer_offsets-27 in epoch OptionalInt[0] since metadata was never loaded. (org.apache.kafka.coordinator.common.runtime.CoordinatorRuntime)
[2026-07-14 06:14:05,584] INFO [GroupCoordinator id=1] Finished loading of metadata from __consumer_offsets-26 with epoch 0 in 0ms where 0ms was spent in the scheduler. Loaded 0 records which total to 0 bytes. (org.apache.kafka.coordinator.common.runtime.CoordinatorRuntime)
[2026-07-14 06:14:05,584] INFO [GroupCoordinator id=1] Finished loading of metadata from __consumer_offsets-12 with epoch 0 in 1ms where 1ms was spent in the scheduler. Loaded 0 records which total to 0 bytes. (org.apache.kafka.coordinator.common.runtime.CoordinatorRuntime)
[2026-07-14 06:14:05,584] INFO [GroupCoordinator id=1] Finished loading of metadata from __consumer_offsets-44 with epoch 0 in 0ms where 0ms was spent in the scheduler. Loaded 0 records which total to 0 bytes. (org.apache.kafka.coordinator.common.runtime.CoordinatorRuntime)
[2026-07-14 06:14:05,584] INFO [GroupCoordinator id=1] Finished loading of metadata from __consumer_offsets-43 with epoch 0 in 0ms where 0ms was spent in the scheduler. Loaded 0 records which total to 0 bytes. (org.apache.kafka.coordinator.common.runtime.CoordinatorRuntime)
[2026-07-14 06:14:05,584] INFO [GroupCoordinator id=1] Finished loading of metadata from __consumer_offsets-31 with epoch 0 in 0ms where 0ms was spent in the scheduler. Loaded 0 records which total to 0 bytes. (org.apache.kafka.coordinator.common.runtime.CoordinatorRuntime)
[2026-07-14 06:14:05,584] INFO [GroupCoordinator id=1] Finished loading of metadata from __consumer_offsets-39 with epoch 0 in 0ms where 0ms was spent in the scheduler. Loaded 0 records which total to 0 bytes. (org.apache.kafka.coordinator.common.runtime.CoordinatorRuntime)
[2026-07-14 06:14:05,584] INFO [GroupCoordinator id=1] Finished loading of metadata from __consumer_offsets-17 with epoch 0 in 1ms where 0ms was spent in the scheduler. Loaded 0 records which total to 0 bytes. (org.apache.kafka.coordinator.common.runtime.CoordinatorRuntime)
[2026-07-14 06:14:05,584] INFO [GroupCoordinator id=1] Finished loading of metadata from __consumer_offsets-15 with epoch 0 in 2ms where 2ms was spent in the scheduler. Loaded 0 records which total to 0 bytes. (org.apache.kafka.coordinator.common.runtime.CoordinatorRuntime)
[2026-07-14 06:14:05,584] INFO [GroupCoordinator id=1] Ignored unloading metadata for __consumer_offsets-6 in epoch OptionalInt[0] since metadata was never loaded. (org.apache.kafka.coordinator.common.runtime.CoordinatorRuntime)
[2026-07-14 06:14:05,584] INFO [GroupCoordinator id=1] Finished loading of metadata from __consumer_offsets-2 with epoch 0 in 0ms where 0ms was spent in the scheduler. Loaded 0 records which total to 0 bytes. (org.apache.kafka.coordinator.common.runtime.CoordinatorRuntime)
[2026-07-14 06:14:05,584] INFO [GroupCoordinator id=1] Finished loading of metadata from __consumer_offsets-48 with epoch 0 in 2ms where 2ms was spent in the scheduler. Loaded 0 records which total to 0 bytes. (org.apache.kafka.coordinator.common.runtime.CoordinatorRuntime)
[2026-07-14 06:14:05,584] INFO [GroupCoordinator id=1] Finished loading of metadata from __consumer_offsets-7 with epoch 0 in 1ms where 1ms was spent in the scheduler. Loaded 0 records which total to 0 bytes. (org.apache.kafka.coordinator.common.runtime.CoordinatorRuntime)
[2026-07-14 06:14:05,584] INFO [GroupCoordinator id=1] Finished loading of metadata from __consumer_offsets-24 with epoch 0 in 0ms where 0ms was spent in the scheduler. Loaded 0 records which total to 0 bytes. (org.apache.kafka.coordinator.common.runtime.CoordinatorRuntime)
[2026-07-14 06:14:05,584] INFO [GroupCoordinator id=1] Finished loading of metadata from __consumer_offsets-32 with epoch 0 in 0ms where 0ms was spent in the scheduler. Loaded 0 records which total to 0 bytes. (org.apache.kafka.coordinator.common.runtime.CoordinatorRuntime)
[2026-07-14 06:14:05,584] INFO [GroupCoordinator id=1] Finished loading of metadata from __consumer_offsets-18 with epoch 0 in 1ms where 1ms was spent in the scheduler. Loaded 0 records which total to 0 bytes. (org.apache.kafka.coordinator.common.runtime.CoordinatorRuntime)
[2026-07-14 06:14:05,584] INFO [GroupCoordinator id=1] Finished loading of metadata from __consumer_offsets-5 with epoch 0 in 0ms where 0ms was spent in the scheduler. Loaded 0 records which total to 0 bytes. (org.apache.kafka.coordinator.common.runtime.CoordinatorRuntime)
[2026-07-14 06:14:05,584] INFO [GroupCoordinator id=1] Finished loading of metadata from __consumer_offsets-1 with epoch 0 in 0ms where 0ms was spent in the scheduler. Loaded 0 records which total to 0 bytes. (org.apache.kafka.coordinator.common.runtime.CoordinatorRuntime)
[2026-07-14 06:14:05,583] INFO [GroupCoordinator id=1] Finished loading of metadata from __consumer_offsets-11 with epoch 0 in 2ms where 2ms was spent in the scheduler. Loaded 0 records which total to 0 bytes. (org.apache.kafka.coordinator.common.runtime.CoordinatorRuntime)
[2026-07-14 06:14:05,618] INFO [RaftManager id=1] Disconnecting from node 2 due to socket connection setup timeout. The timeout value is 11534 ms. (org.apache.kafka.clients.NetworkClient)
[2026-07-14 06:14:05,660] INFO [ReplicaFetcher replicaId=1, leaderId=3, fetcherId=0] Truncating partition __consumer_offsets-13 with TruncationState(offset=0, completed=true) due to local high watermark 0 (kafka.server.ReplicaFetcherThread)
[2026-07-14 06:14:05,660] INFO [UnifiedLog partition=__consumer_offsets-13, dir=/tmp/kafka-logs] Truncating to 0 has no effect as the largest offset in the log is -1 (kafka.log.UnifiedLog)
[2026-07-14 06:14:05,660] INFO [ReplicaFetcher replicaId=1, leaderId=3, fetcherId=0] Truncating partition __consumer_offsets-42 with TruncationState(offset=0, completed=true) due to local high watermark 0 (kafka.server.ReplicaFetcherThread)
[2026-07-14 06:14:05,660] INFO [UnifiedLog partition=__consumer_offsets-42, dir=/tmp/kafka-logs] Truncating to 0 has no effect as the largest offset in the log is -1 (kafka.log.UnifiedLog)
[2026-07-14 06:14:05,660] INFO [ReplicaFetcher replicaId=1, leaderId=3, fetcherId=0] Truncating partition __consumer_offsets-21 with TruncationState(offset=0, completed=true) due to local high watermark 0 (kafka.server.ReplicaFetcherThread)
[2026-07-14 06:14:05,660] INFO [UnifiedLog partition=__consumer_offsets-21, dir=/tmp/kafka-logs] Truncating to 0 has no effect as the largest offset in the log is -1 (kafka.log.UnifiedLog)
[2026-07-14 06:14:05,660] INFO [ReplicaFetcher replicaId=1, leaderId=3, fetcherId=0] Truncating partition __consumer_offsets-19 with TruncationState(offset=0, completed=true) due to local high watermark 0 (kafka.server.ReplicaFetcherThread)
[2026-07-14 06:14:05,660] INFO [UnifiedLog partition=__consumer_offsets-19, dir=/tmp/kafka-logs] Truncating to 0 has no effect as the largest offset in the log is -1 (kafka.log.UnifiedLog)
[2026-07-14 06:14:05,660] INFO [ReplicaFetcher replicaId=1, leaderId=3, fetcherId=0] Truncating partition __consumer_offsets-30 with TruncationState(offset=0, completed=true) due to local high watermark 0 (kafka.server.ReplicaFetcherThread)
[2026-07-14 06:14:05,660] INFO [UnifiedLog partition=__consumer_offsets-30, dir=/tmp/kafka-logs] Truncating to 0 has no effect as the largest offset in the log is -1 (kafka.log.UnifiedLog)
[2026-07-14 06:14:05,660] INFO [ReplicaFetcher replicaId=1, leaderId=3, fetcherId=0] Truncating partition __consumer_offsets-38 with TruncationState(offset=0, completed=true) due to local high watermark 0 (kafka.server.ReplicaFetcherThread)
[2026-07-14 06:14:05,660] INFO [UnifiedLog partition=__consumer_offsets-38, dir=/tmp/kafka-logs] Truncating to 0 has no effect as the largest offset in the log is -1 (kafka.log.UnifiedLog)
[2026-07-14 06:14:05,660] INFO [ReplicaFetcher replicaId=1, leaderId=3, fetcherId=0] Truncating partition __consumer_offsets-3 with TruncationState(offset=0, completed=true) due to local high watermark 0 (kafka.server.ReplicaFetcherThread)
[2026-07-14 06:14:05,660] INFO [UnifiedLog partition=__consumer_offsets-3, dir=/tmp/kafka-logs] Truncating to 0 has no effect as the largest offset in the log is -1 (kafka.log.UnifiedLog)
[2026-07-14 06:14:05,660] INFO [ReplicaFetcher replicaId=1, leaderId=3, fetcherId=0] Truncating partition __consumer_offsets-34 with TruncationState(offset=0, completed=true) due to local high watermark 0 (kafka.server.ReplicaFetcherThread)
[2026-07-14 06:14:05,660] INFO [UnifiedLog partition=__consumer_offsets-34, dir=/tmp/kafka-logs] Truncating to 0 has no effect as the largest offset in the log is -1 (kafka.log.UnifiedLog)
[2026-07-14 06:14:05,660] INFO [ReplicaFetcher replicaId=1, leaderId=3, fetcherId=0] Truncating partition __consumer_offsets-47 with TruncationState(offset=0, completed=true) due to local high watermark 0 (kafka.server.ReplicaFetcherThread)
[2026-07-14 06:14:05,660] INFO [UnifiedLog partition=__consumer_offsets-47, dir=/tmp/kafka-logs] Truncating to 0 has no effect as the largest offset in the log is -1 (kafka.log.UnifiedLog)
[2026-07-14 06:14:05,660] INFO [ReplicaFetcher replicaId=1, leaderId=3, fetcherId=0] Truncating partition __consumer_offsets-16 with TruncationState(offset=0, completed=true) due to local high watermark 0 (kafka.server.ReplicaFetcherThread)
[2026-07-14 06:14:05,660] INFO [UnifiedLog partition=__consumer_offsets-16, dir=/tmp/kafka-logs] Truncating to 0 has no effect as the largest offset in the log is -1 (kafka.log.UnifiedLog)
[2026-07-14 06:14:05,660] INFO [ReplicaFetcher replicaId=1, leaderId=3, fetcherId=0] Truncating partition __consumer_offsets-45 with TruncationState(offset=0, completed=true) due to local high watermark 0 (kafka.server.ReplicaFetcherThread)
[2026-07-14 06:14:05,660] INFO [UnifiedLog partition=__consumer_offsets-45, dir=/tmp/kafka-logs] Truncating to 0 has no effect as the largest offset in the log is -1 (kafka.log.UnifiedLog)
[2026-07-14 06:14:05,661] INFO [ReplicaFetcher replicaId=1, leaderId=3, fetcherId=0] Truncating partition __consumer_offsets-14 with TruncationState(offset=0, completed=true) due to local high watermark 0 (kafka.server.ReplicaFetcherThread)
[2026-07-14 06:14:05,661] INFO [UnifiedLog partition=__consumer_offsets-14, dir=/tmp/kafka-logs] Truncating to 0 has no effect as the largest offset in the log is -1 (kafka.log.UnifiedLog)
[2026-07-14 06:14:05,661] INFO [ReplicaFetcher replicaId=1, leaderId=3, fetcherId=0] Truncating partition __consumer_offsets-41 with TruncationState(offset=0, completed=true) due to local high watermark 0 (kafka.server.ReplicaFetcherThread)
[2026-07-14 06:14:05,661] INFO [UnifiedLog partition=__consumer_offsets-41, dir=/tmp/kafka-logs] Truncating to 0 has no effect as the largest offset in the log is -1 (kafka.log.UnifiedLog)
[2026-07-14 06:14:05,661] INFO [ReplicaFetcher replicaId=1, leaderId=3, fetcherId=0] Truncating partition __consumer_offsets-10 with TruncationState(offset=0, completed=true) due to local high watermark 0 (kafka.server.ReplicaFetcherThread)
[2026-07-14 06:14:05,661] INFO [UnifiedLog partition=__consumer_offsets-10, dir=/tmp/kafka-logs] Truncating to 0 has no effect as the largest offset in the log is -1 (kafka.log.UnifiedLog)
[2026-07-14 06:14:05,661] INFO [ReplicaFetcher replicaId=1, leaderId=3, fetcherId=0] Truncating partition __consumer_offsets-22 with TruncationState(offset=0, completed=true) due to local high watermark 0 (kafka.server.ReplicaFetcherThread)
[2026-07-14 06:14:05,661] INFO [UnifiedLog partition=__consumer_offsets-22, dir=/tmp/kafka-logs] Truncating to 0 has no effect as the largest offset in the log is -1 (kafka.log.UnifiedLog)
[2026-07-14 06:14:05,661] INFO [ReplicaFetcher replicaId=1, leaderId=3, fetcherId=0] Truncating partition __consumer_offsets-49 with TruncationState(offset=0, completed=true) due to local high watermark 0 (kafka.server.ReplicaFetcherThread)
[2026-07-14 06:14:05,661] INFO [UnifiedLog partition=__consumer_offsets-49, dir=/tmp/kafka-logs] Truncating to 0 has no effect as the largest offset in the log is -1 (kafka.log.UnifiedLog)
[2026-07-14 06:14:05,661] INFO [ReplicaFetcher replicaId=1, leaderId=3, fetcherId=0] Truncating partition __consumer_offsets-0 with TruncationState(offset=0, completed=true) due to local high watermark 0 (kafka.server.ReplicaFetcherThread)
[2026-07-14 06:14:05,661] INFO [UnifiedLog partition=__consumer_offsets-0, dir=/tmp/kafka-logs] Truncating to 0 has no effect as the largest offset in the log is -1 (kafka.log.UnifiedLog)
[2026-07-14 06:14:05,661] INFO [ReplicaFetcher replicaId=1, leaderId=3, fetcherId=0] Truncating partition __consumer_offsets-29 with TruncationState(offset=0, completed=true) due to local high watermark 0 (kafka.server.ReplicaFetcherThread)
[2026-07-14 06:14:05,661] INFO [UnifiedLog partition=__consumer_offsets-29, dir=/tmp/kafka-logs] Truncating to 0 has no effect as the largest offset in the log is -1 (kafka.log.UnifiedLog)
[2026-07-14 06:14:05,661] INFO [ReplicaFetcher replicaId=1, leaderId=3, fetcherId=0] Truncating partition __consumer_offsets-27 with TruncationState(offset=0, completed=true) due to local high watermark 0 (kafka.server.ReplicaFetcherThread)
[2026-07-14 06:14:05,661] INFO [UnifiedLog partition=__consumer_offsets-27, dir=/tmp/kafka-logs] Truncating to 0 has no effect as the largest offset in the log is -1 (kafka.log.UnifiedLog)
[2026-07-14 06:14:05,661] INFO [ReplicaFetcher replicaId=1, leaderId=3, fetcherId=0] Truncating partition __consumer_offsets-25 with TruncationState(offset=0, completed=true) due to local high watermark 0 (kafka.server.ReplicaFetcherThread)
[2026-07-14 06:14:05,661] INFO [UnifiedLog partition=__consumer_offsets-25, dir=/tmp/kafka-logs] Truncating to 0 has no effect as the largest offset in the log is -1 (kafka.log.UnifiedLog)
[2026-07-14 06:14:05,661] INFO [ReplicaFetcher replicaId=1, leaderId=3, fetcherId=0] Truncating partition __consumer_offsets-8 with TruncationState(offset=0, completed=true) due to local high watermark 0 (kafka.server.ReplicaFetcherThread)
[2026-07-14 06:14:05,661] INFO [UnifiedLog partition=__consumer_offsets-8, dir=/tmp/kafka-logs] Truncating to 0 has no effect as the largest offset in the log is -1 (kafka.log.UnifiedLog)
[2026-07-14 06:14:05,661] INFO [ReplicaFetcher replicaId=1, leaderId=3, fetcherId=0] Truncating partition __consumer_offsets-37 with TruncationState(offset=0, completed=true) due to local high watermark 0 (kafka.server.ReplicaFetcherThread)
[2026-07-14 06:14:05,661] INFO [UnifiedLog partition=__consumer_offsets-37, dir=/tmp/kafka-logs] Truncating to 0 has no effect as the largest offset in the log is -1 (kafka.log.UnifiedLog)
[2026-07-14 06:14:05,661] INFO [ReplicaFetcher replicaId=1, leaderId=3, fetcherId=0] Truncating partition __consumer_offsets-6 with TruncationState(offset=0, completed=true) due to local high watermark 0 (kafka.server.ReplicaFetcherThread)
[2026-07-14 06:14:05,661] INFO [UnifiedLog partition=__consumer_offsets-6, dir=/tmp/kafka-logs] Truncating to 0 has no effect as the largest offset in the log is -1 (kafka.log.UnifiedLog)
[2026-07-14 06:14:05,661] INFO [ReplicaFetcher replicaId=1, leaderId=3, fetcherId=0] Truncating partition __consumer_offsets-4 with TruncationState(offset=0, completed=true) due to local high watermark 0 (kafka.server.ReplicaFetcherThread)
[2026-07-14 06:14:05,661] INFO [UnifiedLog partition=__consumer_offsets-4, dir=/tmp/kafka-logs] Truncating to 0 has no effect as the largest offset in the log is -1 (kafka.log.UnifiedLog)
[2026-07-14 06:14:05,661] INFO [ReplicaFetcher replicaId=1, leaderId=3, fetcherId=0] Truncating partition __consumer_offsets-33 with TruncationState(offset=0, completed=true) due to local high watermark 0 (kafka.server.ReplicaFetcherThread)
[2026-07-14 06:14:05,661] INFO [UnifiedLog partition=__consumer_offsets-33, dir=/tmp/kafka-logs] Truncating to 0 has no effect as the largest offset in the log is -1 (kafka.log.UnifiedLog)
[2026-07-14 06:14:06,166] WARN [ReplicaFetcher replicaId=1, leaderId=3, fetcherId=0] Received UNKNOWN_TOPIC_ID from the leader for partition __consumer_offsets-13. This error may be returned transiently when the partition is being created or deleted, but it is not expected to persist. (kafka.server.ReplicaFetcherThread)
[2026-07-14 06:14:06,166] WARN [ReplicaFetcher replicaId=1, leaderId=3, fetcherId=0] Received UNKNOWN_TOPIC_ID from the leader for partition __consumer_offsets-42. This error may be returned transiently when the partition is being created or deleted, but it is not expected to persist. (kafka.server.ReplicaFetcherThread)
[2026-07-14 06:14:06,166] WARN [ReplicaFetcher replicaId=1, leaderId=3, fetcherId=0] Received UNKNOWN_TOPIC_ID from the leader for partition __consumer_offsets-21. This error may be returned transiently when the partition is being created or deleted, but it is not expected to persist. (kafka.server.ReplicaFetcherThread)
[2026-07-14 06:14:06,166] WARN [ReplicaFetcher replicaId=1, leaderId=3, fetcherId=0] Received UNKNOWN_TOPIC_ID from the leader for partition __consumer_offsets-19. This error may be returned transiently when the partition is being created or deleted, but it is not expected to persist. (kafka.server.ReplicaFetcherThread)
[2026-07-14 06:14:06,166] WARN [ReplicaFetcher replicaId=1, leaderId=3, fetcherId=0] Received UNKNOWN_TOPIC_ID from the leader for partition __consumer_offsets-30. This error may be returned transiently when the partition is being created or deleted, but it is not expected to persist. (kafka.server.ReplicaFetcherThread)
[2026-07-14 06:14:06,166] WARN [ReplicaFetcher replicaId=1, leaderId=3, fetcherId=0] Received UNKNOWN_TOPIC_ID from the leader for partition __consumer_offsets-38. This error may be returned transiently when the partition is being created or deleted, but it is not expected to persist. (kafka.server.ReplicaFetcherThread)
[2026-07-14 06:14:06,166] WARN [ReplicaFetcher replicaId=1, leaderId=3, fetcherId=0] Received UNKNOWN_TOPIC_ID from the leader for partition __consumer_offsets-3. This error may be returned transiently when the partition is being created or deleted, but it is not expected to persist. (kafka.server.ReplicaFetcherThread)
[2026-07-14 06:14:06,166] WARN [ReplicaFetcher replicaId=1, leaderId=3, fetcherId=0] Received UNKNOWN_TOPIC_ID from the leader for partition __consumer_offsets-34. This error may be returned transiently when the partition is being created or deleted, but it is not expected to persist. (kafka.server.ReplicaFetcherThread)
[2026-07-14 06:14:06,166] WARN [ReplicaFetcher replicaId=1, leaderId=3, fetcherId=0] Received UNKNOWN_TOPIC_ID from the leader for partition __consumer_offsets-47. This error may be returned transiently when the partition is being created or deleted, but it is not expected to persist. (kafka.server.ReplicaFetcherThread)
[2026-07-14 06:14:06,166] WARN [ReplicaFetcher replicaId=1, leaderId=3, fetcherId=0] Received UNKNOWN_TOPIC_ID from the leader for partition __consumer_offsets-16. This error may be returned transiently when the partition is being created or deleted, but it is not expected to persist. (kafka.server.ReplicaFetcherThread)
[2026-07-14 06:14:06,166] WARN [ReplicaFetcher replicaId=1, leaderId=3, fetcherId=0] Received UNKNOWN_TOPIC_ID from the leader for partition __consumer_offsets-45. This error may be returned transiently when the partition is being created or deleted, but it is not expected to persist. (kafka.server.ReplicaFetcherThread)
[2026-07-14 06:14:06,166] WARN [ReplicaFetcher replicaId=1, leaderId=3, fetcherId=0] Received UNKNOWN_TOPIC_ID from the leader for partition __consumer_offsets-14. This error may be returned transiently when the partition is being created or deleted, but it is not expected to persist. (kafka.server.ReplicaFetcherThread)
[2026-07-14 06:14:06,166] WARN [ReplicaFetcher replicaId=1, leaderId=3, fetcherId=0] Received UNKNOWN_TOPIC_ID from the leader for partition __consumer_offsets-41. This error may be returned transiently when the partition is being created or deleted, but it is not expected to persist. (kafka.server.ReplicaFetcherThread)
[2026-07-14 06:14:06,166] WARN [ReplicaFetcher replicaId=1, leaderId=3, fetcherId=0] Received UNKNOWN_TOPIC_ID from the leader for partition __consumer_offsets-10. This error may be returned transiently when the partition is being created or deleted, but it is not expected to persist. (kafka.server.ReplicaFetcherThread)
[2026-07-14 06:14:06,166] WARN [ReplicaFetcher replicaId=1, leaderId=3, fetcherId=0] Received UNKNOWN_TOPIC_ID from the leader for partition __consumer_offsets-22. This error may be returned transiently when the partition is being created or deleted, but it is not expected to persist. (kafka.server.ReplicaFetcherThread)
[2026-07-14 06:14:06,166] WARN [ReplicaFetcher replicaId=1, leaderId=3, fetcherId=0] Received UNKNOWN_TOPIC_ID from the leader for partition __consumer_offsets-49. This error may be returned transiently when the partition is being created or deleted, but it is not expected to persist. (kafka.server.ReplicaFetcherThread)
[2026-07-14 06:14:06,166] WARN [ReplicaFetcher replicaId=1, leaderId=3, fetcherId=0] Received UNKNOWN_TOPIC_ID from the leader for partition __consumer_offsets-0. This error may be returned transiently when the partition is being created or deleted, but it is not expected to persist. (kafka.server.ReplicaFetcherThread)
[2026-07-14 06:14:06,166] WARN [ReplicaFetcher replicaId=1, leaderId=3, fetcherId=0] Received UNKNOWN_TOPIC_ID from the leader for partition __consumer_offsets-29. This error may be returned transiently when the partition is being created or deleted, but it is not expected to persist. (kafka.server.ReplicaFetcherThread)
[2026-07-14 06:14:06,166] WARN [ReplicaFetcher replicaId=1, leaderId=3, fetcherId=0] Received UNKNOWN_TOPIC_ID from the leader for partition __consumer_offsets-27. This error may be returned transiently when the partition is being created or deleted, but it is not expected to persist. (kafka.server.ReplicaFetcherThread)
[2026-07-14 06:14:06,166] WARN [ReplicaFetcher replicaId=1, leaderId=3, fetcherId=0] Received UNKNOWN_TOPIC_ID from the leader for partition __consumer_offsets-25. This error may be returned transiently when the partition is being created or deleted, but it is not expected to persist. (kafka.server.ReplicaFetcherThread)
[2026-07-14 06:14:06,166] WARN [ReplicaFetcher replicaId=1, leaderId=3, fetcherId=0] Received UNKNOWN_TOPIC_ID from the leader for partition __consumer_offsets-8. This error may be returned transiently when the partition is being created or deleted, but it is not expected to persist. (kafka.server.ReplicaFetcherThread)
[2026-07-14 06:14:06,166] WARN [ReplicaFetcher replicaId=1, leaderId=3, fetcherId=0] Received UNKNOWN_TOPIC_ID from the leader for partition __consumer_offsets-37. This error may be returned transiently when the partition is being created or deleted, but it is not expected to persist. (kafka.server.ReplicaFetcherThread)
[2026-07-14 06:14:06,166] WARN [ReplicaFetcher replicaId=1, leaderId=3, fetcherId=0] Received UNKNOWN_TOPIC_ID from the leader for partition __consumer_offsets-6. This error may be returned transiently when the partition is being created or deleted, but it is not expected to persist. (kafka.server.ReplicaFetcherThread)
[2026-07-14 06:14:06,166] WARN [ReplicaFetcher replicaId=1, leaderId=3, fetcherId=0] Received UNKNOWN_TOPIC_ID from the leader for partition __consumer_offsets-4. This error may be returned transiently when the partition is being created or deleted, but it is not expected to persist. (kafka.server.ReplicaFetcherThread)
[2026-07-14 06:14:06,166] WARN [ReplicaFetcher replicaId=1, leaderId=3, fetcherId=0] Received UNKNOWN_TOPIC_ID from the leader for partition __consumer_offsets-33. This error may be returned transiently when the partition is being created or deleted, but it is not expected to persist. (kafka.server.ReplicaFetcherThread)
[2026-07-14 06:14:08,684] INFO [RaftManager id=1] Node 2 disconnected. (org.apache.kafka.clients.NetworkClient)
[2026-07-14 06:14:08,684] WARN [RaftManager id=1] Connection to node 2 (base002-kafka-57160-2/172.20.0.3:19093) could not be established. Node may not be available. (org.apache.kafka.clients.NetworkClient)
[2026-07-14 06:14:09,625] INFO [RaftManager id=1] Node 2 disconnected. (org.apache.kafka.clients.NetworkClient)
[2026-07-14 06:14:09,625] WARN [RaftManager id=1] Connection to node 2 (base002-kafka-57160-2/172.20.0.3:19093) could not be established. Node may not be available. (org.apache.kafka.clients.NetworkClient)
[2026-07-14 06:14:10,205] INFO [NodeToControllerChannelManager id=1 name=forwarding] Node 2 disconnected. (org.apache.kafka.clients.NetworkClient)
[2026-07-14 06:14:10,206] WARN [NodeToControllerChannelManager id=1 name=forwarding] Connection to node 2 (base002-kafka-57160-2/172.20.0.3:19093) could not be established. Node may not be available. (org.apache.kafka.clients.NetworkClient)
[2026-07-14 06:14:10,206] INFO [broker-1-to-controller-forwarding-channel-manager]: Recorded new KRaft controller, from now on will use node base002-kafka-57160-1:19093 (id: 1 rack: null isFenced: false) (kafka.server.NodeToControllerRequestThread)
[2026-07-14 06:14:10,240] INFO [ReplicaFetcherManager on broker 1] Removed fetcher for partitions Set(ai-video-int-rebalance-0, ai-video-int-rebalance-2) (kafka.server.ReplicaFetcherManager)
[2026-07-14 06:14:10,245] INFO [LogLoader partition=ai-video-int-rebalance-0, dir=/tmp/kafka-logs] Loading producer state till offset 0 (org.apache.kafka.storage.internals.log.UnifiedLog)
[2026-07-14 06:14:10,246] INFO Created log for partition ai-video-int-rebalance-0 in /tmp/kafka-logs/ai-video-int-rebalance-0 with properties {min.insync.replicas=2} (kafka.log.LogManager)
[2026-07-14 06:14:10,252] INFO [Partition ai-video-int-rebalance-0 broker=1] No checkpointed highwatermark is found for partition ai-video-int-rebalance-0 (kafka.cluster.Partition)
[2026-07-14 06:14:10,252] INFO [Partition ai-video-int-rebalance-0 broker=1] Log loaded for partition ai-video-int-rebalance-0 with initial high watermark 0 (kafka.cluster.Partition)
[2026-07-14 06:14:10,260] INFO [LogLoader partition=ai-video-int-rebalance-2, dir=/tmp/kafka-logs] Loading producer state till offset 0 (org.apache.kafka.storage.internals.log.UnifiedLog)
[2026-07-14 06:14:10,260] INFO Created log for partition ai-video-int-rebalance-2 in /tmp/kafka-logs/ai-video-int-rebalance-2 with properties {min.insync.replicas=2} (kafka.log.LogManager)
[2026-07-14 06:14:10,262] INFO [Partition ai-video-int-rebalance-2 broker=1] No checkpointed highwatermark is found for partition ai-video-int-rebalance-2 (kafka.cluster.Partition)
[2026-07-14 06:14:10,263] INFO [Partition ai-video-int-rebalance-2 broker=1] Log loaded for partition ai-video-int-rebalance-2 with initial high watermark 0 (kafka.cluster.Partition)
[2026-07-14 06:14:10,270] INFO [LogLoader partition=ai-video-int-rebalance-1, dir=/tmp/kafka-logs] Loading producer state till offset 0 (org.apache.kafka.storage.internals.log.UnifiedLog)
[2026-07-14 06:14:10,271] INFO Created log for partition ai-video-int-rebalance-1 in /tmp/kafka-logs/ai-video-int-rebalance-1 with properties {min.insync.replicas=2} (kafka.log.LogManager)
[2026-07-14 06:14:10,271] INFO [Partition ai-video-int-rebalance-1 broker=1] No checkpointed highwatermark is found for partition ai-video-int-rebalance-1 (kafka.cluster.Partition)
[2026-07-14 06:14:10,271] INFO [Partition ai-video-int-rebalance-1 broker=1] Log loaded for partition ai-video-int-rebalance-1 with initial high watermark 0 (kafka.cluster.Partition)
[2026-07-14 06:14:10,271] INFO [ReplicaFetcherManager on broker 1] Removed fetcher for partitions Set(ai-video-int-rebalance-1) (kafka.server.ReplicaFetcherManager)
[2026-07-14 06:14:10,271] INFO [ReplicaFetcherManager on broker 1] Added fetcher to broker 3 for partitions HashMap(ai-video-int-rebalance-1 -> InitialFetchState(Some(cGeJUXaYToaf7MmhSPjs0w),BrokerEndPoint(id=3, host=base002-kafka-57160-3:19092),0,0)) (kafka.server.ReplicaFetcherManager)
[2026-07-14 06:14:10,272] INFO [DynamicConfigPublisher broker id=1] Updating topic ai-video-int-rebalance with new configuration : min.insync.replicas -> 2 (kafka.server.metadata.DynamicConfigPublisher)
[2026-07-14 06:14:10,315] INFO [ReplicaFetcher replicaId=1, leaderId=3, fetcherId=0] Truncating partition ai-video-int-rebalance-1 with TruncationState(offset=0, completed=true) due to local high watermark 0 (kafka.server.ReplicaFetcherThread)
[2026-07-14 06:14:10,315] INFO [UnifiedLog partition=ai-video-int-rebalance-1, dir=/tmp/kafka-logs] Truncating to 0 has no effect as the largest offset in the log is -1 (kafka.log.UnifiedLog)
[2026-07-14 06:14:10,819] WARN [ReplicaFetcher replicaId=1, leaderId=3, fetcherId=0] Received UNKNOWN_TOPIC_ID from the leader for partition ai-video-int-rebalance-1. This error may be returned transiently when the partition is being created or deleted, but it is not expected to persist. (kafka.server.ReplicaFetcherThread)
[2026-07-14 06:14:11,821] INFO [NodeToControllerChannelManager id=1 name=alter-partition] Client requested disconnect from node 2 (org.apache.kafka.clients.NetworkClient)
[2026-07-14 06:14:11,821] INFO [broker-1-to-controller-alter-partition-channel-manager]: Recorded new KRaft controller, from now on will use node base002-kafka-57160-1:19093 (id: 1 rack: null isFenced: false) (kafka.server.NodeToControllerRequestThread)
[2026-07-14 06:14:11,860] INFO [ReplicaFetcherManager on broker 1] Removed fetcher for partitions Set(__consumer_offsets-15) (kafka.server.ReplicaFetcherManager)
[2026-07-14 06:14:11,861] INFO [GroupCoordinator id=1] Scheduling unloading of metadata for __consumer_offsets-13 with epoch OptionalInt[0] (org.apache.kafka.coordinator.common.runtime.CoordinatorRuntime)
[2026-07-14 06:14:11,861] INFO [GroupCoordinator id=1] Ignored unloading metadata for __consumer_offsets-13 in epoch OptionalInt[0] since metadata was never loaded. (org.apache.kafka.coordinator.common.runtime.CoordinatorRuntime)
[2026-07-14 06:14:11,902] INFO [Partition __consumer_offsets-23 broker=1] ISR updated to 1,3,2  and version updated to 1 (kafka.cluster.Partition)
[2026-07-14 06:14:11,904] INFO [ReplicaFetcherManager on broker 1] Removed fetcher for partitions Set(ai-video-int-rebalance-0, __consumer_offsets-48, __consumer_offsets-46, __consumer_offsets-11, __consumer_offsets-44, __consumer_offsets-9, ai-video-int-rebalance-2, __consumer_offsets-23, __consumer_offsets-17, __consumer_offsets-32, ai-video-int-events-2, __consumer_offsets-28, __consumer_offsets-26, __consumer_offsets-7, __consumer_offsets-40, __consumer_offsets-5, __consumer_offsets-36, __consumer_offsets-1, __consumer_offsets-43, __consumer_offsets-12, __consumer_offsets-24, __consumer_offsets-20, __consumer_offsets-18, __consumer_offsets-31, __consumer_offsets-39, ai-video-int-events.dlq-2, __consumer_offsets-35, __consumer_offsets-2) (kafka.server.ReplicaFetcherManager)
[2026-07-14 06:14:11,904] INFO [Partition __consumer_offsets-20 broker=1] ISR updated to 1,3,2  and version updated to 1 (kafka.cluster.Partition)
[2026-07-14 06:14:11,911] INFO [Partition ai-video-int-events.dlq-2 broker=1] ISR updated to 1,3,2  and version updated to 2 (kafka.cluster.Partition)
[2026-07-14 06:14:11,911] INFO [Partition __consumer_offsets-18 broker=1] ISR updated to 1,3,2  and version updated to 1 (kafka.cluster.Partition)
[2026-07-14 06:14:11,911] INFO [Partition __consumer_offsets-2 broker=1] ISR updated to 1,3,2  and version updated to 1 (kafka.cluster.Partition)
[2026-07-14 06:14:11,911] INFO [Partition __consumer_offsets-39 broker=1] ISR updated to 1,3,2  and version updated to 1 (kafka.cluster.Partition)
[2026-07-14 06:14:11,911] INFO [Partition __consumer_offsets-31 broker=1] ISR updated to 1,3,2  and version updated to 1 (kafka.cluster.Partition)
[2026-07-14 06:14:11,911] INFO [Partition __consumer_offsets-35 broker=1] ISR updated to 1,3,2  and version updated to 1 (kafka.cluster.Partition)
[2026-07-14 06:14:11,918] INFO [GroupCoordinator id=1] Scheduling unloading of metadata for __consumer_offsets-47 with epoch OptionalInt[0] (org.apache.kafka.coordinator.common.runtime.CoordinatorRuntime)
[2026-07-14 06:14:11,918] INFO [GroupCoordinator id=1] Scheduling unloading of metadata for __consumer_offsets-16 with epoch OptionalInt[0] (org.apache.kafka.coordinator.common.runtime.CoordinatorRuntime)
[2026-07-14 06:14:11,918] INFO [GroupCoordinator id=1] Scheduling unloading of metadata for __consumer_offsets-45 with epoch OptionalInt[0] (org.apache.kafka.coordinator.common.runtime.CoordinatorRuntime)
[2026-07-14 06:14:11,918] INFO [GroupCoordinator id=1] Scheduling unloading of metadata for __consumer_offsets-14 with epoch OptionalInt[0] (org.apache.kafka.coordinator.common.runtime.CoordinatorRuntime)
[2026-07-14 06:14:11,918] INFO [GroupCoordinator id=1] Scheduling unloading of metadata for __consumer_offsets-41 with epoch OptionalInt[0] (org.apache.kafka.coordinator.common.runtime.CoordinatorRuntime)
[2026-07-14 06:14:11,918] INFO [GroupCoordinator id=1] Scheduling unloading of metadata for __consumer_offsets-10 with epoch OptionalInt[0] (org.apache.kafka.coordinator.common.runtime.CoordinatorRuntime)
[2026-07-14 06:14:11,919] INFO [GroupCoordinator id=1] Scheduling unloading of metadata for __consumer_offsets-42 with epoch OptionalInt[0] (org.apache.kafka.coordinator.common.runtime.CoordinatorRuntime)
[2026-07-14 06:14:11,919] INFO [GroupCoordinator id=1] Scheduling unloading of metadata for __consumer_offsets-21 with epoch OptionalInt[0] (org.apache.kafka.coordinator.common.runtime.CoordinatorRuntime)
[2026-07-14 06:14:11,919] INFO [GroupCoordinator id=1] Scheduling unloading of metadata for __consumer_offsets-22 with epoch OptionalInt[0] (org.apache.kafka.coordinator.common.runtime.CoordinatorRuntime)
[2026-07-14 06:14:11,919] INFO [GroupCoordinator id=1] Ignored unloading metadata for __consumer_offsets-10 in epoch OptionalInt[0] since metadata was never loaded. (org.apache.kafka.coordinator.common.runtime.CoordinatorRuntime)
[2026-07-14 06:14:11,919] INFO [GroupCoordinator id=1] Ignored unloading metadata for __consumer_offsets-42 in epoch OptionalInt[0] since metadata was never loaded. (org.apache.kafka.coordinator.common.runtime.CoordinatorRuntime)
[2026-07-14 06:14:11,919] INFO [GroupCoordinator id=1] Ignored unloading metadata for __consumer_offsets-14 in epoch OptionalInt[0] since metadata was never loaded. (org.apache.kafka.coordinator.common.runtime.CoordinatorRuntime)
[2026-07-14 06:14:11,919] INFO [GroupCoordinator id=1] Ignored unloading metadata for __consumer_offsets-16 in epoch OptionalInt[0] since metadata was never loaded. (org.apache.kafka.coordinator.common.runtime.CoordinatorRuntime)
[2026-07-14 06:14:11,919] INFO [GroupCoordinator id=1] Ignored unloading metadata for __consumer_offsets-47 in epoch OptionalInt[0] since metadata was never loaded. (org.apache.kafka.coordinator.common.runtime.CoordinatorRuntime)
[2026-07-14 06:14:11,919] INFO [GroupCoordinator id=1] Ignored unloading metadata for __consumer_offsets-41 in epoch OptionalInt[0] since metadata was never loaded. (org.apache.kafka.coordinator.common.runtime.CoordinatorRuntime)
[2026-07-14 06:14:11,919] INFO [GroupCoordinator id=1] Ignored unloading metadata for __consumer_offsets-21 in epoch OptionalInt[0] since metadata was never loaded. (org.apache.kafka.coordinator.common.runtime.CoordinatorRuntime)
[2026-07-14 06:14:11,919] INFO [GroupCoordinator id=1] Ignored unloading metadata for __consumer_offsets-45 in epoch OptionalInt[0] since metadata was never loaded. (org.apache.kafka.coordinator.common.runtime.CoordinatorRuntime)
[2026-07-14 06:14:11,919] INFO [GroupCoordinator id=1] Ignored unloading metadata for __consumer_offsets-22 in epoch OptionalInt[0] since metadata was never loaded. (org.apache.kafka.coordinator.common.runtime.CoordinatorRuntime)
[2026-07-14 06:14:11,919] INFO [GroupCoordinator id=1] Scheduling unloading of metadata for __consumer_offsets-19 with epoch OptionalInt[0] (org.apache.kafka.coordinator.common.runtime.CoordinatorRuntime)
[2026-07-14 06:14:11,919] INFO [GroupCoordinator id=1] Ignored unloading metadata for __consumer_offsets-19 in epoch OptionalInt[0] since metadata was never loaded. (org.apache.kafka.coordinator.common.runtime.CoordinatorRuntime)
[2026-07-14 06:14:11,919] INFO [GroupCoordinator id=1] Scheduling unloading of metadata for __consumer_offsets-49 with epoch OptionalInt[0] (org.apache.kafka.coordinator.common.runtime.CoordinatorRuntime)
[2026-07-14 06:14:11,919] INFO [GroupCoordinator id=1] Ignored unloading metadata for __consumer_offsets-49 in epoch OptionalInt[0] since metadata was never loaded. (org.apache.kafka.coordinator.common.runtime.CoordinatorRuntime)
[2026-07-14 06:14:11,919] INFO [GroupCoordinator id=1] Scheduling unloading of metadata for __consumer_offsets-0 with epoch OptionalInt[0] (org.apache.kafka.coordinator.common.runtime.CoordinatorRuntime)
[2026-07-14 06:14:11,919] INFO [GroupCoordinator id=1] Scheduling unloading of metadata for __consumer_offsets-29 with epoch OptionalInt[0] (org.apache.kafka.coordinator.common.runtime.CoordinatorRuntime)
[2026-07-14 06:14:11,919] INFO [GroupCoordinator id=1] Scheduling unloading of metadata for __consumer_offsets-30 with epoch OptionalInt[0] (org.apache.kafka.coordinator.common.runtime.CoordinatorRuntime)
[2026-07-14 06:14:11,919] INFO [GroupCoordinator id=1] Scheduling unloading of metadata for __consumer_offsets-27 with epoch OptionalInt[0] (org.apache.kafka.coordinator.common.runtime.CoordinatorRuntime)
[2026-07-14 06:14:11,919] INFO [GroupCoordinator id=1] Ignored unloading metadata for __consumer_offsets-0 in epoch OptionalInt[0] since metadata was never loaded. (org.apache.kafka.coordinator.common.runtime.CoordinatorRuntime)
[2026-07-14 06:14:11,919] INFO [GroupCoordinator id=1] Ignored unloading metadata for __consumer_offsets-29 in epoch OptionalInt[0] since metadata was never loaded. (org.apache.kafka.coordinator.common.runtime.CoordinatorRuntime)
[2026-07-14 06:14:11,919] INFO [GroupCoordinator id=1] Ignored unloading metadata for __consumer_offsets-30 in epoch OptionalInt[0] since metadata was never loaded. (org.apache.kafka.coordinator.common.runtime.CoordinatorRuntime)
[2026-07-14 06:14:11,919] INFO [GroupCoordinator id=1] Ignored unloading metadata for __consumer_offsets-27 in epoch OptionalInt[0] since metadata was never loaded. (org.apache.kafka.coordinator.common.runtime.CoordinatorRuntime)
[2026-07-14 06:14:11,919] INFO [GroupCoordinator id=1] Scheduling unloading of metadata for __consumer_offsets-25 with epoch OptionalInt[0] (org.apache.kafka.coordinator.common.runtime.CoordinatorRuntime)
[2026-07-14 06:14:11,919] INFO [GroupCoordinator id=1] Ignored unloading metadata for __consumer_offsets-25 in epoch OptionalInt[0] since metadata was never loaded. (org.apache.kafka.coordinator.common.runtime.CoordinatorRuntime)
[2026-07-14 06:14:11,919] INFO [GroupCoordinator id=1] Scheduling unloading of metadata for __consumer_offsets-8 with epoch OptionalInt[0] (org.apache.kafka.coordinator.common.runtime.CoordinatorRuntime)
[2026-07-14 06:14:11,919] INFO [GroupCoordinator id=1] Ignored unloading metadata for __consumer_offsets-8 in epoch OptionalInt[0] since metadata was never loaded. (org.apache.kafka.coordinator.common.runtime.CoordinatorRuntime)
[2026-07-14 06:14:11,919] INFO [GroupCoordinator id=1] Scheduling unloading of metadata for __consumer_offsets-37 with epoch OptionalInt[0] (org.apache.kafka.coordinator.common.runtime.CoordinatorRuntime)
[2026-07-14 06:14:11,919] INFO [GroupCoordinator id=1] Ignored unloading metadata for __consumer_offsets-37 in epoch OptionalInt[0] since metadata was never loaded. (org.apache.kafka.coordinator.common.runtime.CoordinatorRuntime)
[2026-07-14 06:14:11,920] INFO [GroupCoordinator id=1] Scheduling unloading of metadata for __consumer_offsets-6 with epoch OptionalInt[0] (org.apache.kafka.coordinator.common.runtime.CoordinatorRuntime)
[2026-07-14 06:14:11,920] INFO [GroupCoordinator id=1] Scheduling unloading of metadata for __consumer_offsets-38 with epoch OptionalInt[0] (org.apache.kafka.coordinator.common.runtime.CoordinatorRuntime)
[2026-07-14 06:14:11,920] INFO [GroupCoordinator id=1] Scheduling unloading of metadata for __consumer_offsets-3 with epoch OptionalInt[0] (org.apache.kafka.coordinator.common.runtime.CoordinatorRuntime)
[2026-07-14 06:14:11,920] INFO [GroupCoordinator id=1] Scheduling unloading of metadata for __consumer_offsets-4 with epoch OptionalInt[0] (org.apache.kafka.coordinator.common.runtime.CoordinatorRuntime)
[2026-07-14 06:14:11,920] INFO [GroupCoordinator id=1] Scheduling unloading of metadata for __consumer_offsets-33 with epoch OptionalInt[0] (org.apache.kafka.coordinator.common.runtime.CoordinatorRuntime)
[2026-07-14 06:14:11,920] INFO [GroupCoordinator id=1] Scheduling unloading of metadata for __consumer_offsets-34 with epoch OptionalInt[0] (org.apache.kafka.coordinator.common.runtime.CoordinatorRuntime)
[2026-07-14 06:14:11,920] INFO [GroupCoordinator id=1] Ignored unloading metadata for __consumer_offsets-33 in epoch OptionalInt[0] since metadata was never loaded. (org.apache.kafka.coordinator.common.runtime.CoordinatorRuntime)
[2026-07-14 06:14:11,920] INFO [GroupCoordinator id=1] Ignored unloading metadata for __consumer_offsets-34 in epoch OptionalInt[0] since metadata was never loaded. (org.apache.kafka.coordinator.common.runtime.CoordinatorRuntime)
[2026-07-14 06:14:11,920] INFO [GroupCoordinator id=1] Ignored unloading metadata for __consumer_offsets-38 in epoch OptionalInt[0] since metadata was never loaded. (org.apache.kafka.coordinator.common.runtime.CoordinatorRuntime)
[2026-07-14 06:14:11,920] INFO [GroupCoordinator id=1] Ignored unloading metadata for __consumer_offsets-4 in epoch OptionalInt[0] since metadata was never loaded. (org.apache.kafka.coordinator.common.runtime.CoordinatorRuntime)
[2026-07-14 06:14:11,920] INFO [GroupCoordinator id=1] Ignored unloading metadata for __consumer_offsets-3 in epoch OptionalInt[0] since metadata was never loaded. (org.apache.kafka.coordinator.common.runtime.CoordinatorRuntime)
[2026-07-14 06:14:11,920] INFO [GroupCoordinator id=1] Ignored unloading metadata for __consumer_offsets-6 in epoch OptionalInt[0] since metadata was never loaded. (org.apache.kafka.coordinator.common.runtime.CoordinatorRuntime)
