===> User
uid=1000(appuser) gid=1000(appuser) groups=1000(appuser)
===> Setting default values of environment variables if not already set.
===> Configuring ...
Running in KRaft mode...
===> Launching ...
===> Using provided cluster id 4L6g3nShT-eMCtK--X86sw ...
[0.001s][warning][cds] The shared archive file has a bad magic number: 0
[2026-07-14 05:46:55,418] INFO Registered kafka:type=kafka.Log4jController MBean (kafka.utils.Log4jControllerRegistration$)
[2026-07-14 05:46:55,663] INFO Registered signal handlers for TERM, INT, HUP (org.apache.kafka.common.utils.LoggingSignalHandler)
[2026-07-14 05:46:55,665] INFO [ControllerServer id=2] Starting controller (kafka.server.ControllerServer)
[2026-07-14 05:46:55,901] INFO Updated connection-accept-rate max connection creation rate to 2147483647 (kafka.network.ConnectionQuotas)
[2026-07-14 05:46:55,924] INFO [SocketServer listenerType=CONTROLLER, nodeId=2] Created data-plane acceptor and processors for endpoint : ListenerName(CONTROLLER) (kafka.network.SocketServer)
[2026-07-14 05:46:55,930] INFO CONTROLLER: resolved wildcard host to 0791047e1055 (org.apache.kafka.metadata.ListenerInfo)
[2026-07-14 05:46:55,938] INFO authorizerStart completed for endpoint CONTROLLER. Endpoint is now READY. (org.apache.kafka.server.network.EndpointReadyFutures)
[2026-07-14 05:46:55,940] INFO [SharedServer id=2] Starting SharedServer (kafka.server.SharedServer)
[2026-07-14 05:46:55,990] INFO [LogLoader partition=__cluster_metadata-0, dir=/tmp/kafka-logs] Loading producer state till offset 0 (org.apache.kafka.storage.internals.log.UnifiedLog)
[2026-07-14 05:46:55,990] INFO [LogLoader partition=__cluster_metadata-0, dir=/tmp/kafka-logs] Reloading from producer snapshot and rebuilding producer state from offset 0 (org.apache.kafka.storage.internals.log.UnifiedLog)
[2026-07-14 05:46:55,991] INFO [LogLoader partition=__cluster_metadata-0, dir=/tmp/kafka-logs] Producer state recovery took 0ms for snapshot load and 0ms for segment recovery from offset 0 (org.apache.kafka.storage.internals.log.UnifiedLog)
[2026-07-14 05:46:56,008] INFO Initialized snapshots with IDs SortedSet() from /tmp/kafka-logs/__cluster_metadata-0 (kafka.raft.KafkaMetadataLog$)
[2026-07-14 05:46:56,015] INFO [raft-expiration-reaper]: Starting (kafka.raft.TimingWheelExpirationService$ExpiredOperationReaper)
[2026-07-14 05:46:56,023] INFO [RaftManager id=2] Reading KRaft snapshot and log as part of the initialization (org.apache.kafka.raft.KafkaRaftClient)
[2026-07-14 05:46:56,025] INFO [RaftManager id=2] Starting voters are VoterSet(voters={1=VoterNode(voterKey=ReplicaKey(id=1, directoryId=<undefined>), listeners=Endpoints(endpoints={ListenerName(CONTROLLER)=base002-kafka-21908-1/172.20.0.2:19093}), supportedKRaftVersion=SupportedVersionRange[min_version:0, max_version:0]), 2=VoterNode(voterKey=ReplicaKey(id=2, directoryId=<undefined>), listeners=Endpoints(endpoints={ListenerName(CONTROLLER)=base002-kafka-21908-2/172.20.0.3:19093}), supportedKRaftVersion=SupportedVersionRange[min_version:0, max_version:0]), 3=VoterNode(voterKey=ReplicaKey(id=3, directoryId=<undefined>), listeners=Endpoints(endpoints={ListenerName(CONTROLLER)=base002-kafka-21908-3/172.20.0.4:19093}), supportedKRaftVersion=SupportedVersionRange[min_version:0, max_version:0])}) (org.apache.kafka.raft.KafkaRaftClient)
[2026-07-14 05:46:56,026] INFO [RaftManager id=2] Starting request manager with static voters: [base002-kafka-21908-1:19093 (id: 1 rack: null isFenced: false), base002-kafka-21908-2:19093 (id: 2 rack: null isFenced: false), base002-kafka-21908-3:19093 (id: 3 rack: null isFenced: false)] (org.apache.kafka.raft.KafkaRaftClient)
[2026-07-14 05:46:56,030] INFO [RaftManager id=2] Attempting durable transition to UnattachedState(epoch=0, leaderId=OptionalInt.empty, votedKey=Optional.empty, voters=[1, 2, 3], electionTimeoutMs=1885, highWatermark=Optional.empty) from null (org.apache.kafka.raft.QuorumState)
[2026-07-14 05:46:56,040] INFO [RaftManager id=2] Completed transition to UnattachedState(epoch=0, leaderId=OptionalInt.empty, votedKey=Optional.empty, voters=[1, 2, 3], electionTimeoutMs=1885, highWatermark=Optional.empty) from null (org.apache.kafka.raft.QuorumState)
[2026-07-14 05:46:56,042] INFO [kafka-2-raft-outbound-request-thread]: Starting (org.apache.kafka.raft.KafkaNetworkChannel$SendThread)
[2026-07-14 05:46:56,043] INFO [kafka-2-raft-io-thread]: Starting (org.apache.kafka.raft.KafkaRaftClientDriver)
[2026-07-14 05:46:56,063] INFO [RaftManager id=2] Node 1 disconnected. (org.apache.kafka.clients.NetworkClient)
[2026-07-14 05:46:56,064] WARN [RaftManager id=2] Connection to node 1 (base002-kafka-21908-1/172.20.0.2:19093) could not be established. Node may not be available. (org.apache.kafka.clients.NetworkClient)
[2026-07-14 05:46:56,064] INFO [MetadataLoader id=2] initializeNewPublishers: the loader is still catching up because we still don't know the high water mark yet. (org.apache.kafka.image.loader.MetadataLoader)
[2026-07-14 05:46:56,065] INFO [RaftManager id=2] Registered the listener org.apache.kafka.image.loader.MetadataLoader@971679558 (org.apache.kafka.raft.KafkaRaftClient)
[2026-07-14 05:46:56,067] INFO [ControllerServer id=2] Waiting for controller quorum voters future (kafka.server.ControllerServer)
[2026-07-14 05:46:56,068] INFO [ControllerServer id=2] Finished waiting for controller quorum voters future (kafka.server.ControllerServer)
[2026-07-14 05:46:56,072] INFO [RaftManager id=2] Node 2 disconnected. (org.apache.kafka.clients.NetworkClient)
[2026-07-14 05:46:56,072] WARN [RaftManager id=2] Connection to node 2 (base002-kafka-21908-2/172.20.0.3:19093) could not be established. Node may not be available. (org.apache.kafka.clients.NetworkClient)
[2026-07-14 05:46:56,073] INFO [RaftManager id=2] Node 3 disconnected. (org.apache.kafka.clients.NetworkClient)
[2026-07-14 05:46:56,073] WARN [RaftManager id=2] Connection to node 3 (base002-kafka-21908-3/172.20.0.4:19093) could not be established. Node may not be available. (org.apache.kafka.clients.NetworkClient)
[2026-07-14 05:46:56,090] INFO [RaftManager id=2] Registered the listener org.apache.kafka.controller.QuorumController$QuorumMetaLogListener@1411811025 (org.apache.kafka.raft.KafkaRaftClient)
[2026-07-14 05:46:56,092] INFO [controller-2-ThrottledChannelReaper-Fetch]: Starting (kafka.server.ClientQuotaManager$ThrottledChannelReaper)
[2026-07-14 05:46:56,093] INFO [controller-2-ThrottledChannelReaper-Produce]: Starting (kafka.server.ClientQuotaManager$ThrottledChannelReaper)
[2026-07-14 05:46:56,094] INFO [controller-2-ThrottledChannelReaper-Request]: Starting (kafka.server.ClientQuotaManager$ThrottledChannelReaper)
[2026-07-14 05:46:56,095] INFO [controller-2-ThrottledChannelReaper-ControllerMutation]: Starting (kafka.server.ClientQuotaManager$ThrottledChannelReaper)
[2026-07-14 05:46:56,103] INFO [ExpirationReaper-0-null]: Starting (org.apache.kafka.server.purgatory.DelayedOperationPurgatory$ExpiredOperationReaper)
[2026-07-14 05:46:56,115] INFO [ControllerServer id=2] Waiting for the controller metadata publishers to be installed (kafka.server.ControllerServer)
[2026-07-14 05:46:56,122] INFO [MetadataLoader id=2] initializeNewPublishers: the loader is still catching up because we still don't know the high water mark yet. (org.apache.kafka.image.loader.MetadataLoader)
[2026-07-14 05:46:56,122] INFO [ControllerServer id=2] Finished waiting for the controller metadata publishers to be installed (kafka.server.ControllerServer)
[2026-07-14 05:46:56,123] INFO [SocketServer listenerType=CONTROLLER, nodeId=2] Enabling request processing. (kafka.network.SocketServer)
[2026-07-14 05:46:56,127] INFO Awaiting socket connections on 0.0.0.0:19093. (kafka.network.DataPlaneAcceptor)
[2026-07-14 05:46:56,130] INFO [RaftManager id=2] Node 1 disconnected. (org.apache.kafka.clients.NetworkClient)
[2026-07-14 05:46:56,131] WARN [RaftManager id=2] Connection to node 1 (base002-kafka-21908-1/172.20.0.2:19093) could not be established. Node may not be available. (org.apache.kafka.clients.NetworkClient)
[2026-07-14 05:46:56,153] INFO [controller-2-to-controller-registration-channel-manager]: Starting (kafka.server.NodeToControllerRequestThread)
[2026-07-14 05:46:56,154] INFO [ControllerRegistrationManager id=2 incarnation=zNW3NzLERAKNCUM8Nvz-SQ] initialized channel manager. (kafka.server.ControllerRegistrationManager)
[2026-07-14 05:46:56,154] INFO [ControllerRegistrationManager id=2 incarnation=zNW3NzLERAKNCUM8Nvz-SQ] maybeSendControllerRegistration: cannot register yet because the metadata.version is not known yet. (kafka.server.ControllerRegistrationManager)
[2026-07-14 05:46:56,157] INFO [ControllerServer id=2] Waiting for all of the authorizer futures to be completed (kafka.server.ControllerServer)
[2026-07-14 05:46:56,158] INFO [ControllerServer id=2] Finished waiting for all of the authorizer futures to be completed (kafka.server.ControllerServer)
[2026-07-14 05:46:56,158] INFO [ControllerServer id=2] Waiting for all of the SocketServer Acceptors to be started (kafka.server.ControllerServer)
[2026-07-14 05:46:56,158] INFO [ControllerServer id=2] Finished waiting for all of the SocketServer Acceptors to be started (kafka.server.ControllerServer)
[2026-07-14 05:46:56,161] INFO [BrokerServer id=2] Transition from SHUTDOWN to STARTING (kafka.server.BrokerServer)
[2026-07-14 05:46:56,162] INFO [BrokerServer id=2] Starting broker (kafka.server.BrokerServer)
[2026-07-14 05:46:56,168] INFO [broker-2-ThrottledChannelReaper-Fetch]: Starting (kafka.server.ClientQuotaManager$ThrottledChannelReaper)
[2026-07-14 05:46:56,172] INFO [broker-2-ThrottledChannelReaper-Produce]: Starting (kafka.server.ClientQuotaManager$ThrottledChannelReaper)
[2026-07-14 05:46:56,173] INFO [broker-2-ThrottledChannelReaper-Request]: Starting (kafka.server.ClientQuotaManager$ThrottledChannelReaper)
[2026-07-14 05:46:56,183] INFO [broker-2-ThrottledChannelReaper-ControllerMutation]: Starting (kafka.server.ClientQuotaManager$ThrottledChannelReaper)
[2026-07-14 05:46:56,203] INFO [BrokerServer id=2] Waiting for controller quorum voters future (kafka.server.BrokerServer)
[2026-07-14 05:46:56,205] INFO [BrokerServer id=2] Finished waiting for controller quorum voters future (kafka.server.BrokerServer)
[2026-07-14 05:46:56,206] INFO [broker-2-to-controller-forwarding-channel-manager]: Starting (kafka.server.NodeToControllerRequestThread)
[2026-07-14 05:46:56,212] INFO [RaftManager id=2] Node 3 disconnected. (org.apache.kafka.clients.NetworkClient)
[2026-07-14 05:46:56,213] WARN [RaftManager id=2] Connection to node 3 (base002-kafka-21908-3/172.20.0.4:19093) could not be established. Node may not be available. (org.apache.kafka.clients.NetworkClient)
[2026-07-14 05:46:56,215] INFO [RaftManager id=2] Node 1 disconnected. (org.apache.kafka.clients.NetworkClient)
[2026-07-14 05:46:56,218] WARN [RaftManager id=2] Connection to node 1 (base002-kafka-21908-1/172.20.0.2:19093) could not be established. Node may not be available. (org.apache.kafka.clients.NetworkClient)
[2026-07-14 05:46:56,218] INFO [client-metrics-reaper]: Starting (org.apache.kafka.server.util.timer.SystemTimerReaper$Reaper)
[2026-07-14 05:46:56,223] INFO [MetadataLoader id=2] initializeNewPublishers: the loader is still catching up because we still don't know the high water mark yet. (org.apache.kafka.image.loader.MetadataLoader)
[2026-07-14 05:46:56,236] INFO Updated connection-accept-rate max connection creation rate to 2147483647 (kafka.network.ConnectionQuotas)
[2026-07-14 05:46:56,238] INFO [SocketServer listenerType=BROKER, nodeId=2] Created data-plane acceptor and processors for endpoint : ListenerName(PLAINTEXT) (kafka.network.SocketServer)
[2026-07-14 05:46:56,240] INFO [broker-2-to-controller-alter-partition-channel-manager]: Starting (kafka.server.NodeToControllerRequestThread)
[2026-07-14 05:46:56,245] INFO [broker-2-to-controller-directory-assignments-channel-manager]: Starting (kafka.server.NodeToControllerRequestThread)
[2026-07-14 05:46:56,255] INFO [ExpirationReaper-0-null]: Starting (org.apache.kafka.server.purgatory.DelayedOperationPurgatory$ExpiredOperationReaper)
[2026-07-14 05:46:56,255] INFO [ExpirationReaper-0-null]: Starting (org.apache.kafka.server.purgatory.DelayedOperationPurgatory$ExpiredOperationReaper)
[2026-07-14 05:46:56,255] INFO [ExpirationReaper-0-null]: Starting (org.apache.kafka.server.purgatory.DelayedOperationPurgatory$ExpiredOperationReaper)
[2026-07-14 05:46:56,256] INFO [ExpirationReaper-0-null]: Starting (org.apache.kafka.server.purgatory.DelayedOperationPurgatory$ExpiredOperationReaper)
[2026-07-14 05:46:56,257] INFO [ExpirationReaper-0-null]: Starting (org.apache.kafka.server.purgatory.DelayedOperationPurgatory$ExpiredOperationReaper)
[2026-07-14 05:46:56,257] INFO [ExpirationReaper-0-null]: Starting (org.apache.kafka.server.purgatory.DelayedOperationPurgatory$ExpiredOperationReaper)
[2026-07-14 05:46:56,266] INFO [BrokerServer id=2] Using no op persister (kafka.server.BrokerServer)
[2026-07-14 05:46:56,267] INFO [group-coordinator-reaper]: Starting (org.apache.kafka.server.util.timer.SystemTimerReaper$Reaper)
[2026-07-14 05:46:56,279] INFO [group-coordinator-event-processor-0]: Starting (org.apache.kafka.coordinator.common.runtime.MultiThreadedEventProcessor$EventProcessorThread)
[2026-07-14 05:46:56,280] INFO [group-coordinator-event-processor-1]: Starting (org.apache.kafka.coordinator.common.runtime.MultiThreadedEventProcessor$EventProcessorThread)
[2026-07-14 05:46:56,281] INFO [group-coordinator-event-processor-2]: Starting (org.apache.kafka.coordinator.common.runtime.MultiThreadedEventProcessor$EventProcessorThread)
[2026-07-14 05:46:56,281] INFO [group-coordinator-event-processor-3]: Starting (org.apache.kafka.coordinator.common.runtime.MultiThreadedEventProcessor$EventProcessorThread)
[2026-07-14 05:46:56,296] INFO Unable to read the broker epoch in /tmp/kafka-logs. (kafka.log.LogManager)
[2026-07-14 05:46:56,299] INFO [broker-2-to-controller-heartbeat-channel-manager]: Starting (kafka.server.NodeToControllerRequestThread)
[2026-07-14 05:46:56,300] INFO [BrokerLifecycleManager id=2] Incarnation T5YX-ktWTIy3T5VQjfk_JQ of broker 2 in cluster 4L6g3nShT-eMCtK--X86sw is now STARTING. (kafka.server.BrokerLifecycleManager)
[2026-07-14 05:46:56,309] INFO [share-group-lock-timeout-reaper]: Starting (org.apache.kafka.server.util.timer.SystemTimerReaper$Reaper)
[2026-07-14 05:46:56,316] INFO [ExpirationReaper-0-null]: Starting (org.apache.kafka.server.purgatory.DelayedOperationPurgatory$ExpiredOperationReaper)
[2026-07-14 05:46:56,324] INFO [MetadataLoader id=2] initializeNewPublishers: the loader is still catching up because we still don't know the high water mark yet. (org.apache.kafka.image.loader.MetadataLoader)
[2026-07-14 05:46:56,334] INFO [BrokerServer id=2] Waiting for the broker metadata publishers to be installed (kafka.server.BrokerServer)
[2026-07-14 05:46:56,334] INFO [MetadataLoader id=2] initializeNewPublishers: the loader is still catching up because we still don't know the high water mark yet. (org.apache.kafka.image.loader.MetadataLoader)
[2026-07-14 05:46:56,334] INFO [BrokerServer id=2] Finished waiting for the broker metadata publishers to be installed (kafka.server.BrokerServer)
[2026-07-14 05:46:56,334] INFO [BrokerServer id=2] Waiting for the controller to acknowledge that we are caught up (kafka.server.BrokerServer)
[2026-07-14 05:46:56,380] INFO [RaftManager id=2] Node 3 disconnected. (org.apache.kafka.clients.NetworkClient)
[2026-07-14 05:46:56,380] WARN [RaftManager id=2] Connection to node 3 (base002-kafka-21908-3/172.20.0.4:19093) could not be established. Node may not be available. (org.apache.kafka.clients.NetworkClient)
[2026-07-14 05:46:56,397] INFO [RaftManager id=2] Node 1 disconnected. (org.apache.kafka.clients.NetworkClient)
[2026-07-14 05:46:56,397] WARN [RaftManager id=2] Connection to node 1 (base002-kafka-21908-1/172.20.0.2:19093) could not be established. Node may not be available. (org.apache.kafka.clients.NetworkClient)
[2026-07-14 05:46:56,435] INFO [MetadataLoader id=2] initializeNewPublishers: the loader is still catching up because we still don't know the high water mark yet. (org.apache.kafka.image.loader.MetadataLoader)
[2026-07-14 05:46:56,535] INFO [MetadataLoader id=2] initializeNewPublishers: the loader is still catching up because we still don't know the high water mark yet. (org.apache.kafka.image.loader.MetadataLoader)
[2026-07-14 05:46:56,637] INFO [MetadataLoader id=2] initializeNewPublishers: the loader is still catching up because we still don't know the high water mark yet. (org.apache.kafka.image.loader.MetadataLoader)
[2026-07-14 05:46:56,738] INFO [MetadataLoader id=2] initializeNewPublishers: the loader is still catching up because we still don't know the high water mark yet. (org.apache.kafka.image.loader.MetadataLoader)
[2026-07-14 05:46:56,838] INFO [MetadataLoader id=2] initializeNewPublishers: the loader is still catching up because we still don't know the high water mark yet. (org.apache.kafka.image.loader.MetadataLoader)
[2026-07-14 05:46:56,939] INFO [MetadataLoader id=2] initializeNewPublishers: the loader is still catching up because we still don't know the high water mark yet. (org.apache.kafka.image.loader.MetadataLoader)
[2026-07-14 05:46:57,040] INFO [MetadataLoader id=2] initializeNewPublishers: the loader is still catching up because we still don't know the high water mark yet. (org.apache.kafka.image.loader.MetadataLoader)
[2026-07-14 05:46:57,140] INFO [MetadataLoader id=2] initializeNewPublishers: the loader is still catching up because we still don't know the high water mark yet. (org.apache.kafka.image.loader.MetadataLoader)
[2026-07-14 05:46:57,240] INFO [MetadataLoader id=2] initializeNewPublishers: the loader is still catching up because we still don't know the high water mark yet. (org.apache.kafka.image.loader.MetadataLoader)
[2026-07-14 05:46:57,341] INFO [MetadataLoader id=2] initializeNewPublishers: the loader is still catching up because we still don't know the high water mark yet. (org.apache.kafka.image.loader.MetadataLoader)
[2026-07-14 05:46:57,442] INFO [MetadataLoader id=2] initializeNewPublishers: the loader is still catching up because we still don't know the high water mark yet. (org.apache.kafka.image.loader.MetadataLoader)
[2026-07-14 05:46:57,542] INFO [MetadataLoader id=2] initializeNewPublishers: the loader is still catching up because we still don't know the high water mark yet. (org.apache.kafka.image.loader.MetadataLoader)
[2026-07-14 05:46:57,643] INFO [MetadataLoader id=2] initializeNewPublishers: the loader is still catching up because we still don't know the high water mark yet. (org.apache.kafka.image.loader.MetadataLoader)
[2026-07-14 05:46:57,744] INFO [MetadataLoader id=2] initializeNewPublishers: the loader is still catching up because we still don't know the high water mark yet. (org.apache.kafka.image.loader.MetadataLoader)
[2026-07-14 05:46:57,844] INFO [MetadataLoader id=2] initializeNewPublishers: the loader is still catching up because we still don't know the high water mark yet. (org.apache.kafka.image.loader.MetadataLoader)
[2026-07-14 05:46:57,916] INFO [RaftManager id=2] Completed transition to ProspectiveState(epoch=0, leaderId=OptionalInt.empty, retries=1, votedKey=Optional.empty, epochElection=EpochElection(voterStates={1=VoterState(replicaKey=ReplicaKey(id=1, directoryId=<undefined>), state=UNRECORDED), 2=VoterState(replicaKey=ReplicaKey(id=2, directoryId=<undefined>), state=GRANTED), 3=VoterState(replicaKey=ReplicaKey(id=3, directoryId=<undefined>), state=UNRECORDED)}), electionTimeoutMs=1930, highWatermark=Optional.empty) from UnattachedState(epoch=0, leaderId=OptionalInt.empty, votedKey=Optional.empty, voters=[1, 2, 3], electionTimeoutMs=1885, highWatermark=Optional.empty) (org.apache.kafka.raft.QuorumState)
[2026-07-14 05:46:57,931] INFO [RaftManager id=2] Attempting durable transition to CandidateState(localId=2, localDirectoryId=RLX75hEov5Bs1fllGma7gA, epoch=1, retries=1, epochElection=EpochElection(voterStates={1=VoterState(replicaKey=ReplicaKey(id=1, directoryId=<undefined>), state=UNRECORDED), 2=VoterState(replicaKey=ReplicaKey(id=2, directoryId=<undefined>), state=GRANTED), 3=VoterState(replicaKey=ReplicaKey(id=3, directoryId=<undefined>), state=UNRECORDED)}), highWatermark=Optional.empty, electionTimeoutMs=1100) from ProspectiveState(epoch=0, leaderId=OptionalInt.empty, retries=1, votedKey=Optional.empty, epochElection=EpochElection(voterStates={1=VoterState(replicaKey=ReplicaKey(id=1, directoryId=<undefined>), state=GRANTED), 2=VoterState(replicaKey=ReplicaKey(id=2, directoryId=<undefined>), state=GRANTED), 3=VoterState(replicaKey=ReplicaKey(id=3, directoryId=<undefined>), state=UNRECORDED)}), electionTimeoutMs=1930, highWatermark=Optional.empty) (org.apache.kafka.raft.QuorumState)
[2026-07-14 05:46:57,934] INFO [RaftManager id=2] Completed transition to CandidateState(localId=2, localDirectoryId=RLX75hEov5Bs1fllGma7gA, epoch=1, retries=1, epochElection=EpochElection(voterStates={1=VoterState(replicaKey=ReplicaKey(id=1, directoryId=<undefined>), state=UNRECORDED), 2=VoterState(replicaKey=ReplicaKey(id=2, directoryId=<undefined>), state=GRANTED), 3=VoterState(replicaKey=ReplicaKey(id=3, directoryId=<undefined>), state=UNRECORDED)}), highWatermark=Optional.empty, electionTimeoutMs=1100) from ProspectiveState(epoch=0, leaderId=OptionalInt.empty, retries=1, votedKey=Optional.empty, epochElection=EpochElection(voterStates={1=VoterState(replicaKey=ReplicaKey(id=1, directoryId=<undefined>), state=GRANTED), 2=VoterState(replicaKey=ReplicaKey(id=2, directoryId=<undefined>), state=GRANTED), 3=VoterState(replicaKey=ReplicaKey(id=3, directoryId=<undefined>), state=UNRECORDED)}), electionTimeoutMs=1930, highWatermark=Optional.empty) (org.apache.kafka.raft.QuorumState)
[2026-07-14 05:46:57,943] INFO [RaftManager id=2] Attempting durable transition to Leader(localReplicaKey=ReplicaKey(id=2, directoryId=RLX75hEov5Bs1fllGma7gA), epoch=1, epochStartOffset=0, highWatermark=Optional.empty, voterStates={1=ReplicaState(replicaKey=ReplicaKey(id=1, directoryId=<undefined>), endOffset=Optional.empty, lastFetchTimestamp=-1, lastCaughtUpTimestamp=-1, hasAcknowledgedLeader=false), 2=ReplicaState(replicaKey=ReplicaKey(id=2, directoryId=<undefined>), endOffset=Optional.empty, lastFetchTimestamp=-1, lastCaughtUpTimestamp=-1, hasAcknowledgedLeader=true), 3=ReplicaState(replicaKey=ReplicaKey(id=3, directoryId=<undefined>), endOffset=Optional.empty, lastFetchTimestamp=-1, lastCaughtUpTimestamp=-1, hasAcknowledgedLeader=false)}) from CandidateState(localId=2, localDirectoryId=RLX75hEov5Bs1fllGma7gA, epoch=1, retries=1, epochElection=EpochElection(voterStates={1=VoterState(replicaKey=ReplicaKey(id=1, directoryId=<undefined>), state=GRANTED), 2=VoterState(replicaKey=ReplicaKey(id=2, directoryId=<undefined>), state=GRANTED), 3=VoterState(replicaKey=ReplicaKey(id=3, directoryId=<undefined>), state=UNRECORDED)}), highWatermark=Optional.empty, electionTimeoutMs=1100) (org.apache.kafka.raft.QuorumState)
[2026-07-14 05:46:57,944] INFO [MetadataLoader id=2] initializeNewPublishers: the loader is still catching up because we still don't know the high water mark yet. (org.apache.kafka.image.loader.MetadataLoader)
[2026-07-14 05:46:57,949] INFO [RaftManager id=2] Completed transition to Leader(localReplicaKey=ReplicaKey(id=2, directoryId=RLX75hEov5Bs1fllGma7gA), epoch=1, epochStartOffset=0, highWatermark=Optional.empty, voterStates={1=ReplicaState(replicaKey=ReplicaKey(id=1, directoryId=<undefined>), endOffset=Optional.empty, lastFetchTimestamp=-1, lastCaughtUpTimestamp=-1, hasAcknowledgedLeader=false), 2=ReplicaState(replicaKey=ReplicaKey(id=2, directoryId=<undefined>), endOffset=Optional.empty, lastFetchTimestamp=-1, lastCaughtUpTimestamp=-1, hasAcknowledgedLeader=true), 3=ReplicaState(replicaKey=ReplicaKey(id=3, directoryId=<undefined>), endOffset=Optional.empty, lastFetchTimestamp=-1, lastCaughtUpTimestamp=-1, hasAcknowledgedLeader=false)}) from CandidateState(localId=2, localDirectoryId=RLX75hEov5Bs1fllGma7gA, epoch=1, retries=1, epochElection=EpochElection(voterStates={1=VoterState(replicaKey=ReplicaKey(id=1, directoryId=<undefined>), state=GRANTED), 2=VoterState(replicaKey=ReplicaKey(id=2, directoryId=<undefined>), state=GRANTED), 3=VoterState(replicaKey=ReplicaKey(id=3, directoryId=<undefined>), state=UNRECORDED)}), highWatermark=Optional.empty, electionTimeoutMs=1100) (org.apache.kafka.raft.QuorumState)
[2026-07-14 05:46:57,952] INFO [broker-2-to-controller-directory-assignments-channel-manager]: Recorded new KRaft controller, from now on will use node base002-kafka-21908-2:19093 (id: 2 rack: null isFenced: false) (kafka.server.NodeToControllerRequestThread)
[2026-07-14 05:46:57,962] INFO [controller-2-to-controller-registration-channel-manager]: Recorded new KRaft controller, from now on will use node base002-kafka-21908-2:19093 (id: 2 rack: null isFenced: false) (kafka.server.NodeToControllerRequestThread)
[2026-07-14 05:46:58,008] INFO [broker-2-to-controller-heartbeat-channel-manager]: Recorded new KRaft controller, from now on will use node base002-kafka-21908-2:19093 (id: 2 rack: null isFenced: false) (kafka.server.NodeToControllerRequestThread)
[2026-07-14 05:46:58,013] INFO [broker-2-to-controller-forwarding-channel-manager]: Recorded new KRaft controller, from now on will use node base002-kafka-21908-2:19093 (id: 2 rack: null isFenced: false) (kafka.server.NodeToControllerRequestThread)
[2026-07-14 05:46:58,018] INFO [RaftManager id=2] High watermark set to LogOffsetMetadata(offset=1, metadata=Optional[(segmentBaseOffset=0,relativePositionInSegment=106)]) for the first time for epoch 1 based on indexOfHw 1 and voters [ReplicaState(replicaKey=ReplicaKey(id=1, directoryId=<undefined>), endOffset=Optional[LogOffsetMetadata(offset=1, metadata=Optional[(segmentBaseOffset=0,relativePositionInSegment=106)])], lastFetchTimestamp=1784008018011, lastCaughtUpTimestamp=1784008018011, hasAcknowledgedLeader=true), ReplicaState(replicaKey=ReplicaKey(id=2, directoryId=<undefined>), endOffset=Optional[LogOffsetMetadata(offset=1, metadata=Optional[(segmentBaseOffset=0,relativePositionInSegment=106)])], lastFetchTimestamp=-1, lastCaughtUpTimestamp=-1, hasAcknowledgedLeader=true), ReplicaState(replicaKey=ReplicaKey(id=3, directoryId=<undefined>), endOffset=Optional[LogOffsetMetadata(offset=0, metadata=Optional[(segmentBaseOffset=0,relativePositionInSegment=0)])], lastFetchTimestamp=1784008017986, lastCaughtUpTimestamp=-1, hasAcknowledgedLeader=true)] (org.apache.kafka.raft.LeaderState)
[2026-07-14 05:46:58,021] INFO [RaftManager id=2] Setting the next offset of org.apache.kafka.image.loader.MetadataLoader@971679558 to 0 since there are no snapshots (org.apache.kafka.raft.KafkaRaftClient)
[2026-07-14 05:46:58,022] INFO [RaftManager id=2] Setting the next offset of org.apache.kafka.controller.QuorumController$QuorumMetaLogListener@1411811025 to 0 since there are no snapshots (org.apache.kafka.raft.KafkaRaftClient)
[2026-07-14 05:46:58,023] INFO [MetadataLoader id=2] maybePublishMetadata(LOG_DELTA): The loader is still catching up because we have not loaded a controller record as of offset 0 and high water mark is 1 (org.apache.kafka.image.loader.MetadataLoader)
[2026-07-14 05:46:58,024] INFO [NodeToControllerChannelManager id=2 name=heartbeat] Client requested disconnect from node 2 (org.apache.kafka.clients.NetworkClient)
[2026-07-14 05:46:58,029] INFO [broker-2-to-controller-heartbeat-channel-manager]: Recorded new KRaft controller, from now on will use node base002-kafka-21908-2:19093 (id: 2 rack: null isFenced: false) (kafka.server.NodeToControllerRequestThread)
[2026-07-14 05:46:58,045] INFO [MetadataLoader id=2] initializeNewPublishers: The loader is still catching up because we have not loaded a controller record as of offset 0 and high water mark is 1 (org.apache.kafka.image.loader.MetadataLoader)
[2026-07-14 05:46:58,047] INFO [broker-2-to-controller-alter-partition-channel-manager]: Recorded new KRaft controller, from now on will use node base002-kafka-21908-2:19093 (id: 2 rack: null isFenced: false) (kafka.server.NodeToControllerRequestThread)
[2026-07-14 05:46:58,075] INFO [MetadataLoader id=2] maybePublishMetadata(LOG_DELTA): The loader finished catching up to the current high water mark of 8 (org.apache.kafka.image.loader.MetadataLoader)
[2026-07-14 05:46:58,075] INFO [broker-2-to-controller-heartbeat-channel-manager]: Recorded new KRaft controller, from now on will use node base002-kafka-21908-2:19093 (id: 2 rack: null isFenced: false) (kafka.server.NodeToControllerRequestThread)
[2026-07-14 05:46:58,080] INFO [MetadataLoader id=2] InitializeNewPublishers: initializing SnapshotGenerator with a snapshot at offset 7 (org.apache.kafka.image.loader.MetadataLoader)
[2026-07-14 05:46:58,081] INFO [MetadataLoader id=2] InitializeNewPublishers: initializing KRaftMetadataCachePublisher with a snapshot at offset 7 (org.apache.kafka.image.loader.MetadataLoader)
[2026-07-14 05:46:58,082] INFO [MetadataLoader id=2] InitializeNewPublishers: initializing FeaturesPublisher with a snapshot at offset 7 (org.apache.kafka.image.loader.MetadataLoader)
[2026-07-14 05:46:58,086] INFO [ControllerServer id=2] Loaded new metadata Features(metadataVersion=4.0-IV3, finalizedFeatures={group.version=1, transaction.version=2, metadata.version=25}, finalizedFeaturesEpoch=7). (org.apache.kafka.metadata.publisher.FeaturesPublisher)
[2026-07-14 05:46:58,087] INFO [MetadataLoader id=2] InitializeNewPublishers: initializing ControllerRegistrationsPublisher with a snapshot at offset 7 (org.apache.kafka.image.loader.MetadataLoader)
[2026-07-14 05:46:58,087] INFO [MetadataLoader id=2] InitializeNewPublishers: initializing ControllerRegistrationManager with a snapshot at offset 7 (org.apache.kafka.image.loader.MetadataLoader)
[2026-07-14 05:46:58,089] INFO [MetadataLoader id=2] InitializeNewPublishers: initializing DynamicConfigPublisher controller id=2 with a snapshot at offset 7 (org.apache.kafka.image.loader.MetadataLoader)
[2026-07-14 05:46:58,089] INFO [MetadataLoader id=2] InitializeNewPublishers: initializing DynamicClientQuotaPublisher controller id=2 with a snapshot at offset 7 (org.apache.kafka.image.loader.MetadataLoader)
[2026-07-14 05:46:58,090] INFO [MetadataLoader id=2] InitializeNewPublishers: initializing DynamicTopicClusterQuotaPublisher controller id=2 with a snapshot at offset 7 (org.apache.kafka.image.loader.MetadataLoader)
[2026-07-14 05:46:58,091] INFO [MetadataLoader id=2] InitializeNewPublishers: initializing ScramPublisher controller id=2 with a snapshot at offset 7 (org.apache.kafka.image.loader.MetadataLoader)
[2026-07-14 05:46:58,091] INFO [MetadataLoader id=2] InitializeNewPublishers: initializing DelegationTokenPublisher controller id=2 with a snapshot at offset 7 (org.apache.kafka.image.loader.MetadataLoader)
[2026-07-14 05:46:58,090] INFO [ControllerRegistrationManager id=2 incarnation=zNW3NzLERAKNCUM8Nvz-SQ] sendControllerRegistration: attempting to send ControllerRegistrationRequestData(controllerId=2, incarnationId=zNW3NzLERAKNCUM8Nvz-SQ, zkMigrationReady=false, listeners=[Listener(name='CONTROLLER', host='0791047e1055', port=19093, securityProtocol=0)], features=[Feature(name='group.version', minSupportedVersion=0, maxSupportedVersion=1), Feature(name='transaction.version', minSupportedVersion=0, maxSupportedVersion=2), Feature(name='eligible.leader.replicas.version', minSupportedVersion=0, maxSupportedVersion=1), Feature(name='kraft.version', minSupportedVersion=0, maxSupportedVersion=1), Feature(name='metadata.version', minSupportedVersion=7, maxSupportedVersion=25)]) (kafka.server.ControllerRegistrationManager)
[2026-07-14 05:46:58,093] INFO [MetadataLoader id=2] InitializeNewPublishers: initializing ControllerMetadataMetricsPublisher with a snapshot at offset 7 (org.apache.kafka.image.loader.MetadataLoader)
[2026-07-14 05:46:58,094] INFO [MetadataLoader id=2] InitializeNewPublishers: initializing AclPublisher controller id=2 with a snapshot at offset 7 (org.apache.kafka.image.loader.MetadataLoader)
[2026-07-14 05:46:58,095] INFO [MetadataLoader id=2] InitializeNewPublishers: initializing MetadataVersionPublisher(id=2) with a snapshot at offset 7 (org.apache.kafka.image.loader.MetadataLoader)
[2026-07-14 05:46:58,096] INFO [MetadataLoader id=2] InitializeNewPublishers: initializing BrokerMetadataPublisher with a snapshot at offset 7 (org.apache.kafka.image.loader.MetadataLoader)
[2026-07-14 05:46:58,097] INFO [BrokerMetadataPublisher id=2] Publishing initial metadata at offset OffsetAndEpoch(offset=7, epoch=1) with metadata.version Optional[4.0-IV3]. (kafka.server.metadata.BrokerMetadataPublisher)
[2026-07-14 05:46:58,097] INFO Loading logs from log dirs ArrayBuffer(/tmp/kafka-logs) (kafka.log.LogManager)
[2026-07-14 05:46:58,100] INFO No logs found to be loaded in /tmp/kafka-logs (kafka.log.LogManager)
[2026-07-14 05:46:58,105] INFO Loaded 0 logs in 7ms (kafka.log.LogManager)
[2026-07-14 05:46:58,105] INFO Starting log cleanup with a period of 300000 ms. (kafka.log.LogManager)
[2026-07-14 05:46:58,106] INFO Starting log flusher with a default period of 9223372036854775807 ms. (kafka.log.LogManager)
[2026-07-14 05:46:58,124] INFO [BrokerLifecycleManager id=2] Successfully registered broker 2 with broker epoch 8 (kafka.server.BrokerLifecycleManager)
[2026-07-14 05:46:58,174] INFO [ControllerRegistrationManager id=2 incarnation=zNW3NzLERAKNCUM8Nvz-SQ] RegistrationResponseHandler: controller acknowledged ControllerRegistrationRequest. (kafka.server.ControllerRegistrationManager)
[2026-07-14 05:46:58,174] INFO [kafka-log-cleaner-thread-0]: Starting (kafka.log.LogCleaner$CleanerThread)
[2026-07-14 05:46:58,180] INFO [LogDirFailureHandler]: Starting (kafka.server.ReplicaManager$LogDirFailureHandler)
[2026-07-14 05:46:58,181] INFO [GroupCoordinator id=2] Starting up. (org.apache.kafka.coordinator.group.GroupCoordinatorService)
[2026-07-14 05:46:58,182] INFO [AddPartitionsToTxnSenderThread-2]: Starting (kafka.server.AddPartitionsToTxnManager)
[2026-07-14 05:46:58,183] INFO [GroupCoordinator id=2] Startup complete. (org.apache.kafka.coordinator.group.GroupCoordinatorService)
[2026-07-14 05:46:58,183] INFO [TransactionCoordinator id=2] Starting up. (kafka.coordinator.transaction.TransactionCoordinator)
[2026-07-14 05:46:58,183] INFO [TransactionCoordinator id=2] Startup complete. (kafka.coordinator.transaction.TransactionCoordinator)
[2026-07-14 05:46:58,183] INFO [TxnMarkerSenderThread-2]: Starting (kafka.coordinator.transaction.TransactionMarkerChannelManager)
[2026-07-14 05:46:58,186] INFO [MetadataLoader id=2] InitializeNewPublishers: initializing BrokerRegistrationTracker(id=2) with a snapshot at offset 7 (org.apache.kafka.image.loader.MetadataLoader)
[2026-07-14 05:46:58,187] INFO [ControllerRegistrationManager id=2 incarnation=zNW3NzLERAKNCUM8Nvz-SQ] Our registration has been persisted to the metadata log. (kafka.server.ControllerRegistrationManager)
[2026-07-14 05:46:58,199] INFO [BrokerLifecycleManager id=2] The broker has caught up. Transitioning from STARTING to RECOVERY. (kafka.server.BrokerLifecycleManager)
[2026-07-14 05:46:58,201] INFO [BrokerServer id=2] Finished waiting for the controller to acknowledge that we are caught up (kafka.server.BrokerServer)
[2026-07-14 05:46:58,201] INFO [BrokerServer id=2] Waiting for the initial broker metadata update to be published (kafka.server.BrokerServer)
[2026-07-14 05:46:58,201] INFO [BrokerServer id=2] Finished waiting for the initial broker metadata update to be published (kafka.server.BrokerServer)
[2026-07-14 05:46:58,202] INFO KafkaConfig values:
	add.partitions.to.txn.retry.backoff.max.ms = 100
	add.partitions.to.txn.retry.backoff.ms = 20
	advertised.listeners = PLAINTEXT://base002-kafka-21908-2:19092
	alter.config.policy.class.name = null
	alter.log.dirs.replication.quota.window.num = 11
	alter.log.dirs.replication.quota.window.size.seconds = 1
	authorizer.class.name =
	auto.create.topics.enable = true
	auto.leader.rebalance.enable = true
	background.threads = 10
	broker.heartbeat.interval.ms = 2000
	broker.id = 2
	broker.rack = null
	broker.session.timeout.ms = 9000
	client.quota.callback.class = null
	compression.gzip.level = -1
	compression.lz4.level = 9
	compression.type = producer
	compression.zstd.level = 3
	connection.failed.authentication.delay.ms = 100
	connections.max.idle.ms = 600000
	connections.max.reauth.ms = 0
	controlled.shutdown.enable = true
	controller.listener.names = CONTROLLER
	controller.performance.always.log.threshold.ms = 2000
	controller.performance.sample.period.ms = 60000
	controller.quorum.append.linger.ms = 25
	controller.quorum.bootstrap.servers = []
	controller.quorum.election.backoff.max.ms = 1000
	controller.quorum.election.timeout.ms = 1000
	controller.quorum.fetch.timeout.ms = 2000
	controller.quorum.request.timeout.ms = 2000
	controller.quorum.retry.backoff.ms = 20
	controller.quorum.voters = [1@base002-kafka-21908-1:19093, 2@base002-kafka-21908-2:19093, 3@base002-kafka-21908-3:19093]
	controller.quota.window.num = 11
	controller.quota.window.size.seconds = 1
	controller.socket.timeout.ms = 30000
	create.topic.policy.class.name = null
	default.replication.factor = 1
	delegation.token.expiry.check.interval.ms = 3600000
	delegation.token.expiry.time.ms = 86400000
	delegation.token.max.lifetime.ms = 604800000
	delegation.token.secret.key = null
	delete.records.purgatory.purge.interval.requests = 1
	delete.topic.enable = true
	early.start.listeners = null
	fetch.max.bytes = 57671680
	fetch.purgatory.purge.interval.requests = 1000
	group.consumer.assignors = [uniform, range]
	group.consumer.heartbeat.interval.ms = 5000
	group.consumer.max.heartbeat.interval.ms = 15000
	group.consumer.max.session.timeout.ms = 60000
	group.consumer.max.size = 2147483647
	group.consumer.migration.policy = bidirectional
	group.consumer.min.heartbeat.interval.ms = 5000
	group.consumer.min.session.timeout.ms = 45000
	group.consumer.session.timeout.ms = 45000
	group.coordinator.append.linger.ms = 5
	group.coordinator.new.enable = true
	group.coordinator.rebalance.protocols = [classic, consumer]
	group.coordinator.threads = 4
	group.initial.rebalance.delay.ms = 0
	group.max.session.timeout.ms = 1800000
	group.max.size = 2147483647
	group.min.session.timeout.ms = 6000
	group.share.delivery.count.limit = 5
	group.share.enable = false
	group.share.heartbeat.interval.ms = 5000
	group.share.max.groups = 10
	group.share.max.heartbeat.interval.ms = 15000
	group.share.max.record.lock.duration.ms = 60000
	group.share.max.session.timeout.ms = 60000
	group.share.max.size = 200
	group.share.min.heartbeat.interval.ms = 5000
	group.share.min.record.lock.duration.ms = 15000
	group.share.min.session.timeout.ms = 45000
	group.share.partition.max.record.locks = 200
	group.share.persister.class.name = org.apache.kafka.server.share.persister.DefaultStatePersister
	group.share.record.lock.duration.ms = 30000
	group.share.session.timeout.ms = 45000
	initial.broker.registration.timeout.ms = 60000
	inter.broker.listener.name = null
	kafka.metrics.polling.interval.secs = 10
	kafka.metrics.reporters = []
	leader.imbalance.check.interval.seconds = 300
	listener.security.protocol.map = CONTROLLER:PLAINTEXT,PLAINTEXT:PLAINTEXT
	listeners = PLAINTEXT://:19092,CONTROLLER://:19093
	log.cleaner.backoff.ms = 15000
	log.cleaner.dedupe.buffer.size = 134217728
	log.cleaner.delete.retention.ms = 86400000
	log.cleaner.enable = true
	log.cleaner.io.buffer.load.factor = 0.9
	log.cleaner.io.buffer.size = 524288
	log.cleaner.io.max.bytes.per.second = 1.7976931348623157E308
	log.cleaner.max.compaction.lag.ms = 9223372036854775807
	log.cleaner.min.cleanable.ratio = 0.5
	log.cleaner.min.compaction.lag.ms = 0
	log.cleaner.threads = 1
	log.cleanup.policy = [delete]
	log.dir = /tmp/kafka-logs
	log.dir.failure.timeout.ms = 30000
	log.dirs = null
	log.flush.interval.messages = 9223372036854775807
	log.flush.interval.ms = null
	log.flush.offset.checkpoint.interval.ms = 60000
	log.flush.scheduler.interval.ms = 9223372036854775807
	log.flush.start.offset.checkpoint.interval.ms = 60000
	log.index.interval.bytes = 4096
	log.index.size.max.bytes = 10485760
	log.initial.task.delay.ms = 30000
	log.local.retention.bytes = -2
	log.local.retention.ms = -2
	log.message.timestamp.after.max.ms = 3600000
	log.message.timestamp.before.max.ms = 9223372036854775807
	log.message.timestamp.type = CreateTime
	log.preallocate = false
	log.retention.bytes = -1
	log.retention.check.interval.ms = 300000
	log.retention.hours = 168
	log.retention.minutes = null
	log.retention.ms = null
	log.roll.hours = 168
	log.roll.jitter.hours = 0
	log.roll.jitter.ms = null
	log.roll.ms = null
	log.segment.bytes = 1073741824
	log.segment.delete.delay.ms = 60000
	max.connection.creation.rate = 2147483647
	max.connections = 2147483647
	max.connections.per.ip = 2147483647
	max.connections.per.ip.overrides =
	max.incremental.fetch.session.cache.slots = 1000
	max.request.partition.size.limit = 2000
	message.max.bytes = 1048588
	metadata.log.dir = null
	metadata.log.max.record.bytes.between.snapshots = 20971520
	metadata.log.max.snapshot.interval.ms = 3600000
	metadata.log.segment.bytes = 1073741824
	metadata.log.segment.min.bytes = 8388608
	metadata.log.segment.ms = 604800000
	metadata.max.idle.interval.ms = 500
	metadata.max.retention.bytes = 104857600
	metadata.max.retention.ms = 604800000
	metric.reporters = [org.apache.kafka.common.metrics.JmxReporter]
	metrics.num.samples = 2
	metrics.recording.level = INFO
	metrics.sample.window.ms = 30000
	min.insync.replicas = 1
	node.id = 2
	num.io.threads = 8
	num.network.threads = 3
	num.partitions = 1
	num.recovery.threads.per.data.dir = 2
	num.replica.alter.log.dirs.threads = null
	num.replica.fetchers = 1
	offset.metadata.max.bytes = 4096
	offsets.commit.timeout.ms = 5000
	offsets.load.buffer.size = 5242880
	offsets.retention.check.interval.ms = 600000
	offsets.retention.minutes = 10080
	offsets.topic.compression.codec = 0
	offsets.topic.num.partitions = 50
	offsets.topic.replication.factor = 3
	offsets.topic.segment.bytes = 104857600
	principal.builder.class = class org.apache.kafka.common.security.authenticator.DefaultKafkaPrincipalBuilder
	process.roles = [broker, controller]
	producer.id.expiration.check.interval.ms = 600000
	producer.id.expiration.ms = 86400000
	producer.purgatory.purge.interval.requests = 1000
	queued.max.request.bytes = -1
	queued.max.requests = 500
	quota.window.num = 11
	quota.window.size.seconds = 1
	remote.fetch.max.wait.ms = 500
	remote.list.offsets.request.timeout.ms = 30000
	remote.log.index.file.cache.total.size.bytes = 1073741824
	remote.log.manager.copier.thread.pool.size = 10
	remote.log.manager.copy.max.bytes.per.second = 9223372036854775807
	remote.log.manager.copy.quota.window.num = 11
	remote.log.manager.copy.quota.window.size.seconds = 1
	remote.log.manager.expiration.thread.pool.size = 10
	remote.log.manager.fetch.max.bytes.per.second = 9223372036854775807
	remote.log.manager.fetch.quota.window.num = 11
	remote.log.manager.fetch.quota.window.size.seconds = 1
	remote.log.manager.task.interval.ms = 30000
	remote.log.manager.task.retry.backoff.max.ms = 30000
	remote.log.manager.task.retry.backoff.ms = 500
	remote.log.manager.task.retry.jitter = 0.2
	remote.log.manager.thread.pool.size = 2
	remote.log.metadata.custom.metadata.max.bytes = 128
	remote.log.metadata.manager.class.name = org.apache.kafka.server.log.remote.metadata.storage.TopicBasedRemoteLogMetadataManager
	remote.log.metadata.manager.class.path = null
	remote.log.metadata.manager.impl.prefix = rlmm.config.
	remote.log.metadata.manager.listener.name = null
	remote.log.reader.max.pending.tasks = 100
	remote.log.reader.threads = 10
	remote.log.storage.manager.class.name = null
	remote.log.storage.manager.class.path = null
	remote.log.storage.manager.impl.prefix = rsm.config.
	remote.log.storage.system.enable = false
	replica.fetch.backoff.ms = 1000
	replica.fetch.max.bytes = 1048576
	replica.fetch.min.bytes = 1
	replica.fetch.response.max.bytes = 10485760
	replica.fetch.wait.max.ms = 500
	replica.high.watermark.checkpoint.interval.ms = 5000
	replica.lag.time.max.ms = 30000
	replica.selector.class = null
	replica.socket.receive.buffer.bytes = 65536
	replica.socket.timeout.ms = 30000
	replication.quota.window.num = 11
	replication.quota.window.size.seconds = 1
	request.timeout.ms = 30000
	sasl.client.callback.handler.class = null
	sasl.enabled.mechanisms = [GSSAPI]
	sasl.jaas.config = null
	sasl.kerberos.kinit.cmd = /usr/bin/kinit
	sasl.kerberos.min.time.before.relogin = 60000
	sasl.kerberos.principal.to.local.rules = [DEFAULT]
	sasl.kerberos.service.name = null
	sasl.kerberos.ticket.renew.jitter = 0.05
	sasl.kerberos.ticket.renew.window.factor = 0.8
	sasl.login.callback.handler.class = null
	sasl.login.class = null
	sasl.login.connect.timeout.ms = null
	sasl.login.read.timeout.ms = null
	sasl.login.refresh.buffer.seconds = 300
	sasl.login.refresh.min.period.seconds = 60
	sasl.login.refresh.window.factor = 0.8
	sasl.login.refresh.window.jitter = 0.05
	sasl.login.retry.backoff.max.ms = 10000
	sasl.login.retry.backoff.ms = 100
	sasl.mechanism.controller.protocol = GSSAPI
	sasl.mechanism.inter.broker.protocol = GSSAPI
	sasl.oauthbearer.clock.skew.seconds = 30
	sasl.oauthbearer.expected.audience = null
	sasl.oauthbearer.expected.issuer = null
	sasl.oauthbearer.jwks.endpoint.refresh.ms = 3600000
	sasl.oauthbearer.jwks.endpoint.retry.backoff.max.ms = 10000
	sasl.oauthbearer.jwks.endpoint.retry.backoff.ms = 100
	sasl.oauthbearer.jwks.endpoint.url = null
	sasl.oauthbearer.scope.claim.name = scope
	sasl.oauthbearer.sub.claim.name = sub
	sasl.oauthbearer.token.endpoint.url = null
	sasl.server.callback.handler.class = null
	sasl.server.max.receive.size = 524288
	security.inter.broker.protocol = PLAINTEXT
	security.providers = null
	server.max.startup.time.ms = 9223372036854775807
	share.coordinator.append.linger.ms = 10
	share.coordinator.load.buffer.size = 5242880
	share.coordinator.snapshot.update.records.per.snapshot = 500
	share.coordinator.state.topic.compression.codec = 0
	share.coordinator.state.topic.min.isr = 2
	share.coordinator.state.topic.num.partitions = 50
	share.coordinator.state.topic.prune.interval.ms = 300000
	share.coordinator.state.topic.replication.factor = 3
	share.coordinator.state.topic.segment.bytes = 104857600
	share.coordinator.threads = 1
	share.coordinator.write.timeout.ms = 5000
	share.fetch.max.fetch.records = 2147483647
	share.fetch.purgatory.purge.interval.requests = 1000
	socket.connection.setup.timeout.max.ms = 30000
	socket.connection.setup.timeout.ms = 10000
	socket.listen.backlog.size = 50
	socket.receive.buffer.bytes = 102400
	socket.request.max.bytes = 104857600
	socket.send.buffer.bytes = 102400
	ssl.allow.dn.changes = false
	ssl.allow.san.changes = false
	ssl.cipher.suites = []
	ssl.client.auth = none
	ssl.enabled.protocols = [TLSv1.2, TLSv1.3]
	ssl.endpoint.identification.algorithm = https
	ssl.engine.factory.class = null
	ssl.key.password = null
	ssl.keymanager.algorithm = SunX509
	ssl.keystore.certificate.chain = null
	ssl.keystore.key = null
	ssl.keystore.location = null
	ssl.keystore.password = null
	ssl.keystore.type = JKS
	ssl.principal.mapping.rules = DEFAULT
	ssl.protocol = TLSv1.3
	ssl.provider = null
	ssl.secure.random.implementation = null
	ssl.trustmanager.algorithm = PKIX
	ssl.truststore.certificates = null
	ssl.truststore.location = null
	ssl.truststore.password = null
	ssl.truststore.type = JKS
	telemetry.max.bytes = 1048576
	transaction.abort.timed.out.transaction.cleanup.interval.ms = 10000
	transaction.max.timeout.ms = 900000
	transaction.partition.verification.enable = true
	transaction.remove.expired.transaction.cleanup.interval.ms = 3600000
	transaction.state.log.load.buffer.size = 5242880
	transaction.state.log.min.isr = 2
	transaction.state.log.num.partitions = 50
	transaction.state.log.replication.factor = 3
	transaction.state.log.segment.bytes = 104857600
	transactional.id.expiration.ms = 604800000
	unclean.leader.election.enable = false
	unclean.leader.election.interval.ms = 300000
	unstable.api.versions.enable = false
	unstable.feature.versions.enable = false
 (org.apache.kafka.common.config.AbstractConfig)
[2026-07-14 05:46:58,216] INFO [BrokerServer id=2] Waiting for the broker to be unfenced (kafka.server.BrokerServer)
[2026-07-14 05:46:58,245] INFO [BrokerLifecycleManager id=2] The broker is in RECOVERY. (kafka.server.BrokerLifecycleManager)
[2026-07-14 05:46:58,285] INFO [BrokerLifecycleManager id=2] The broker has been unfenced. Transitioning from RECOVERY to RUNNING. (kafka.server.BrokerLifecycleManager)
[2026-07-14 05:46:58,286] INFO [BrokerServer id=2] Finished waiting for the broker to be unfenced (kafka.server.BrokerServer)
[2026-07-14 05:46:58,286] INFO authorizerStart completed for endpoint PLAINTEXT. Endpoint is now READY. (org.apache.kafka.server.network.EndpointReadyFutures)
[2026-07-14 05:46:58,286] INFO [SocketServer listenerType=BROKER, nodeId=2] Enabling request processing. (kafka.network.SocketServer)
[2026-07-14 05:46:58,288] INFO Awaiting socket connections on 0.0.0.0:19092. (kafka.network.DataPlaneAcceptor)
[2026-07-14 05:46:58,290] INFO [BrokerServer id=2] Waiting for all of the authorizer futures to be completed (kafka.server.BrokerServer)
[2026-07-14 05:46:58,290] INFO [BrokerServer id=2] Finished waiting for all of the authorizer futures to be completed (kafka.server.BrokerServer)
[2026-07-14 05:46:58,290] INFO [BrokerServer id=2] Waiting for all of the SocketServer Acceptors to be started (kafka.server.BrokerServer)
[2026-07-14 05:46:58,290] INFO [BrokerServer id=2] Finished waiting for all of the SocketServer Acceptors to be started (kafka.server.BrokerServer)
[2026-07-14 05:46:58,290] INFO [BrokerServer id=2] Transition from STARTING to STARTED (kafka.server.BrokerServer)
[2026-07-14 05:46:58,291] INFO Kafka version: 4.0.0 (org.apache.kafka.common.utils.AppInfoParser)
[2026-07-14 05:46:58,291] INFO Kafka commitId: 985bc99521dd22bb (org.apache.kafka.common.utils.AppInfoParser)
[2026-07-14 05:46:58,291] INFO Kafka startTimeMs: 1784008018291 (org.apache.kafka.common.utils.AppInfoParser)
[2026-07-14 05:46:58,292] INFO [KafkaRaftServer nodeId=2] Kafka Server started (kafka.server.KafkaRaftServer)
[2026-07-14 05:46:59,734] INFO [ReplicaFetcherManager on broker 2] Removed fetcher for partitions Set(ai-video-int-events-1) (kafka.server.ReplicaFetcherManager)
[2026-07-14 05:46:59,744] INFO [LogLoader partition=ai-video-int-events-1, dir=/tmp/kafka-logs] Loading producer state till offset 0 (org.apache.kafka.storage.internals.log.UnifiedLog)
[2026-07-14 05:46:59,747] INFO Created log for partition ai-video-int-events-1 in /tmp/kafka-logs/ai-video-int-events-1 with properties {min.insync.replicas=2} (kafka.log.LogManager)
[2026-07-14 05:46:59,747] INFO [Partition ai-video-int-events-1 broker=2] No checkpointed highwatermark is found for partition ai-video-int-events-1 (kafka.cluster.Partition)
[2026-07-14 05:46:59,748] INFO [Partition ai-video-int-events-1 broker=2] Log loaded for partition ai-video-int-events-1 with initial high watermark 0 (kafka.cluster.Partition)
[2026-07-14 05:46:59,756] INFO [LogLoader partition=ai-video-int-events-2, dir=/tmp/kafka-logs] Loading producer state till offset 0 (org.apache.kafka.storage.internals.log.UnifiedLog)
[2026-07-14 05:46:59,756] INFO Created log for partition ai-video-int-events-2 in /tmp/kafka-logs/ai-video-int-events-2 with properties {min.insync.replicas=2} (kafka.log.LogManager)
[2026-07-14 05:46:59,757] INFO [Partition ai-video-int-events-2 broker=2] No checkpointed highwatermark is found for partition ai-video-int-events-2 (kafka.cluster.Partition)
[2026-07-14 05:46:59,757] INFO [Partition ai-video-int-events-2 broker=2] Log loaded for partition ai-video-int-events-2 with initial high watermark 0 (kafka.cluster.Partition)
[2026-07-14 05:46:59,760] INFO [LogLoader partition=ai-video-int-events-0, dir=/tmp/kafka-logs] Loading producer state till offset 0 (org.apache.kafka.storage.internals.log.UnifiedLog)
[2026-07-14 05:46:59,760] INFO Created log for partition ai-video-int-events-0 in /tmp/kafka-logs/ai-video-int-events-0 with properties {min.insync.replicas=2} (kafka.log.LogManager)
[2026-07-14 05:46:59,760] INFO [Partition ai-video-int-events-0 broker=2] No checkpointed highwatermark is found for partition ai-video-int-events-0 (kafka.cluster.Partition)
[2026-07-14 05:46:59,760] INFO [Partition ai-video-int-events-0 broker=2] Log loaded for partition ai-video-int-events-0 with initial high watermark 0 (kafka.cluster.Partition)
[2026-07-14 05:46:59,761] INFO [ReplicaFetcherManager on broker 2] Removed fetcher for partitions Set(ai-video-int-events-2, ai-video-int-events-0) (kafka.server.ReplicaFetcherManager)
[2026-07-14 05:46:59,768] INFO [ReplicaFetcherThread-0-3]: Starting (kafka.server.ReplicaFetcherThread)
[2026-07-14 05:46:59,769] INFO [ReplicaFetcherManager on broker 2] Added fetcher to broker 3 for partitions HashMap(ai-video-int-events-2 -> InitialFetchState(Some(Z1K8hBgqSRaxFN5IHFDkUA),BrokerEndPoint(id=3, host=base002-kafka-21908-3:19092),0,0)) (kafka.server.ReplicaFetcherManager)
[2026-07-14 05:46:59,770] INFO [ReplicaFetcher replicaId=2, leaderId=3, fetcherId=0] Truncating partition ai-video-int-events-2 with TruncationState(offset=0, completed=true) due to local high watermark 0 (kafka.server.ReplicaFetcherThread)
[2026-07-14 05:46:59,770] INFO [ReplicaFetcherThread-0-1]: Starting (kafka.server.ReplicaFetcherThread)
[2026-07-14 05:46:59,771] INFO [ReplicaFetcherManager on broker 2] Added fetcher to broker 1 for partitions HashMap(ai-video-int-events-0 -> InitialFetchState(Some(Z1K8hBgqSRaxFN5IHFDkUA),BrokerEndPoint(id=1, host=base002-kafka-21908-1:19092),0,0)) (kafka.server.ReplicaFetcherManager)
[2026-07-14 05:46:59,771] INFO [ReplicaFetcher replicaId=2, leaderId=1, fetcherId=0] Truncating partition ai-video-int-events-0 with TruncationState(offset=0, completed=true) due to local high watermark 0 (kafka.server.ReplicaFetcherThread)
[2026-07-14 05:46:59,771] INFO [UnifiedLog partition=ai-video-int-events-0, dir=/tmp/kafka-logs] Truncating to 0 has no effect as the largest offset in the log is -1 (kafka.log.UnifiedLog)
[2026-07-14 05:46:59,772] INFO [UnifiedLog partition=ai-video-int-events-2, dir=/tmp/kafka-logs] Truncating to 0 has no effect as the largest offset in the log is -1 (kafka.log.UnifiedLog)
[2026-07-14 05:46:59,776] INFO [DynamicConfigPublisher broker id=2] Updating topic ai-video-int-events with new configuration : min.insync.replicas -> 2 (kafka.server.metadata.DynamicConfigPublisher)
[2026-07-14 05:46:59,791] WARN [ReplicaFetcher replicaId=2, leaderId=1, fetcherId=0] Received UNKNOWN_TOPIC_ID from the leader for partition ai-video-int-events-0. This error may be returned transiently when the partition is being created or deleted, but it is not expected to persist. (kafka.server.ReplicaFetcherThread)
[2026-07-14 05:46:59,792] WARN [ReplicaFetcher replicaId=2, leaderId=3, fetcherId=0] Received UNKNOWN_TOPIC_ID from the leader for partition ai-video-int-events-2. This error may be returned transiently when the partition is being created or deleted, but it is not expected to persist. (kafka.server.ReplicaFetcherThread)
[2026-07-14 05:47:00,792] INFO [ReplicaFetcherManager on broker 2] Removed fetcher for partitions Set(ai-video-int-events.dlq-0) (kafka.server.ReplicaFetcherManager)
[2026-07-14 05:47:00,793] INFO [LogLoader partition=ai-video-int-events.dlq-0, dir=/tmp/kafka-logs] Loading producer state till offset 0 (org.apache.kafka.storage.internals.log.UnifiedLog)
[2026-07-14 05:47:00,794] INFO Created log for partition ai-video-int-events.dlq-0 in /tmp/kafka-logs/ai-video-int-events.dlq-0 with properties {min.insync.replicas=2} (kafka.log.LogManager)
[2026-07-14 05:47:00,794] INFO [Partition ai-video-int-events.dlq-0 broker=2] No checkpointed highwatermark is found for partition ai-video-int-events.dlq-0 (kafka.cluster.Partition)
[2026-07-14 05:47:00,794] INFO [Partition ai-video-int-events.dlq-0 broker=2] Log loaded for partition ai-video-int-events.dlq-0 with initial high watermark 0 (kafka.cluster.Partition)
[2026-07-14 05:47:00,797] INFO [LogLoader partition=ai-video-int-events.dlq-1, dir=/tmp/kafka-logs] Loading producer state till offset 0 (org.apache.kafka.storage.internals.log.UnifiedLog)
[2026-07-14 05:47:00,798] INFO Created log for partition ai-video-int-events.dlq-1 in /tmp/kafka-logs/ai-video-int-events.dlq-1 with properties {min.insync.replicas=2} (kafka.log.LogManager)
[2026-07-14 05:47:00,798] INFO [Partition ai-video-int-events.dlq-1 broker=2] No checkpointed highwatermark is found for partition ai-video-int-events.dlq-1 (kafka.cluster.Partition)
[2026-07-14 05:47:00,798] INFO [Partition ai-video-int-events.dlq-1 broker=2] Log loaded for partition ai-video-int-events.dlq-1 with initial high watermark 0 (kafka.cluster.Partition)
[2026-07-14 05:47:00,800] INFO [LogLoader partition=ai-video-int-events.dlq-2, dir=/tmp/kafka-logs] Loading producer state till offset 0 (org.apache.kafka.storage.internals.log.UnifiedLog)
[2026-07-14 05:47:00,801] INFO Created log for partition ai-video-int-events.dlq-2 in /tmp/kafka-logs/ai-video-int-events.dlq-2 with properties {min.insync.replicas=2} (kafka.log.LogManager)
[2026-07-14 05:47:00,801] INFO [Partition ai-video-int-events.dlq-2 broker=2] No checkpointed highwatermark is found for partition ai-video-int-events.dlq-2 (kafka.cluster.Partition)
[2026-07-14 05:47:00,801] INFO [Partition ai-video-int-events.dlq-2 broker=2] Log loaded for partition ai-video-int-events.dlq-2 with initial high watermark 0 (kafka.cluster.Partition)
[2026-07-14 05:47:00,801] INFO [ReplicaFetcherManager on broker 2] Removed fetcher for partitions Set(ai-video-int-events.dlq-1, ai-video-int-events.dlq-2) (kafka.server.ReplicaFetcherManager)
[2026-07-14 05:47:00,801] INFO [ReplicaFetcherManager on broker 2] Added fetcher to broker 3 for partitions HashMap(ai-video-int-events.dlq-1 -> InitialFetchState(Some(S4h2OIYJSJapeZLQ4Rw21Q),BrokerEndPoint(id=3, host=base002-kafka-21908-3:19092),0,0)) (kafka.server.ReplicaFetcherManager)
[2026-07-14 05:47:00,802] INFO [ReplicaFetcherManager on broker 2] Added fetcher to broker 1 for partitions HashMap(ai-video-int-events.dlq-2 -> InitialFetchState(Some(S4h2OIYJSJapeZLQ4Rw21Q),BrokerEndPoint(id=1, host=base002-kafka-21908-1:19092),0,0)) (kafka.server.ReplicaFetcherManager)
[2026-07-14 05:47:00,802] INFO [DynamicConfigPublisher broker id=2] Updating topic ai-video-int-events.dlq with new configuration : min.insync.replicas -> 2 (kafka.server.metadata.DynamicConfigPublisher)
[2026-07-14 05:47:01,297] INFO [ReplicaFetcher replicaId=2, leaderId=1, fetcherId=0] Truncating partition ai-video-int-events.dlq-2 with TruncationState(offset=0, completed=true) due to local high watermark 0 (kafka.server.ReplicaFetcherThread)
[2026-07-14 05:47:01,297] INFO [UnifiedLog partition=ai-video-int-events.dlq-2, dir=/tmp/kafka-logs] Truncating to 0 has no effect as the largest offset in the log is -1 (kafka.log.UnifiedLog)
[2026-07-14 05:47:01,298] INFO [ReplicaFetcher replicaId=2, leaderId=3, fetcherId=0] Truncating partition ai-video-int-events.dlq-1 with TruncationState(offset=0, completed=true) due to local high watermark 0 (kafka.server.ReplicaFetcherThread)
[2026-07-14 05:47:01,298] INFO [UnifiedLog partition=ai-video-int-events.dlq-1, dir=/tmp/kafka-logs] Truncating to 0 has no effect as the largest offset in the log is -1 (kafka.log.UnifiedLog)
[2026-07-14 05:47:03,506] INFO [ReplicaFetcherManager on broker 2] Removed fetcher for partitions Set(ai-video-int-events.dlq-2, ai-video-int-events.dlq-0, ai-video-int-events-0, ai-video-int-events-1) (kafka.server.ReplicaFetcherManager)
[2026-07-14 05:47:03,516] INFO [ReplicaFetcherThread-0-1]: Shutting down (kafka.server.ReplicaFetcherThread)
[2026-07-14 05:47:03,517] INFO [ReplicaFetcher replicaId=2, leaderId=1, fetcherId=0] Client requested connection close from node 1 (org.apache.kafka.clients.NetworkClient)
[2026-07-14 05:47:03,517] INFO [ReplicaFetcher replicaId=2, leaderId=1, fetcherId=0] Cancelled in-flight FETCH request with correlation id 7 due to node 1 being disconnected (elapsed time since creation: 209ms, elapsed time since send: 209ms, throttle time: 0ms, request timeout: 30000ms) (org.apache.kafka.clients.NetworkClient)
[2026-07-14 05:47:03,517] INFO [ReplicaFetcher replicaId=2, leaderId=1, fetcherId=0] Error sending fetch request (sessionId=798656559, epoch=5) to node 1: (org.apache.kafka.clients.FetchSessionHandler)
java.io.IOException: Client was shutdown before response was read
	at org.apache.kafka.clients.NetworkClientUtils.sendAndReceive(NetworkClientUtils.java:120) ~[kafka-clients-4.0.0.jar:?]
	at kafka.server.BrokerBlockingSender.sendRequest(BrokerBlockingSender.scala:112) ~[kafka_2.13-4.0.0.jar:?]
	at kafka.server.RemoteLeaderEndPoint.fetch(RemoteLeaderEndPoint.scala:76) ~[kafka_2.13-4.0.0.jar:?]
	at kafka.server.AbstractFetcherThread.processFetchRequest(AbstractFetcherThread.scala:315) ~[kafka_2.13-4.0.0.jar:?]
	at kafka.server.AbstractFetcherThread.$anonfun$maybeFetch$3(AbstractFetcherThread.scala:129) ~[kafka_2.13-4.0.0.jar:?]
	at kafka.server.AbstractFetcherThread.$anonfun$maybeFetch$3$adapted(AbstractFetcherThread.scala:128) ~[kafka_2.13-4.0.0.jar:?]
	at scala.Option.foreach(Option.scala:437) [scala-library-2.13.15.jar:?]
	at kafka.server.AbstractFetcherThread.maybeFetch(AbstractFetcherThread.scala:128) [kafka_2.13-4.0.0.jar:?]
	at kafka.server.AbstractFetcherThread.doWork(AbstractFetcherThread.scala:111) [kafka_2.13-4.0.0.jar:?]
	at kafka.server.ReplicaFetcherThread.doWork(ReplicaFetcherThread.scala:96) [kafka_2.13-4.0.0.jar:?]
	at org.apache.kafka.server.util.ShutdownableThread.run(ShutdownableThread.java:136) [kafka-server-common-4.0.0.jar:?]
[2026-07-14 05:47:03,520] INFO [ReplicaFetcherThread-0-1]: Stopped (kafka.server.ReplicaFetcherThread)
[2026-07-14 05:47:03,520] INFO [ReplicaFetcherThread-0-1]: Shutdown completed (kafka.server.ReplicaFetcherThread)
[2026-07-14 05:47:05,749] INFO [RaftManager id=2] Node 1 disconnected. (org.apache.kafka.clients.NetworkClient)
[2026-07-14 05:47:05,972] INFO [RaftManager id=2] Node 1 disconnected. (org.apache.kafka.clients.NetworkClient)
[2026-07-14 05:47:05,973] WARN [RaftManager id=2] Connection to node 1 (base002-kafka-21908-1/172.20.0.2:19093) could not be established. Node may not be available. (org.apache.kafka.clients.NetworkClient)
[2026-07-14 05:47:09,296] INFO Sent auto-creation request for Set(__consumer_offsets) to the active controller. (kafka.server.DefaultAutoTopicCreationManager)
[2026-07-14 05:47:09,331] INFO [ReplicaFetcherManager on broker 2] Removed fetcher for partitions Set(__consumer_offsets-13, __consumer_offsets-11, __consumer_offsets-9, __consumer_offsets-42, __consumer_offsets-21, __consumer_offsets-19, __consumer_offsets-17, __consumer_offsets-7, __consumer_offsets-40, __consumer_offsets-5, __consumer_offsets-38, __consumer_offsets-34, __consumer_offsets-47, __consumer_offsets-45, __consumer_offsets-14, __consumer_offsets-24, __consumer_offsets-22, __consumer_offsets-49, __consumer_offsets-31, __consumer_offsets-0, __consumer_offsets-29, __consumer_offsets-27, __consumer_offsets-37, __consumer_offsets-33, __consumer_offsets-2) (kafka.server.ReplicaFetcherManager)
[2026-07-14 05:47:09,333] INFO [LogLoader partition=__consumer_offsets-13, dir=/tmp/kafka-logs] Loading producer state till offset 0 (org.apache.kafka.storage.internals.log.UnifiedLog)
[2026-07-14 05:47:09,334] INFO Created log for partition __consumer_offsets-13 in /tmp/kafka-logs/__consumer_offsets-13 with properties {cleanup.policy=compact, compression.type="producer", segment.bytes=104857600} (kafka.log.LogManager)
[2026-07-14 05:47:09,334] INFO [Partition __consumer_offsets-13 broker=2] No checkpointed highwatermark is found for partition __consumer_offsets-13 (kafka.cluster.Partition)
[2026-07-14 05:47:09,335] INFO [Partition __consumer_offsets-13 broker=2] Log loaded for partition __consumer_offsets-13 with initial high watermark 0 (kafka.cluster.Partition)
[2026-07-14 05:47:09,341] INFO [LogLoader partition=__consumer_offsets-11, dir=/tmp/kafka-logs] Loading producer state till offset 0 (org.apache.kafka.storage.internals.log.UnifiedLog)
[2026-07-14 05:47:09,342] INFO Created log for partition __consumer_offsets-11 in /tmp/kafka-logs/__consumer_offsets-11 with properties {cleanup.policy=compact, compression.type="producer", segment.bytes=104857600} (kafka.log.LogManager)
[2026-07-14 05:47:09,342] INFO [Partition __consumer_offsets-11 broker=2] No checkpointed highwatermark is found for partition __consumer_offsets-11 (kafka.cluster.Partition)
[2026-07-14 05:47:09,342] INFO [Partition __consumer_offsets-11 broker=2] Log loaded for partition __consumer_offsets-11 with initial high watermark 0 (kafka.cluster.Partition)
[2026-07-14 05:47:09,346] INFO [LogLoader partition=__consumer_offsets-9, dir=/tmp/kafka-logs] Loading producer state till offset 0 (org.apache.kafka.storage.internals.log.UnifiedLog)
[2026-07-14 05:47:09,347] INFO Created log for partition __consumer_offsets-9 in /tmp/kafka-logs/__consumer_offsets-9 with properties {cleanup.policy=compact, compression.type="producer", segment.bytes=104857600} (kafka.log.LogManager)
[2026-07-14 05:47:09,347] INFO [Partition __consumer_offsets-9 broker=2] No checkpointed highwatermark is found for partition __consumer_offsets-9 (kafka.cluster.Partition)
[2026-07-14 05:47:09,347] INFO [Partition __consumer_offsets-9 broker=2] Log loaded for partition __consumer_offsets-9 with initial high watermark 0 (kafka.cluster.Partition)
[2026-07-14 05:47:09,350] INFO [LogLoader partition=__consumer_offsets-42, dir=/tmp/kafka-logs] Loading producer state till offset 0 (org.apache.kafka.storage.internals.log.UnifiedLog)
[2026-07-14 05:47:09,350] INFO Created log for partition __consumer_offsets-42 in /tmp/kafka-logs/__consumer_offsets-42 with properties {cleanup.policy=compact, compression.type="producer", segment.bytes=104857600} (kafka.log.LogManager)
[2026-07-14 05:47:09,350] INFO [Partition __consumer_offsets-42 broker=2] No checkpointed highwatermark is found for partition __consumer_offsets-42 (kafka.cluster.Partition)
[2026-07-14 05:47:09,350] INFO [Partition __consumer_offsets-42 broker=2] Log loaded for partition __consumer_offsets-42 with initial high watermark 0 (kafka.cluster.Partition)
[2026-07-14 05:47:09,355] INFO [LogLoader partition=__consumer_offsets-21, dir=/tmp/kafka-logs] Loading producer state till offset 0 (org.apache.kafka.storage.internals.log.UnifiedLog)
[2026-07-14 05:47:09,356] INFO Created log for partition __consumer_offsets-21 in /tmp/kafka-logs/__consumer_offsets-21 with properties {cleanup.policy=compact, compression.type="producer", segment.bytes=104857600} (kafka.log.LogManager)
[2026-07-14 05:47:09,356] INFO [Partition __consumer_offsets-21 broker=2] No checkpointed highwatermark is found for partition __consumer_offsets-21 (kafka.cluster.Partition)
[2026-07-14 05:47:09,356] INFO [Partition __consumer_offsets-21 broker=2] Log loaded for partition __consumer_offsets-21 with initial high watermark 0 (kafka.cluster.Partition)
[2026-07-14 05:47:09,359] INFO [LogLoader partition=__consumer_offsets-19, dir=/tmp/kafka-logs] Loading producer state till offset 0 (org.apache.kafka.storage.internals.log.UnifiedLog)
[2026-07-14 05:47:09,359] INFO Created log for partition __consumer_offsets-19 in /tmp/kafka-logs/__consumer_offsets-19 with properties {cleanup.policy=compact, compression.type="producer", segment.bytes=104857600} (kafka.log.LogManager)
[2026-07-14 05:47:09,360] INFO [Partition __consumer_offsets-19 broker=2] No checkpointed highwatermark is found for partition __consumer_offsets-19 (kafka.cluster.Partition)
[2026-07-14 05:47:09,360] INFO [Partition __consumer_offsets-19 broker=2] Log loaded for partition __consumer_offsets-19 with initial high watermark 0 (kafka.cluster.Partition)
[2026-07-14 05:47:09,363] INFO [LogLoader partition=__consumer_offsets-17, dir=/tmp/kafka-logs] Loading producer state till offset 0 (org.apache.kafka.storage.internals.log.UnifiedLog)
[2026-07-14 05:47:09,363] INFO Created log for partition __consumer_offsets-17 in /tmp/kafka-logs/__consumer_offsets-17 with properties {cleanup.policy=compact, compression.type="producer", segment.bytes=104857600} (kafka.log.LogManager)
[2026-07-14 05:47:09,363] INFO [Partition __consumer_offsets-17 broker=2] No checkpointed highwatermark is found for partition __consumer_offsets-17 (kafka.cluster.Partition)
[2026-07-14 05:47:09,363] INFO [Partition __consumer_offsets-17 broker=2] Log loaded for partition __consumer_offsets-17 with initial high watermark 0 (kafka.cluster.Partition)
[2026-07-14 05:47:09,366] INFO [LogLoader partition=__consumer_offsets-7, dir=/tmp/kafka-logs] Loading producer state till offset 0 (org.apache.kafka.storage.internals.log.UnifiedLog)
[2026-07-14 05:47:09,366] INFO Created log for partition __consumer_offsets-7 in /tmp/kafka-logs/__consumer_offsets-7 with properties {cleanup.policy=compact, compression.type="producer", segment.bytes=104857600} (kafka.log.LogManager)
[2026-07-14 05:47:09,366] INFO [Partition __consumer_offsets-7 broker=2] No checkpointed highwatermark is found for partition __consumer_offsets-7 (kafka.cluster.Partition)
[2026-07-14 05:47:09,367] INFO [Partition __consumer_offsets-7 broker=2] Log loaded for partition __consumer_offsets-7 with initial high watermark 0 (kafka.cluster.Partition)
[2026-07-14 05:47:09,370] INFO [LogLoader partition=__consumer_offsets-40, dir=/tmp/kafka-logs] Loading producer state till offset 0 (org.apache.kafka.storage.internals.log.UnifiedLog)
[2026-07-14 05:47:09,370] INFO Created log for partition __consumer_offsets-40 in /tmp/kafka-logs/__consumer_offsets-40 with properties {cleanup.policy=compact, compression.type="producer", segment.bytes=104857600} (kafka.log.LogManager)
[2026-07-14 05:47:09,370] INFO [Partition __consumer_offsets-40 broker=2] No checkpointed highwatermark is found for partition __consumer_offsets-40 (kafka.cluster.Partition)
[2026-07-14 05:47:09,370] INFO [Partition __consumer_offsets-40 broker=2] Log loaded for partition __consumer_offsets-40 with initial high watermark 0 (kafka.cluster.Partition)
[2026-07-14 05:47:09,374] INFO [LogLoader partition=__consumer_offsets-5, dir=/tmp/kafka-logs] Loading producer state till offset 0 (org.apache.kafka.storage.internals.log.UnifiedLog)
[2026-07-14 05:47:09,375] INFO Created log for partition __consumer_offsets-5 in /tmp/kafka-logs/__consumer_offsets-5 with properties {cleanup.policy=compact, compression.type="producer", segment.bytes=104857600} (kafka.log.LogManager)
[2026-07-14 05:47:09,375] INFO [Partition __consumer_offsets-5 broker=2] No checkpointed highwatermark is found for partition __consumer_offsets-5 (kafka.cluster.Partition)
[2026-07-14 05:47:09,375] INFO [Partition __consumer_offsets-5 broker=2] Log loaded for partition __consumer_offsets-5 with initial high watermark 0 (kafka.cluster.Partition)
[2026-07-14 05:47:09,378] INFO [LogLoader partition=__consumer_offsets-38, dir=/tmp/kafka-logs] Loading producer state till offset 0 (org.apache.kafka.storage.internals.log.UnifiedLog)
[2026-07-14 05:47:09,378] INFO Created log for partition __consumer_offsets-38 in /tmp/kafka-logs/__consumer_offsets-38 with properties {cleanup.policy=compact, compression.type="producer", segment.bytes=104857600} (kafka.log.LogManager)
[2026-07-14 05:47:09,378] INFO [Partition __consumer_offsets-38 broker=2] No checkpointed highwatermark is found for partition __consumer_offsets-38 (kafka.cluster.Partition)
[2026-07-14 05:47:09,378] INFO [Partition __consumer_offsets-38 broker=2] Log loaded for partition __consumer_offsets-38 with initial high watermark 0 (kafka.cluster.Partition)
[2026-07-14 05:47:09,381] INFO [LogLoader partition=__consumer_offsets-34, dir=/tmp/kafka-logs] Loading producer state till offset 0 (org.apache.kafka.storage.internals.log.UnifiedLog)
[2026-07-14 05:47:09,381] INFO Created log for partition __consumer_offsets-34 in /tmp/kafka-logs/__consumer_offsets-34 with properties {cleanup.policy=compact, compression.type="producer", segment.bytes=104857600} (kafka.log.LogManager)
[2026-07-14 05:47:09,382] INFO [Partition __consumer_offsets-34 broker=2] No checkpointed highwatermark is found for partition __consumer_offsets-34 (kafka.cluster.Partition)
[2026-07-14 05:47:09,382] INFO [Partition __consumer_offsets-34 broker=2] Log loaded for partition __consumer_offsets-34 with initial high watermark 0 (kafka.cluster.Partition)
[2026-07-14 05:47:09,385] INFO [LogLoader partition=__consumer_offsets-47, dir=/tmp/kafka-logs] Loading producer state till offset 0 (org.apache.kafka.storage.internals.log.UnifiedLog)
[2026-07-14 05:47:09,385] INFO Created log for partition __consumer_offsets-47 in /tmp/kafka-logs/__consumer_offsets-47 with properties {cleanup.policy=compact, compression.type="producer", segment.bytes=104857600} (kafka.log.LogManager)
[2026-07-14 05:47:09,385] INFO [Partition __consumer_offsets-47 broker=2] No checkpointed highwatermark is found for partition __consumer_offsets-47 (kafka.cluster.Partition)
[2026-07-14 05:47:09,385] INFO [Partition __consumer_offsets-47 broker=2] Log loaded for partition __consumer_offsets-47 with initial high watermark 0 (kafka.cluster.Partition)
[2026-07-14 05:47:09,389] INFO [LogLoader partition=__consumer_offsets-45, dir=/tmp/kafka-logs] Loading producer state till offset 0 (org.apache.kafka.storage.internals.log.UnifiedLog)
[2026-07-14 05:47:09,389] INFO Created log for partition __consumer_offsets-45 in /tmp/kafka-logs/__consumer_offsets-45 with properties {cleanup.policy=compact, compression.type="producer", segment.bytes=104857600} (kafka.log.LogManager)
[2026-07-14 05:47:09,389] INFO [Partition __consumer_offsets-45 broker=2] No checkpointed highwatermark is found for partition __consumer_offsets-45 (kafka.cluster.Partition)
[2026-07-14 05:47:09,389] INFO [Partition __consumer_offsets-45 broker=2] Log loaded for partition __consumer_offsets-45 with initial high watermark 0 (kafka.cluster.Partition)
[2026-07-14 05:47:09,391] INFO [LogLoader partition=__consumer_offsets-14, dir=/tmp/kafka-logs] Loading producer state till offset 0 (org.apache.kafka.storage.internals.log.UnifiedLog)
[2026-07-14 05:47:09,392] INFO Created log for partition __consumer_offsets-14 in /tmp/kafka-logs/__consumer_offsets-14 with properties {cleanup.policy=compact, compression.type="producer", segment.bytes=104857600} (kafka.log.LogManager)
[2026-07-14 05:47:09,392] INFO [Partition __consumer_offsets-14 broker=2] No checkpointed highwatermark is found for partition __consumer_offsets-14 (kafka.cluster.Partition)
[2026-07-14 05:47:09,392] INFO [Partition __consumer_offsets-14 broker=2] Log loaded for partition __consumer_offsets-14 with initial high watermark 0 (kafka.cluster.Partition)
[2026-07-14 05:47:09,398] INFO [LogLoader partition=__consumer_offsets-24, dir=/tmp/kafka-logs] Loading producer state till offset 0 (org.apache.kafka.storage.internals.log.UnifiedLog)
[2026-07-14 05:47:09,399] INFO Created log for partition __consumer_offsets-24 in /tmp/kafka-logs/__consumer_offsets-24 with properties {cleanup.policy=compact, compression.type="producer", segment.bytes=104857600} (kafka.log.LogManager)
[2026-07-14 05:47:09,399] INFO [Partition __consumer_offsets-24 broker=2] No checkpointed highwatermark is found for partition __consumer_offsets-24 (kafka.cluster.Partition)
[2026-07-14 05:47:09,399] INFO [Partition __consumer_offsets-24 broker=2] Log loaded for partition __consumer_offsets-24 with initial high watermark 0 (kafka.cluster.Partition)
[2026-07-14 05:47:09,402] INFO [LogLoader partition=__consumer_offsets-22, dir=/tmp/kafka-logs] Loading producer state till offset 0 (org.apache.kafka.storage.internals.log.UnifiedLog)
[2026-07-14 05:47:09,402] INFO Created log for partition __consumer_offsets-22 in /tmp/kafka-logs/__consumer_offsets-22 with properties {cleanup.policy=compact, compression.type="producer", segment.bytes=104857600} (kafka.log.LogManager)
[2026-07-14 05:47:09,402] INFO [Partition __consumer_offsets-22 broker=2] No checkpointed highwatermark is found for partition __consumer_offsets-22 (kafka.cluster.Partition)
[2026-07-14 05:47:09,402] INFO [Partition __consumer_offsets-22 broker=2] Log loaded for partition __consumer_offsets-22 with initial high watermark 0 (kafka.cluster.Partition)
[2026-07-14 05:47:09,404] INFO [LogLoader partition=__consumer_offsets-49, dir=/tmp/kafka-logs] Loading producer state till offset 0 (org.apache.kafka.storage.internals.log.UnifiedLog)
[2026-07-14 05:47:09,404] INFO Created log for partition __consumer_offsets-49 in /tmp/kafka-logs/__consumer_offsets-49 with properties {cleanup.policy=compact, compression.type="producer", segment.bytes=104857600} (kafka.log.LogManager)
[2026-07-14 05:47:09,404] INFO [Partition __consumer_offsets-49 broker=2] No checkpointed highwatermark is found for partition __consumer_offsets-49 (kafka.cluster.Partition)
[2026-07-14 05:47:09,404] INFO [Partition __consumer_offsets-49 broker=2] Log loaded for partition __consumer_offsets-49 with initial high watermark 0 (kafka.cluster.Partition)
[2026-07-14 05:47:09,410] INFO [LogLoader partition=__consumer_offsets-31, dir=/tmp/kafka-logs] Loading producer state till offset 0 (org.apache.kafka.storage.internals.log.UnifiedLog)
[2026-07-14 05:47:09,410] INFO Created log for partition __consumer_offsets-31 in /tmp/kafka-logs/__consumer_offsets-31 with properties {cleanup.policy=compact, compression.type="producer", segment.bytes=104857600} (kafka.log.LogManager)
[2026-07-14 05:47:09,410] INFO [Partition __consumer_offsets-31 broker=2] No checkpointed highwatermark is found for partition __consumer_offsets-31 (kafka.cluster.Partition)
[2026-07-14 05:47:09,410] INFO [Partition __consumer_offsets-31 broker=2] Log loaded for partition __consumer_offsets-31 with initial high watermark 0 (kafka.cluster.Partition)
[2026-07-14 05:47:09,413] INFO [LogLoader partition=__consumer_offsets-0, dir=/tmp/kafka-logs] Loading producer state till offset 0 (org.apache.kafka.storage.internals.log.UnifiedLog)
[2026-07-14 05:47:09,413] INFO Created log for partition __consumer_offsets-0 in /tmp/kafka-logs/__consumer_offsets-0 with properties {cleanup.policy=compact, compression.type="producer", segment.bytes=104857600} (kafka.log.LogManager)
[2026-07-14 05:47:09,413] INFO [Partition __consumer_offsets-0 broker=2] No checkpointed highwatermark is found for partition __consumer_offsets-0 (kafka.cluster.Partition)
[2026-07-14 05:47:09,414] INFO [Partition __consumer_offsets-0 broker=2] Log loaded for partition __consumer_offsets-0 with initial high watermark 0 (kafka.cluster.Partition)
[2026-07-14 05:47:09,416] INFO [LogLoader partition=__consumer_offsets-29, dir=/tmp/kafka-logs] Loading producer state till offset 0 (org.apache.kafka.storage.internals.log.UnifiedLog)
[2026-07-14 05:47:09,416] INFO Created log for partition __consumer_offsets-29 in /tmp/kafka-logs/__consumer_offsets-29 with properties {cleanup.policy=compact, compression.type="producer", segment.bytes=104857600} (kafka.log.LogManager)
[2026-07-14 05:47:09,417] INFO [Partition __consumer_offsets-29 broker=2] No checkpointed highwatermark is found for partition __consumer_offsets-29 (kafka.cluster.Partition)
[2026-07-14 05:47:09,417] INFO [Partition __consumer_offsets-29 broker=2] Log loaded for partition __consumer_offsets-29 with initial high watermark 0 (kafka.cluster.Partition)
[2026-07-14 05:47:09,419] INFO [LogLoader partition=__consumer_offsets-27, dir=/tmp/kafka-logs] Loading producer state till offset 0 (org.apache.kafka.storage.internals.log.UnifiedLog)
[2026-07-14 05:47:09,419] INFO Created log for partition __consumer_offsets-27 in /tmp/kafka-logs/__consumer_offsets-27 with properties {cleanup.policy=compact, compression.type="producer", segment.bytes=104857600} (kafka.log.LogManager)
[2026-07-14 05:47:09,419] INFO [Partition __consumer_offsets-27 broker=2] No checkpointed highwatermark is found for partition __consumer_offsets-27 (kafka.cluster.Partition)
[2026-07-14 05:47:09,419] INFO [Partition __consumer_offsets-27 broker=2] Log loaded for partition __consumer_offsets-27 with initial high watermark 0 (kafka.cluster.Partition)
[2026-07-14 05:47:09,422] INFO [LogLoader partition=__consumer_offsets-37, dir=/tmp/kafka-logs] Loading producer state till offset 0 (org.apache.kafka.storage.internals.log.UnifiedLog)
[2026-07-14 05:47:09,422] INFO Created log for partition __consumer_offsets-37 in /tmp/kafka-logs/__consumer_offsets-37 with properties {cleanup.policy=compact, compression.type="producer", segment.bytes=104857600} (kafka.log.LogManager)
[2026-07-14 05:47:09,422] INFO [Partition __consumer_offsets-37 broker=2] No checkpointed highwatermark is found for partition __consumer_offsets-37 (kafka.cluster.Partition)
[2026-07-14 05:47:09,422] INFO [Partition __consumer_offsets-37 broker=2] Log loaded for partition __consumer_offsets-37 with initial high watermark 0 (kafka.cluster.Partition)
[2026-07-14 05:47:09,426] INFO [LogLoader partition=__consumer_offsets-33, dir=/tmp/kafka-logs] Loading producer state till offset 0 (org.apache.kafka.storage.internals.log.UnifiedLog)
[2026-07-14 05:47:09,426] INFO Created log for partition __consumer_offsets-33 in /tmp/kafka-logs/__consumer_offsets-33 with properties {cleanup.policy=compact, compression.type="producer", segment.bytes=104857600} (kafka.log.LogManager)
[2026-07-14 05:47:09,426] INFO [Partition __consumer_offsets-33 broker=2] No checkpointed highwatermark is found for partition __consumer_offsets-33 (kafka.cluster.Partition)
[2026-07-14 05:47:09,426] INFO [Partition __consumer_offsets-33 broker=2] Log loaded for partition __consumer_offsets-33 with initial high watermark 0 (kafka.cluster.Partition)
[2026-07-14 05:47:09,430] INFO [LogLoader partition=__consumer_offsets-2, dir=/tmp/kafka-logs] Loading producer state till offset 0 (org.apache.kafka.storage.internals.log.UnifiedLog)
[2026-07-14 05:47:09,430] INFO Created log for partition __consumer_offsets-2 in /tmp/kafka-logs/__consumer_offsets-2 with properties {cleanup.policy=compact, compression.type="producer", segment.bytes=104857600} (kafka.log.LogManager)
[2026-07-14 05:47:09,430] INFO [Partition __consumer_offsets-2 broker=2] No checkpointed highwatermark is found for partition __consumer_offsets-2 (kafka.cluster.Partition)
[2026-07-14 05:47:09,430] INFO [Partition __consumer_offsets-2 broker=2] Log loaded for partition __consumer_offsets-2 with initial high watermark 0 (kafka.cluster.Partition)
[2026-07-14 05:47:09,433] INFO [LogLoader partition=__consumer_offsets-15, dir=/tmp/kafka-logs] Loading producer state till offset 0 (org.apache.kafka.storage.internals.log.UnifiedLog)
[2026-07-14 05:47:09,433] INFO Created log for partition __consumer_offsets-15 in /tmp/kafka-logs/__consumer_offsets-15 with properties {cleanup.policy=compact, compression.type="producer", segment.bytes=104857600} (kafka.log.LogManager)
[2026-07-14 05:47:09,433] INFO [Partition __consumer_offsets-15 broker=2] No checkpointed highwatermark is found for partition __consumer_offsets-15 (kafka.cluster.Partition)
[2026-07-14 05:47:09,433] INFO [Partition __consumer_offsets-15 broker=2] Log loaded for partition __consumer_offsets-15 with initial high watermark 0 (kafka.cluster.Partition)
[2026-07-14 05:47:09,434] INFO [LogLoader partition=__consumer_offsets-48, dir=/tmp/kafka-logs] Loading producer state till offset 0 (org.apache.kafka.storage.internals.log.UnifiedLog)
[2026-07-14 05:47:09,434] INFO Created log for partition __consumer_offsets-48 in /tmp/kafka-logs/__consumer_offsets-48 with properties {cleanup.policy=compact, compression.type="producer", segment.bytes=104857600} (kafka.log.LogManager)
[2026-07-14 05:47:09,434] INFO [Partition __consumer_offsets-48 broker=2] No checkpointed highwatermark is found for partition __consumer_offsets-48 (kafka.cluster.Partition)
[2026-07-14 05:47:09,434] INFO [Partition __consumer_offsets-48 broker=2] Log loaded for partition __consumer_offsets-48 with initial high watermark 0 (kafka.cluster.Partition)
[2026-07-14 05:47:09,435] INFO [LogLoader partition=__consumer_offsets-46, dir=/tmp/kafka-logs] Loading producer state till offset 0 (org.apache.kafka.storage.internals.log.UnifiedLog)
[2026-07-14 05:47:09,435] INFO Created log for partition __consumer_offsets-46 in /tmp/kafka-logs/__consumer_offsets-46 with properties {cleanup.policy=compact, compression.type="producer", segment.bytes=104857600} (kafka.log.LogManager)
[2026-07-14 05:47:09,435] INFO [Partition __consumer_offsets-46 broker=2] No checkpointed highwatermark is found for partition __consumer_offsets-46 (kafka.cluster.Partition)
[2026-07-14 05:47:09,435] INFO [Partition __consumer_offsets-46 broker=2] Log loaded for partition __consumer_offsets-46 with initial high watermark 0 (kafka.cluster.Partition)
[2026-07-14 05:47:09,437] INFO [LogLoader partition=__consumer_offsets-44, dir=/tmp/kafka-logs] Loading producer state till offset 0 (org.apache.kafka.storage.internals.log.UnifiedLog)
[2026-07-14 05:47:09,437] INFO Created log for partition __consumer_offsets-44 in /tmp/kafka-logs/__consumer_offsets-44 with properties {cleanup.policy=compact, compression.type="producer", segment.bytes=104857600} (kafka.log.LogManager)
[2026-07-14 05:47:09,437] INFO [Partition __consumer_offsets-44 broker=2] No checkpointed highwatermark is found for partition __consumer_offsets-44 (kafka.cluster.Partition)
[2026-07-14 05:47:09,437] INFO [Partition __consumer_offsets-44 broker=2] Log loaded for partition __consumer_offsets-44 with initial high watermark 0 (kafka.cluster.Partition)
[2026-07-14 05:47:09,438] INFO [LogLoader partition=__consumer_offsets-23, dir=/tmp/kafka-logs] Loading producer state till offset 0 (org.apache.kafka.storage.internals.log.UnifiedLog)
[2026-07-14 05:47:09,438] INFO Created log for partition __consumer_offsets-23 in /tmp/kafka-logs/__consumer_offsets-23 with properties {cleanup.policy=compact, compression.type="producer", segment.bytes=104857600} (kafka.log.LogManager)
[2026-07-14 05:47:09,439] INFO [Partition __consumer_offsets-23 broker=2] No checkpointed highwatermark is found for partition __consumer_offsets-23 (kafka.cluster.Partition)
[2026-07-14 05:47:09,439] INFO [Partition __consumer_offsets-23 broker=2] Log loaded for partition __consumer_offsets-23 with initial high watermark 0 (kafka.cluster.Partition)
[2026-07-14 05:47:09,440] INFO [LogLoader partition=__consumer_offsets-32, dir=/tmp/kafka-logs] Loading producer state till offset 0 (org.apache.kafka.storage.internals.log.UnifiedLog)
[2026-07-14 05:47:09,440] INFO Created log for partition __consumer_offsets-32 in /tmp/kafka-logs/__consumer_offsets-32 with properties {cleanup.policy=compact, compression.type="producer", segment.bytes=104857600} (kafka.log.LogManager)
[2026-07-14 05:47:09,440] INFO [Partition __consumer_offsets-32 broker=2] No checkpointed highwatermark is found for partition __consumer_offsets-32 (kafka.cluster.Partition)
[2026-07-14 05:47:09,440] INFO [Partition __consumer_offsets-32 broker=2] Log loaded for partition __consumer_offsets-32 with initial high watermark 0 (kafka.cluster.Partition)
[2026-07-14 05:47:09,442] INFO [LogLoader partition=__consumer_offsets-30, dir=/tmp/kafka-logs] Loading producer state till offset 0 (org.apache.kafka.storage.internals.log.UnifiedLog)
[2026-07-14 05:47:09,442] INFO Created log for partition __consumer_offsets-30 in /tmp/kafka-logs/__consumer_offsets-30 with properties {cleanup.policy=compact, compression.type="producer", segment.bytes=104857600} (kafka.log.LogManager)
[2026-07-14 05:47:09,442] INFO [Partition __consumer_offsets-30 broker=2] No checkpointed highwatermark is found for partition __consumer_offsets-30 (kafka.cluster.Partition)
[2026-07-14 05:47:09,442] INFO [Partition __consumer_offsets-30 broker=2] Log loaded for partition __consumer_offsets-30 with initial high watermark 0 (kafka.cluster.Partition)
[2026-07-14 05:47:09,444] INFO [LogLoader partition=__consumer_offsets-28, dir=/tmp/kafka-logs] Loading producer state till offset 0 (org.apache.kafka.storage.internals.log.UnifiedLog)
[2026-07-14 05:47:09,444] INFO Created log for partition __consumer_offsets-28 in /tmp/kafka-logs/__consumer_offsets-28 with properties {cleanup.policy=compact, compression.type="producer", segment.bytes=104857600} (kafka.log.LogManager)
[2026-07-14 05:47:09,444] INFO [Partition __consumer_offsets-28 broker=2] No checkpointed highwatermark is found for partition __consumer_offsets-28 (kafka.cluster.Partition)
[2026-07-14 05:47:09,444] INFO [Partition __consumer_offsets-28 broker=2] Log loaded for partition __consumer_offsets-28 with initial high watermark 0 (kafka.cluster.Partition)
[2026-07-14 05:47:09,445] INFO [LogLoader partition=__consumer_offsets-26, dir=/tmp/kafka-logs] Loading producer state till offset 0 (org.apache.kafka.storage.internals.log.UnifiedLog)
[2026-07-14 05:47:09,445] INFO Created log for partition __consumer_offsets-26 in /tmp/kafka-logs/__consumer_offsets-26 with properties {cleanup.policy=compact, compression.type="producer", segment.bytes=104857600} (kafka.log.LogManager)
[2026-07-14 05:47:09,446] INFO [Partition __consumer_offsets-26 broker=2] No checkpointed highwatermark is found for partition __consumer_offsets-26 (kafka.cluster.Partition)
[2026-07-14 05:47:09,446] INFO [Partition __consumer_offsets-26 broker=2] Log loaded for partition __consumer_offsets-26 with initial high watermark 0 (kafka.cluster.Partition)
[2026-07-14 05:47:09,447] INFO [LogLoader partition=__consumer_offsets-3, dir=/tmp/kafka-logs] Loading producer state till offset 0 (org.apache.kafka.storage.internals.log.UnifiedLog)
[2026-07-14 05:47:09,447] INFO Created log for partition __consumer_offsets-3 in /tmp/kafka-logs/__consumer_offsets-3 with properties {cleanup.policy=compact, compression.type="producer", segment.bytes=104857600} (kafka.log.LogManager)
[2026-07-14 05:47:09,447] INFO [Partition __consumer_offsets-3 broker=2] No checkpointed highwatermark is found for partition __consumer_offsets-3 (kafka.cluster.Partition)
[2026-07-14 05:47:09,447] INFO [Partition __consumer_offsets-3 broker=2] Log loaded for partition __consumer_offsets-3 with initial high watermark 0 (kafka.cluster.Partition)
[2026-07-14 05:47:09,448] INFO [LogLoader partition=__consumer_offsets-36, dir=/tmp/kafka-logs] Loading producer state till offset 0 (org.apache.kafka.storage.internals.log.UnifiedLog)
[2026-07-14 05:47:09,448] INFO Created log for partition __consumer_offsets-36 in /tmp/kafka-logs/__consumer_offsets-36 with properties {cleanup.policy=compact, compression.type="producer", segment.bytes=104857600} (kafka.log.LogManager)
[2026-07-14 05:47:09,448] INFO [Partition __consumer_offsets-36 broker=2] No checkpointed highwatermark is found for partition __consumer_offsets-36 (kafka.cluster.Partition)
[2026-07-14 05:47:09,448] INFO [Partition __consumer_offsets-36 broker=2] Log loaded for partition __consumer_offsets-36 with initial high watermark 0 (kafka.cluster.Partition)
[2026-07-14 05:47:09,450] INFO [LogLoader partition=__consumer_offsets-1, dir=/tmp/kafka-logs] Loading producer state till offset 0 (org.apache.kafka.storage.internals.log.UnifiedLog)
[2026-07-14 05:47:09,450] INFO Created log for partition __consumer_offsets-1 in /tmp/kafka-logs/__consumer_offsets-1 with properties {cleanup.policy=compact, compression.type="producer", segment.bytes=104857600} (kafka.log.LogManager)
[2026-07-14 05:47:09,450] INFO [Partition __consumer_offsets-1 broker=2] No checkpointed highwatermark is found for partition __consumer_offsets-1 (kafka.cluster.Partition)
[2026-07-14 05:47:09,450] INFO [Partition __consumer_offsets-1 broker=2] Log loaded for partition __consumer_offsets-1 with initial high watermark 0 (kafka.cluster.Partition)
[2026-07-14 05:47:09,451] INFO [LogLoader partition=__consumer_offsets-16, dir=/tmp/kafka-logs] Loading producer state till offset 0 (org.apache.kafka.storage.internals.log.UnifiedLog)
[2026-07-14 05:47:09,451] INFO Created log for partition __consumer_offsets-16 in /tmp/kafka-logs/__consumer_offsets-16 with properties {cleanup.policy=compact, compression.type="producer", segment.bytes=104857600} (kafka.log.LogManager)
[2026-07-14 05:47:09,451] INFO [Partition __consumer_offsets-16 broker=2] No checkpointed highwatermark is found for partition __consumer_offsets-16 (kafka.cluster.Partition)
[2026-07-14 05:47:09,451] INFO [Partition __consumer_offsets-16 broker=2] Log loaded for partition __consumer_offsets-16 with initial high watermark 0 (kafka.cluster.Partition)
[2026-07-14 05:47:09,452] INFO [LogLoader partition=__consumer_offsets-43, dir=/tmp/kafka-logs] Loading producer state till offset 0 (org.apache.kafka.storage.internals.log.UnifiedLog)
[2026-07-14 05:47:09,452] INFO Created log for partition __consumer_offsets-43 in /tmp/kafka-logs/__consumer_offsets-43 with properties {cleanup.policy=compact, compression.type="producer", segment.bytes=104857600} (kafka.log.LogManager)
[2026-07-14 05:47:09,452] INFO [Partition __consumer_offsets-43 broker=2] No checkpointed highwatermark is found for partition __consumer_offsets-43 (kafka.cluster.Partition)
[2026-07-14 05:47:09,452] INFO [Partition __consumer_offsets-43 broker=2] Log loaded for partition __consumer_offsets-43 with initial high watermark 0 (kafka.cluster.Partition)
[2026-07-14 05:47:09,454] INFO [LogLoader partition=__consumer_offsets-12, dir=/tmp/kafka-logs] Loading producer state till offset 0 (org.apache.kafka.storage.internals.log.UnifiedLog)
[2026-07-14 05:47:09,454] INFO Created log for partition __consumer_offsets-12 in /tmp/kafka-logs/__consumer_offsets-12 with properties {cleanup.policy=compact, compression.type="producer", segment.bytes=104857600} (kafka.log.LogManager)
[2026-07-14 05:47:09,454] INFO [Partition __consumer_offsets-12 broker=2] No checkpointed highwatermark is found for partition __consumer_offsets-12 (kafka.cluster.Partition)
[2026-07-14 05:47:09,454] INFO [Partition __consumer_offsets-12 broker=2] Log loaded for partition __consumer_offsets-12 with initial high watermark 0 (kafka.cluster.Partition)
[2026-07-14 05:47:09,455] INFO [LogLoader partition=__consumer_offsets-41, dir=/tmp/kafka-logs] Loading producer state till offset 0 (org.apache.kafka.storage.internals.log.UnifiedLog)
[2026-07-14 05:47:09,456] INFO Created log for partition __consumer_offsets-41 in /tmp/kafka-logs/__consumer_offsets-41 with properties {cleanup.policy=compact, compression.type="producer", segment.bytes=104857600} (kafka.log.LogManager)
[2026-07-14 05:47:09,456] INFO [Partition __consumer_offsets-41 broker=2] No checkpointed highwatermark is found for partition __consumer_offsets-41 (kafka.cluster.Partition)
[2026-07-14 05:47:09,456] INFO [Partition __consumer_offsets-41 broker=2] Log loaded for partition __consumer_offsets-41 with initial high watermark 0 (kafka.cluster.Partition)
[2026-07-14 05:47:09,457] INFO [LogLoader partition=__consumer_offsets-10, dir=/tmp/kafka-logs] Loading producer state till offset 0 (org.apache.kafka.storage.internals.log.UnifiedLog)
[2026-07-14 05:47:09,457] INFO Created log for partition __consumer_offsets-10 in /tmp/kafka-logs/__consumer_offsets-10 with properties {cleanup.policy=compact, compression.type="producer", segment.bytes=104857600} (kafka.log.LogManager)
[2026-07-14 05:47:09,457] INFO [Partition __consumer_offsets-10 broker=2] No checkpointed highwatermark is found for partition __consumer_offsets-10 (kafka.cluster.Partition)
[2026-07-14 05:47:09,457] INFO [Partition __consumer_offsets-10 broker=2] Log loaded for partition __consumer_offsets-10 with initial high watermark 0 (kafka.cluster.Partition)
[2026-07-14 05:47:09,458] INFO [LogLoader partition=__consumer_offsets-20, dir=/tmp/kafka-logs] Loading producer state till offset 0 (org.apache.kafka.storage.internals.log.UnifiedLog)
[2026-07-14 05:47:09,459] INFO Created log for partition __consumer_offsets-20 in /tmp/kafka-logs/__consumer_offsets-20 with properties {cleanup.policy=compact, compression.type="producer", segment.bytes=104857600} (kafka.log.LogManager)
[2026-07-14 05:47:09,459] INFO [Partition __consumer_offsets-20 broker=2] No checkpointed highwatermark is found for partition __consumer_offsets-20 (kafka.cluster.Partition)
[2026-07-14 05:47:09,459] INFO [Partition __consumer_offsets-20 broker=2] Log loaded for partition __consumer_offsets-20 with initial high watermark 0 (kafka.cluster.Partition)
[2026-07-14 05:47:09,460] INFO [LogLoader partition=__consumer_offsets-18, dir=/tmp/kafka-logs] Loading producer state till offset 0 (org.apache.kafka.storage.internals.log.UnifiedLog)
[2026-07-14 05:47:09,461] INFO Created log for partition __consumer_offsets-18 in /tmp/kafka-logs/__consumer_offsets-18 with properties {cleanup.policy=compact, compression.type="producer", segment.bytes=104857600} (kafka.log.LogManager)
[2026-07-14 05:47:09,461] INFO [Partition __consumer_offsets-18 broker=2] No checkpointed highwatermark is found for partition __consumer_offsets-18 (kafka.cluster.Partition)
[2026-07-14 05:47:09,461] INFO [Partition __consumer_offsets-18 broker=2] Log loaded for partition __consumer_offsets-18 with initial high watermark 0 (kafka.cluster.Partition)
[2026-07-14 05:47:09,462] INFO [LogLoader partition=__consumer_offsets-25, dir=/tmp/kafka-logs] Loading producer state till offset 0 (org.apache.kafka.storage.internals.log.UnifiedLog)
[2026-07-14 05:47:09,463] INFO Created log for partition __consumer_offsets-25 in /tmp/kafka-logs/__consumer_offsets-25 with properties {cleanup.policy=compact, compression.type="producer", segment.bytes=104857600} (kafka.log.LogManager)
[2026-07-14 05:47:09,463] INFO [Partition __consumer_offsets-25 broker=2] No checkpointed highwatermark is found for partition __consumer_offsets-25 (kafka.cluster.Partition)
[2026-07-14 05:47:09,463] INFO [Partition __consumer_offsets-25 broker=2] Log loaded for partition __consumer_offsets-25 with initial high watermark 0 (kafka.cluster.Partition)
[2026-07-14 05:47:09,465] INFO [LogLoader partition=__consumer_offsets-39, dir=/tmp/kafka-logs] Loading producer state till offset 0 (org.apache.kafka.storage.internals.log.UnifiedLog)
[2026-07-14 05:47:09,465] INFO Created log for partition __consumer_offsets-39 in /tmp/kafka-logs/__consumer_offsets-39 with properties {cleanup.policy=compact, compression.type="producer", segment.bytes=104857600} (kafka.log.LogManager)
[2026-07-14 05:47:09,465] INFO [Partition __consumer_offsets-39 broker=2] No checkpointed highwatermark is found for partition __consumer_offsets-39 (kafka.cluster.Partition)
[2026-07-14 05:47:09,465] INFO [Partition __consumer_offsets-39 broker=2] Log loaded for partition __consumer_offsets-39 with initial high watermark 0 (kafka.cluster.Partition)
[2026-07-14 05:47:09,467] INFO [LogLoader partition=__consumer_offsets-8, dir=/tmp/kafka-logs] Loading producer state till offset 0 (org.apache.kafka.storage.internals.log.UnifiedLog)
[2026-07-14 05:47:09,467] INFO Created log for partition __consumer_offsets-8 in /tmp/kafka-logs/__consumer_offsets-8 with properties {cleanup.policy=compact, compression.type="producer", segment.bytes=104857600} (kafka.log.LogManager)
[2026-07-14 05:47:09,468] INFO [Partition __consumer_offsets-8 broker=2] No checkpointed highwatermark is found for partition __consumer_offsets-8 (kafka.cluster.Partition)
[2026-07-14 05:47:09,468] INFO [Partition __consumer_offsets-8 broker=2] Log loaded for partition __consumer_offsets-8 with initial high watermark 0 (kafka.cluster.Partition)
[2026-07-14 05:47:09,471] INFO [LogLoader partition=__consumer_offsets-6, dir=/tmp/kafka-logs] Loading producer state till offset 0 (org.apache.kafka.storage.internals.log.UnifiedLog)
[2026-07-14 05:47:09,471] INFO Created log for partition __consumer_offsets-6 in /tmp/kafka-logs/__consumer_offsets-6 with properties {cleanup.policy=compact, compression.type="producer", segment.bytes=104857600} (kafka.log.LogManager)
[2026-07-14 05:47:09,472] INFO [Partition __consumer_offsets-6 broker=2] No checkpointed highwatermark is found for partition __consumer_offsets-6 (kafka.cluster.Partition)
[2026-07-14 05:47:09,472] INFO [Partition __consumer_offsets-6 broker=2] Log loaded for partition __consumer_offsets-6 with initial high watermark 0 (kafka.cluster.Partition)
[2026-07-14 05:47:09,473] INFO [LogLoader partition=__consumer_offsets-35, dir=/tmp/kafka-logs] Loading producer state till offset 0 (org.apache.kafka.storage.internals.log.UnifiedLog)
[2026-07-14 05:47:09,473] INFO Created log for partition __consumer_offsets-35 in /tmp/kafka-logs/__consumer_offsets-35 with properties {cleanup.policy=compact, compression.type="producer", segment.bytes=104857600} (kafka.log.LogManager)
[2026-07-14 05:47:09,473] INFO [Partition __consumer_offsets-35 broker=2] No checkpointed highwatermark is found for partition __consumer_offsets-35 (kafka.cluster.Partition)
[2026-07-14 05:47:09,473] INFO [Partition __consumer_offsets-35 broker=2] Log loaded for partition __consumer_offsets-35 with initial high watermark 0 (kafka.cluster.Partition)
[2026-07-14 05:47:09,475] INFO [LogLoader partition=__consumer_offsets-4, dir=/tmp/kafka-logs] Loading producer state till offset 0 (org.apache.kafka.storage.internals.log.UnifiedLog)
[2026-07-14 05:47:09,475] INFO Created log for partition __consumer_offsets-4 in /tmp/kafka-logs/__consumer_offsets-4 with properties {cleanup.policy=compact, compression.type="producer", segment.bytes=104857600} (kafka.log.LogManager)
[2026-07-14 05:47:09,475] INFO [Partition __consumer_offsets-4 broker=2] No checkpointed highwatermark is found for partition __consumer_offsets-4 (kafka.cluster.Partition)
[2026-07-14 05:47:09,475] INFO [Partition __consumer_offsets-4 broker=2] Log loaded for partition __consumer_offsets-4 with initial high watermark 0 (kafka.cluster.Partition)
[2026-07-14 05:47:09,475] INFO [ReplicaFetcherManager on broker 2] Removed fetcher for partitions Set(__consumer_offsets-15, __consumer_offsets-48, __consumer_offsets-46, __consumer_offsets-44, __consumer_offsets-23, __consumer_offsets-32, __consumer_offsets-30, __consumer_offsets-28, __consumer_offsets-26, __consumer_offsets-3, __consumer_offsets-36, __consumer_offsets-1, __consumer_offsets-16, __consumer_offsets-43, __consumer_offsets-12, __consumer_offsets-41, __consumer_offsets-10, __consumer_offsets-20, __consumer_offsets-18, __consumer_offsets-25, __consumer_offsets-39, __consumer_offsets-8, __consumer_offsets-6, __consumer_offsets-35, __consumer_offsets-4) (kafka.server.ReplicaFetcherManager)
[2026-07-14 05:47:09,476] INFO [ReplicaFetcherManager on broker 2] Added fetcher to broker 3 for partitions HashMap(__consumer_offsets-15 -> InitialFetchState(Some(x7IlmQ_pThmkEkoMYCHSCg),BrokerEndPoint(id=3, host=base002-kafka-21908-3:19092),0,0), __consumer_offsets-48 -> InitialFetchState(Some(x7IlmQ_pThmkEkoMYCHSCg),BrokerEndPoint(id=3, host=base002-kafka-21908-3:19092),0,0), __consumer_offsets-46 -> InitialFetchState(Some(x7IlmQ_pThmkEkoMYCHSCg),BrokerEndPoint(id=3, host=base002-kafka-21908-3:19092),0,0), __consumer_offsets-44 -> InitialFetchState(Some(x7IlmQ_pThmkEkoMYCHSCg),BrokerEndPoint(id=3, host=base002-kafka-21908-3:19092),0,0), __consumer_offsets-23 -> InitialFetchState(Some(x7IlmQ_pThmkEkoMYCHSCg),BrokerEndPoint(id=3, host=base002-kafka-21908-3:19092),0,0), __consumer_offsets-32 -> InitialFetchState(Some(x7IlmQ_pThmkEkoMYCHSCg),BrokerEndPoint(id=3, host=base002-kafka-21908-3:19092),0,0), __consumer_offsets-30 -> InitialFetchState(Some(x7IlmQ_pThmkEkoMYCHSCg),BrokerEndPoint(id=3, host=base002-kafka-21908-3:19092),0,0), __consumer_offsets-28 -> InitialFetchState(Some(x7IlmQ_pThmkEkoMYCHSCg),BrokerEndPoint(id=3, host=base002-kafka-21908-3:19092),0,0), __consumer_offsets-26 -> InitialFetchState(Some(x7IlmQ_pThmkEkoMYCHSCg),BrokerEndPoint(id=3, host=base002-kafka-21908-3:19092),0,0), __consumer_offsets-3 -> InitialFetchState(Some(x7IlmQ_pThmkEkoMYCHSCg),BrokerEndPoint(id=3, host=base002-kafka-21908-3:19092),0,0), __consumer_offsets-36 -> InitialFetchState(Some(x7IlmQ_pThmkEkoMYCHSCg),BrokerEndPoint(id=3, host=base002-kafka-21908-3:19092),0,0), __consumer_offsets-1 -> InitialFetchState(Some(x7IlmQ_pThmkEkoMYCHSCg),BrokerEndPoint(id=3, host=base002-kafka-21908-3:19092),0,0), __consumer_offsets-16 -> InitialFetchState(Some(x7IlmQ_pThmkEkoMYCHSCg),BrokerEndPoint(id=3, host=base002-kafka-21908-3:19092),0,0), __consumer_offsets-43 -> InitialFetchState(Some(x7IlmQ_pThmkEkoMYCHSCg),BrokerEndPoint(id=3, host=base002-kafka-21908-3:19092),0,0), __consumer_offsets-12 -> InitialFetchState(Some(x7IlmQ_pThmkEkoMYCHSCg),BrokerEndPoint(id=3, host=base002-kafka-21908-3:19092),0,0), __consumer_offsets-41 -> InitialFetchState(Some(x7IlmQ_pThmkEkoMYCHSCg),BrokerEndPoint(id=3, host=base002-kafka-21908-3:19092),0,0), __consumer_offsets-10 -> InitialFetchState(Some(x7IlmQ_pThmkEkoMYCHSCg),BrokerEndPoint(id=3, host=base002-kafka-21908-3:19092),0,0), __consumer_offsets-20 -> InitialFetchState(Some(x7IlmQ_pThmkEkoMYCHSCg),BrokerEndPoint(id=3, host=base002-kafka-21908-3:19092),0,0), __consumer_offsets-18 -> InitialFetchState(Some(x7IlmQ_pThmkEkoMYCHSCg),BrokerEndPoint(id=3, host=base002-kafka-21908-3:19092),0,0), __consumer_offsets-25 -> InitialFetchState(Some(x7IlmQ_pThmkEkoMYCHSCg),BrokerEndPoint(id=3, host=base002-kafka-21908-3:19092),0,0), __consumer_offsets-39 -> InitialFetchState(Some(x7IlmQ_pThmkEkoMYCHSCg),BrokerEndPoint(id=3, host=base002-kafka-21908-3:19092),0,0), __consumer_offsets-8 -> InitialFetchState(Some(x7IlmQ_pThmkEkoMYCHSCg),BrokerEndPoint(id=3, host=base002-kafka-21908-3:19092),0,0), __consumer_offsets-6 -> InitialFetchState(Some(x7IlmQ_pThmkEkoMYCHSCg),BrokerEndPoint(id=3, host=base002-kafka-21908-3:19092),0,0), __consumer_offsets-35 -> InitialFetchState(Some(x7IlmQ_pThmkEkoMYCHSCg),BrokerEndPoint(id=3, host=base002-kafka-21908-3:19092),0,0), __consumer_offsets-4 -> InitialFetchState(Some(x7IlmQ_pThmkEkoMYCHSCg),BrokerEndPoint(id=3, host=base002-kafka-21908-3:19092),0,0)) (kafka.server.ReplicaFetcherManager)
[2026-07-14 05:47:09,477] INFO [GroupCoordinator id=2] Scheduling loading of metadata from __consumer_offsets-13 with epoch 0 (org.apache.kafka.coordinator.common.runtime.CoordinatorRuntime)
[2026-07-14 05:47:09,480] INFO [GroupCoordinator id=2] Scheduling loading of metadata from __consumer_offsets-11 with epoch 0 (org.apache.kafka.coordinator.common.runtime.CoordinatorRuntime)
[2026-07-14 05:47:09,480] INFO [GroupCoordinator id=2] Scheduling loading of metadata from __consumer_offsets-9 with epoch 0 (org.apache.kafka.coordinator.common.runtime.CoordinatorRuntime)
[2026-07-14 05:47:09,480] INFO [GroupCoordinator id=2] Scheduling loading of metadata from __consumer_offsets-42 with epoch 0 (org.apache.kafka.coordinator.common.runtime.CoordinatorRuntime)
[2026-07-14 05:47:09,480] INFO [GroupCoordinator id=2] Scheduling loading of metadata from __consumer_offsets-21 with epoch 0 (org.apache.kafka.coordinator.common.runtime.CoordinatorRuntime)
[2026-07-14 05:47:09,480] INFO [GroupCoordinator id=2] Scheduling loading of metadata from __consumer_offsets-19 with epoch 0 (org.apache.kafka.coordinator.common.runtime.CoordinatorRuntime)
[2026-07-14 05:47:09,481] INFO [GroupCoordinator id=2] Scheduling loading of metadata from __consumer_offsets-17 with epoch 0 (org.apache.kafka.coordinator.common.runtime.CoordinatorRuntime)
[2026-07-14 05:47:09,481] INFO [GroupCoordinator id=2] Scheduling loading of metadata from __consumer_offsets-7 with epoch 0 (org.apache.kafka.coordinator.common.runtime.CoordinatorRuntime)
[2026-07-14 05:47:09,481] INFO [GroupCoordinator id=2] Scheduling loading of metadata from __consumer_offsets-40 with epoch 0 (org.apache.kafka.coordinator.common.runtime.CoordinatorRuntime)
[2026-07-14 05:47:09,481] INFO [GroupCoordinator id=2] Scheduling loading of metadata from __consumer_offsets-5 with epoch 0 (org.apache.kafka.coordinator.common.runtime.CoordinatorRuntime)
[2026-07-14 05:47:09,481] INFO [GroupCoordinator id=2] Scheduling loading of metadata from __consumer_offsets-38 with epoch 0 (org.apache.kafka.coordinator.common.runtime.CoordinatorRuntime)
[2026-07-14 05:47:09,481] INFO [GroupCoordinator id=2] Scheduling loading of metadata from __consumer_offsets-34 with epoch 0 (org.apache.kafka.coordinator.common.runtime.CoordinatorRuntime)
[2026-07-14 05:47:09,481] INFO [GroupCoordinator id=2] Scheduling loading of metadata from __consumer_offsets-47 with epoch 0 (org.apache.kafka.coordinator.common.runtime.CoordinatorRuntime)
[2026-07-14 05:47:09,481] INFO [GroupCoordinator id=2] Scheduling loading of metadata from __consumer_offsets-45 with epoch 0 (org.apache.kafka.coordinator.common.runtime.CoordinatorRuntime)
[2026-07-14 05:47:09,482] INFO [GroupCoordinator id=2] Scheduling loading of metadata from __consumer_offsets-14 with epoch 0 (org.apache.kafka.coordinator.common.runtime.CoordinatorRuntime)
[2026-07-14 05:47:09,482] INFO [GroupCoordinator id=2] Scheduling loading of metadata from __consumer_offsets-24 with epoch 0 (org.apache.kafka.coordinator.common.runtime.CoordinatorRuntime)
[2026-07-14 05:47:09,482] INFO [GroupCoordinator id=2] Scheduling loading of metadata from __consumer_offsets-22 with epoch 0 (org.apache.kafka.coordinator.common.runtime.CoordinatorRuntime)
[2026-07-14 05:47:09,482] INFO [GroupCoordinator id=2] Scheduling loading of metadata from __consumer_offsets-49 with epoch 0 (org.apache.kafka.coordinator.common.runtime.CoordinatorRuntime)
[2026-07-14 05:47:09,482] INFO [GroupCoordinator id=2] Scheduling loading of metadata from __consumer_offsets-31 with epoch 0 (org.apache.kafka.coordinator.common.runtime.CoordinatorRuntime)
[2026-07-14 05:47:09,482] INFO [GroupCoordinator id=2] Scheduling loading of metadata from __consumer_offsets-0 with epoch 0 (org.apache.kafka.coordinator.common.runtime.CoordinatorRuntime)
[2026-07-14 05:47:09,482] INFO [GroupCoordinator id=2] Scheduling loading of metadata from __consumer_offsets-29 with epoch 0 (org.apache.kafka.coordinator.common.runtime.CoordinatorRuntime)
[2026-07-14 05:47:09,482] INFO [GroupCoordinator id=2] Scheduling loading of metadata from __consumer_offsets-27 with epoch 0 (org.apache.kafka.coordinator.common.runtime.CoordinatorRuntime)
[2026-07-14 05:47:09,482] INFO [GroupCoordinator id=2] Scheduling loading of metadata from __consumer_offsets-37 with epoch 0 (org.apache.kafka.coordinator.common.runtime.CoordinatorRuntime)
[2026-07-14 05:47:09,483] INFO [GroupCoordinator id=2] Scheduling loading of metadata from __consumer_offsets-33 with epoch 0 (org.apache.kafka.coordinator.common.runtime.CoordinatorRuntime)
[2026-07-14 05:47:09,483] INFO [GroupCoordinator id=2] Scheduling loading of metadata from __consumer_offsets-2 with epoch 0 (org.apache.kafka.coordinator.common.runtime.CoordinatorRuntime)
[2026-07-14 05:47:09,483] INFO [GroupCoordinator id=2] Scheduling unloading of metadata for __consumer_offsets-15 with epoch OptionalInt[0] (org.apache.kafka.coordinator.common.runtime.CoordinatorRuntime)
[2026-07-14 05:47:09,485] INFO [GroupCoordinator id=2] Scheduling unloading of metadata for __consumer_offsets-48 with epoch OptionalInt[0] (org.apache.kafka.coordinator.common.runtime.CoordinatorRuntime)
[2026-07-14 05:47:09,485] INFO [GroupCoordinator id=2] Scheduling unloading of metadata for __consumer_offsets-46 with epoch OptionalInt[0] (org.apache.kafka.coordinator.common.runtime.CoordinatorRuntime)
[2026-07-14 05:47:09,485] INFO [GroupCoordinator id=2] Scheduling unloading of metadata for __consumer_offsets-44 with epoch OptionalInt[0] (org.apache.kafka.coordinator.common.runtime.CoordinatorRuntime)
[2026-07-14 05:47:09,485] INFO [GroupCoordinator id=2] Scheduling unloading of metadata for __consumer_offsets-23 with epoch OptionalInt[0] (org.apache.kafka.coordinator.common.runtime.CoordinatorRuntime)
[2026-07-14 05:47:09,485] INFO [GroupCoordinator id=2] Scheduling unloading of metadata for __consumer_offsets-32 with epoch OptionalInt[0] (org.apache.kafka.coordinator.common.runtime.CoordinatorRuntime)
[2026-07-14 05:47:09,485] INFO [GroupCoordinator id=2] Scheduling unloading of metadata for __consumer_offsets-30 with epoch OptionalInt[0] (org.apache.kafka.coordinator.common.runtime.CoordinatorRuntime)
[2026-07-14 05:47:09,485] INFO [GroupCoordinator id=2] Scheduling unloading of metadata for __consumer_offsets-28 with epoch OptionalInt[0] (org.apache.kafka.coordinator.common.runtime.CoordinatorRuntime)
[2026-07-14 05:47:09,485] INFO [GroupCoordinator id=2] Scheduling unloading of metadata for __consumer_offsets-26 with epoch OptionalInt[0] (org.apache.kafka.coordinator.common.runtime.CoordinatorRuntime)
[2026-07-14 05:47:09,485] INFO [GroupCoordinator id=2] Scheduling unloading of metadata for __consumer_offsets-3 with epoch OptionalInt[0] (org.apache.kafka.coordinator.common.runtime.CoordinatorRuntime)
[2026-07-14 05:47:09,486] INFO [GroupCoordinator id=2] Scheduling unloading of metadata for __consumer_offsets-36 with epoch OptionalInt[0] (org.apache.kafka.coordinator.common.runtime.CoordinatorRuntime)
[2026-07-14 05:47:09,486] INFO [GroupCoordinator id=2] Scheduling unloading of metadata for __consumer_offsets-1 with epoch OptionalInt[0] (org.apache.kafka.coordinator.common.runtime.CoordinatorRuntime)
[2026-07-14 05:47:09,486] INFO [GroupCoordinator id=2] Scheduling unloading of metadata for __consumer_offsets-16 with epoch OptionalInt[0] (org.apache.kafka.coordinator.common.runtime.CoordinatorRuntime)
[2026-07-14 05:47:09,486] INFO [GroupCoordinator id=2] Scheduling unloading of metadata for __consumer_offsets-43 with epoch OptionalInt[0] (org.apache.kafka.coordinator.common.runtime.CoordinatorRuntime)
[2026-07-14 05:47:09,486] INFO [GroupCoordinator id=2] Scheduling unloading of metadata for __consumer_offsets-12 with epoch OptionalInt[0] (org.apache.kafka.coordinator.common.runtime.CoordinatorRuntime)
[2026-07-14 05:47:09,486] INFO [GroupCoordinator id=2] Scheduling unloading of metadata for __consumer_offsets-41 with epoch OptionalInt[0] (org.apache.kafka.coordinator.common.runtime.CoordinatorRuntime)
[2026-07-14 05:47:09,486] INFO [GroupCoordinator id=2] Scheduling unloading of metadata for __consumer_offsets-10 with epoch OptionalInt[0] (org.apache.kafka.coordinator.common.runtime.CoordinatorRuntime)
[2026-07-14 05:47:09,486] INFO [GroupCoordinator id=2] Scheduling unloading of metadata for __consumer_offsets-20 with epoch OptionalInt[0] (org.apache.kafka.coordinator.common.runtime.CoordinatorRuntime)
[2026-07-14 05:47:09,486] INFO [GroupCoordinator id=2] Scheduling unloading of metadata for __consumer_offsets-18 with epoch OptionalInt[0] (org.apache.kafka.coordinator.common.runtime.CoordinatorRuntime)
[2026-07-14 05:47:09,486] INFO [GroupCoordinator id=2] Scheduling unloading of metadata for __consumer_offsets-25 with epoch OptionalInt[0] (org.apache.kafka.coordinator.common.runtime.CoordinatorRuntime)
[2026-07-14 05:47:09,486] INFO [GroupCoordinator id=2] Scheduling unloading of metadata for __consumer_offsets-39 with epoch OptionalInt[0] (org.apache.kafka.coordinator.common.runtime.CoordinatorRuntime)
[2026-07-14 05:47:09,486] INFO [GroupCoordinator id=2] Scheduling unloading of metadata for __consumer_offsets-8 with epoch OptionalInt[0] (org.apache.kafka.coordinator.common.runtime.CoordinatorRuntime)
[2026-07-14 05:47:09,486] INFO [GroupCoordinator id=2] Scheduling unloading of metadata for __consumer_offsets-6 with epoch OptionalInt[0] (org.apache.kafka.coordinator.common.runtime.CoordinatorRuntime)
[2026-07-14 05:47:09,486] INFO [GroupCoordinator id=2] Scheduling unloading of metadata for __consumer_offsets-35 with epoch OptionalInt[0] (org.apache.kafka.coordinator.common.runtime.CoordinatorRuntime)
[2026-07-14 05:47:09,486] INFO [GroupCoordinator id=2] Scheduling unloading of metadata for __consumer_offsets-4 with epoch OptionalInt[0] (org.apache.kafka.coordinator.common.runtime.CoordinatorRuntime)
[2026-07-14 05:47:09,486] INFO [DynamicConfigPublisher broker id=2] Updating topic __consumer_offsets with new configuration : compression.type -> producer,cleanup.policy -> compact,segment.bytes -> 104857600 (kafka.server.metadata.DynamicConfigPublisher)
[2026-07-14 05:47:09,490] INFO [GroupCoordinator id=2] Ignored unloading metadata for __consumer_offsets-41 in epoch OptionalInt[0] since metadata was never loaded. (org.apache.kafka.coordinator.common.runtime.CoordinatorRuntime)
[2026-07-14 05:47:09,490] INFO [GroupCoordinator id=2] Ignored unloading metadata for __consumer_offsets-36 in epoch OptionalInt[0] since metadata was never loaded. (org.apache.kafka.coordinator.common.runtime.CoordinatorRuntime)
[2026-07-14 05:47:09,490] INFO [GroupCoordinator id=2] Ignored unloading metadata for __consumer_offsets-8 in epoch OptionalInt[0] since metadata was never loaded. (org.apache.kafka.coordinator.common.runtime.CoordinatorRuntime)
[2026-07-14 05:47:09,490] INFO [GroupCoordinator id=2] Ignored unloading metadata for __consumer_offsets-20 in epoch OptionalInt[0] since metadata was never loaded. (org.apache.kafka.coordinator.common.runtime.CoordinatorRuntime)
[2026-07-14 05:47:09,491] INFO [GroupCoordinator id=2] Ignored unloading metadata for __consumer_offsets-3 in epoch OptionalInt[0] since metadata was never loaded. (org.apache.kafka.coordinator.common.runtime.CoordinatorRuntime)
[2026-07-14 05:47:09,491] INFO [GroupCoordinator id=2] Ignored unloading metadata for __consumer_offsets-32 in epoch OptionalInt[0] since metadata was never loaded. (org.apache.kafka.coordinator.common.runtime.CoordinatorRuntime)
[2026-07-14 05:47:09,491] INFO [GroupCoordinator id=2] Ignored unloading metadata for __consumer_offsets-12 in epoch OptionalInt[0] since metadata was never loaded. (org.apache.kafka.coordinator.common.runtime.CoordinatorRuntime)
[2026-07-14 05:47:09,491] INFO [GroupCoordinator id=2] Ignored unloading metadata for __consumer_offsets-30 in epoch OptionalInt[0] since metadata was never loaded. (org.apache.kafka.coordinator.common.runtime.CoordinatorRuntime)
[2026-07-14 05:47:09,491] INFO [GroupCoordinator id=2] Ignored unloading metadata for __consumer_offsets-6 in epoch OptionalInt[0] since metadata was never loaded. (org.apache.kafka.coordinator.common.runtime.CoordinatorRuntime)
[2026-07-14 05:47:09,492] INFO [GroupCoordinator id=2] Ignored unloading metadata for __consumer_offsets-15 in epoch OptionalInt[0] since metadata was never loaded. (org.apache.kafka.coordinator.common.runtime.CoordinatorRuntime)
[2026-07-14 05:47:09,492] INFO [GroupCoordinator id=2] Ignored unloading metadata for __consumer_offsets-25 in epoch OptionalInt[0] since metadata was never loaded. (org.apache.kafka.coordinator.common.runtime.CoordinatorRuntime)
[2026-07-14 05:47:09,492] INFO [GroupCoordinator id=2] Ignored unloading metadata for __consumer_offsets-1 in epoch OptionalInt[0] since metadata was never loaded. (org.apache.kafka.coordinator.common.runtime.CoordinatorRuntime)
[2026-07-14 05:47:09,492] INFO [GroupCoordinator id=2] Ignored unloading metadata for __consumer_offsets-10 in epoch OptionalInt[0] since metadata was never loaded. (org.apache.kafka.coordinator.common.runtime.CoordinatorRuntime)
[2026-07-14 05:47:09,492] INFO [GroupCoordinator id=2] Ignored unloading metadata for __consumer_offsets-46 in epoch OptionalInt[0] since metadata was never loaded. (org.apache.kafka.coordinator.common.runtime.CoordinatorRuntime)
[2026-07-14 05:47:09,492] INFO [GroupCoordinator id=2] Ignored unloading metadata for __consumer_offsets-23 in epoch OptionalInt[0] since metadata was never loaded. (org.apache.kafka.coordinator.common.runtime.CoordinatorRuntime)
[2026-07-14 05:47:09,492] INFO [GroupCoordinator id=2] Ignored unloading metadata for __consumer_offsets-39 in epoch OptionalInt[0] since metadata was never loaded. (org.apache.kafka.coordinator.common.runtime.CoordinatorRuntime)
[2026-07-14 05:47:09,492] INFO [GroupCoordinator id=2] Ignored unloading metadata for __consumer_offsets-44 in epoch OptionalInt[0] since metadata was never loaded. (org.apache.kafka.coordinator.common.runtime.CoordinatorRuntime)
[2026-07-14 05:47:09,492] INFO [GroupCoordinator id=2] Ignored unloading metadata for __consumer_offsets-28 in epoch OptionalInt[0] since metadata was never loaded. (org.apache.kafka.coordinator.common.runtime.CoordinatorRuntime)
[2026-07-14 05:47:09,492] INFO [GroupCoordinator id=2] Ignored unloading metadata for __consumer_offsets-43 in epoch OptionalInt[0] since metadata was never loaded. (org.apache.kafka.coordinator.common.runtime.CoordinatorRuntime)
[2026-07-14 05:47:09,492] INFO [GroupCoordinator id=2] Ignored unloading metadata for __consumer_offsets-16 in epoch OptionalInt[0] since metadata was never loaded. (org.apache.kafka.coordinator.common.runtime.CoordinatorRuntime)
[2026-07-14 05:47:09,492] INFO [GroupCoordinator id=2] Ignored unloading metadata for __consumer_offsets-4 in epoch OptionalInt[0] since metadata was never loaded. (org.apache.kafka.coordinator.common.runtime.CoordinatorRuntime)
[2026-07-14 05:47:09,491] INFO [GroupCoordinator id=2] Ignored unloading metadata for __consumer_offsets-18 in epoch OptionalInt[0] since metadata was never loaded. (org.apache.kafka.coordinator.common.runtime.CoordinatorRuntime)
[2026-07-14 05:47:09,493] INFO [GroupCoordinator id=2] Finished loading of metadata from __consumer_offsets-37 with epoch 0 in 2ms where 2ms was spent in the scheduler. Loaded 0 records which total to 0 bytes. (org.apache.kafka.coordinator.common.runtime.CoordinatorRuntime)
[2026-07-14 05:47:09,493] INFO [GroupCoordinator id=2] Finished loading of metadata from __consumer_offsets-9 with epoch 0 in 2ms where 2ms was spent in the scheduler. Loaded 0 records which total to 0 bytes. (org.apache.kafka.coordinator.common.runtime.CoordinatorRuntime)
[2026-07-14 05:47:09,493] INFO [GroupCoordinator id=2] Finished loading of metadata from __consumer_offsets-38 with epoch 0 in 2ms where 2ms was spent in the scheduler. Loaded 0 records which total to 0 bytes. (org.apache.kafka.coordinator.common.runtime.CoordinatorRuntime)
[2026-07-14 05:47:09,494] INFO [GroupCoordinator id=2] Finished loading of metadata from __consumer_offsets-21 with epoch 0 in 3ms where 3ms was spent in the scheduler. Loaded 0 records which total to 0 bytes. (org.apache.kafka.coordinator.common.runtime.CoordinatorRuntime)
[2026-07-14 05:47:09,494] INFO [GroupCoordinator id=2] Finished loading of metadata from __consumer_offsets-45 with epoch 0 in 3ms where 3ms was spent in the scheduler. Loaded 0 records which total to 0 bytes. (org.apache.kafka.coordinator.common.runtime.CoordinatorRuntime)
[2026-07-14 05:47:09,494] INFO [GroupCoordinator id=2] Finished loading of metadata from __consumer_offsets-33 with epoch 0 in 1ms where 1ms was spent in the scheduler. Loaded 0 records which total to 0 bytes. (org.apache.kafka.coordinator.common.runtime.CoordinatorRuntime)
[2026-07-14 05:47:09,494] INFO [GroupCoordinator id=2] Finished loading of metadata from __consumer_offsets-49 with epoch 0 in 2ms where 2ms was spent in the scheduler. Loaded 0 records which total to 0 bytes. (org.apache.kafka.coordinator.common.runtime.CoordinatorRuntime)
[2026-07-14 05:47:09,494] INFO [GroupCoordinator id=2] Finished loading of metadata from __consumer_offsets-22 with epoch 0 in 1ms where 1ms was spent in the scheduler. Loaded 0 records which total to 0 bytes. (org.apache.kafka.coordinator.common.runtime.CoordinatorRuntime)
[2026-07-14 05:47:09,494] INFO [GroupCoordinator id=2] Finished loading of metadata from __consumer_offsets-2 with epoch 0 in 2ms where 2ms was spent in the scheduler. Loaded 0 records which total to 0 bytes. (org.apache.kafka.coordinator.common.runtime.CoordinatorRuntime)
[2026-07-14 05:47:09,494] INFO [GroupCoordinator id=2] Finished loading of metadata from __consumer_offsets-27 with epoch 0 in 2ms where 2ms was spent in the scheduler. Loaded 0 records which total to 0 bytes. (org.apache.kafka.coordinator.common.runtime.CoordinatorRuntime)
[2026-07-14 05:47:09,491] INFO [GroupCoordinator id=2] Ignored unloading metadata for __consumer_offsets-48 in epoch OptionalInt[0] since metadata was never loaded. (org.apache.kafka.coordinator.common.runtime.CoordinatorRuntime)
[2026-07-14 05:47:09,494] INFO [GroupCoordinator id=2] Finished loading of metadata from __consumer_offsets-31 with epoch 0 in 2ms where 2ms was spent in the scheduler. Loaded 0 records which total to 0 bytes. (org.apache.kafka.coordinator.common.runtime.CoordinatorRuntime)
[2026-07-14 05:47:09,494] INFO [GroupCoordinator id=2] Finished loading of metadata from __consumer_offsets-13 with epoch 0 in 2ms where 2ms was spent in the scheduler. Loaded 0 records which total to 0 bytes. (org.apache.kafka.coordinator.common.runtime.CoordinatorRuntime)
[2026-07-14 05:47:09,494] INFO [GroupCoordinator id=2] Finished loading of metadata from __consumer_offsets-11 with epoch 0 in 3ms where 3ms was spent in the scheduler. Loaded 0 records which total to 0 bytes. (org.apache.kafka.coordinator.common.runtime.CoordinatorRuntime)
[2026-07-14 05:47:09,494] INFO [GroupCoordinator id=2] Finished loading of metadata from __consumer_offsets-5 with epoch 0 in 1ms where 1ms was spent in the scheduler. Loaded 0 records which total to 0 bytes. (org.apache.kafka.coordinator.common.runtime.CoordinatorRuntime)
[2026-07-14 05:47:09,494] INFO [GroupCoordinator id=2] Finished loading of metadata from __consumer_offsets-24 with epoch 0 in 1ms where 1ms was spent in the scheduler. Loaded 0 records which total to 0 bytes. (org.apache.kafka.coordinator.common.runtime.CoordinatorRuntime)
[2026-07-14 05:47:09,494] INFO [GroupCoordinator id=2] Finished loading of metadata from __consumer_offsets-19 with epoch 0 in 2ms where 2ms was spent in the scheduler. Loaded 0 records which total to 0 bytes. (org.apache.kafka.coordinator.common.runtime.CoordinatorRuntime)
[2026-07-14 05:47:09,494] INFO [GroupCoordinator id=2] Finished loading of metadata from __consumer_offsets-47 with epoch 0 in 2ms where 2ms was spent in the scheduler. Loaded 0 records which total to 0 bytes. (org.apache.kafka.coordinator.common.runtime.CoordinatorRuntime)
[2026-07-14 05:47:09,494] INFO [GroupCoordinator id=2] Finished loading of metadata from __consumer_offsets-29 with epoch 0 in 2ms where 2ms was spent in the scheduler. Loaded 0 records which total to 0 bytes. (org.apache.kafka.coordinator.common.runtime.CoordinatorRuntime)
[2026-07-14 05:47:09,494] INFO [GroupCoordinator id=2] Ignored unloading metadata for __consumer_offsets-26 in epoch OptionalInt[0] since metadata was never loaded. (org.apache.kafka.coordinator.common.runtime.CoordinatorRuntime)
[2026-07-14 05:47:09,494] INFO [GroupCoordinator id=2] Finished loading of metadata from __consumer_offsets-14 with epoch 0 in 1ms where 1ms was spent in the scheduler. Loaded 0 records which total to 0 bytes. (org.apache.kafka.coordinator.common.runtime.CoordinatorRuntime)
[2026-07-14 05:47:09,495] INFO [GroupCoordinator id=2] Finished loading of metadata from __consumer_offsets-40 with epoch 0 in 1ms where 1ms was spent in the scheduler. Loaded 0 records which total to 0 bytes. (org.apache.kafka.coordinator.common.runtime.CoordinatorRuntime)
[2026-07-14 05:47:09,495] INFO [GroupCoordinator id=2] Finished loading of metadata from __consumer_offsets-34 with epoch 0 in 2ms where 2ms was spent in the scheduler. Loaded 0 records which total to 0 bytes. (org.apache.kafka.coordinator.common.runtime.CoordinatorRuntime)
[2026-07-14 05:47:09,495] INFO [GroupCoordinator id=2] Finished loading of metadata from __consumer_offsets-42 with epoch 0 in 2ms where 2ms was spent in the scheduler. Loaded 0 records which total to 0 bytes. (org.apache.kafka.coordinator.common.runtime.CoordinatorRuntime)
[2026-07-14 05:47:09,495] INFO [GroupCoordinator id=2] Finished loading of metadata from __consumer_offsets-17 with epoch 0 in 0ms where 0ms was spent in the scheduler. Loaded 0 records which total to 0 bytes. (org.apache.kafka.coordinator.common.runtime.CoordinatorRuntime)
[2026-07-14 05:47:09,491] INFO [GroupCoordinator id=2] Ignored unloading metadata for __consumer_offsets-35 in epoch OptionalInt[0] since metadata was never loaded. (org.apache.kafka.coordinator.common.runtime.CoordinatorRuntime)
[2026-07-14 05:47:09,495] INFO [GroupCoordinator id=2] Finished loading of metadata from __consumer_offsets-7 with epoch 0 in 2ms where 2ms was spent in the scheduler. Loaded 0 records which total to 0 bytes. (org.apache.kafka.coordinator.common.runtime.CoordinatorRuntime)
[2026-07-14 05:47:09,495] INFO [GroupCoordinator id=2] Finished loading of metadata from __consumer_offsets-0 with epoch 0 in 2ms where 2ms was spent in the scheduler. Loaded 0 records which total to 0 bytes. (org.apache.kafka.coordinator.common.runtime.CoordinatorRuntime)
[2026-07-14 05:47:09,600] INFO [GroupCoordinator id=2 topic=__consumer_offsets partition=0] Dynamic member with unknown member id joins group base002-fault in Empty state. Created a new member id console-consumer-375501e4-ec03-45d5-a9b0-edbe85250d58 and requesting the member to rejoin with this id. (org.apache.kafka.coordinator.group.GroupMetadataManager)
[2026-07-14 05:47:09,615] INFO [GroupCoordinator id=2 topic=__consumer_offsets partition=0] Pending dynamic member with id console-consumer-375501e4-ec03-45d5-a9b0-edbe85250d58 joins group base002-fault in Empty state. Adding to the group now. (org.apache.kafka.coordinator.group.GroupMetadataManager)
[2026-07-14 05:47:09,617] INFO [GroupCoordinator id=2 topic=__consumer_offsets partition=0] Preparing to rebalance group base002-fault in state PreparingRebalance with old generation 0 (reason: Adding new member console-consumer-375501e4-ec03-45d5-a9b0-edbe85250d58 with group instance id null; client reason: need to re-join with the given member-id: console-consumer-375501e4-ec03-45d5-a9b0-edbe85250d58). (org.apache.kafka.coordinator.group.GroupMetadataManager)
[2026-07-14 05:47:09,624] INFO [GroupCoordinator id=2 topic=__consumer_offsets partition=0] Stabilized group base002-fault generation 1 with 1 members. (org.apache.kafka.coordinator.group.GroupMetadataManager)
[2026-07-14 05:47:09,646] INFO [GroupCoordinator id=2 topic=__consumer_offsets partition=0] Assignment received from leader console-consumer-375501e4-ec03-45d5-a9b0-edbe85250d58 for group base002-fault for generation 1. The group has 1 members, 0 of which are static. (org.apache.kafka.coordinator.group.GroupMetadataManager)
[2026-07-14 05:47:09,836] INFO [GroupCoordinator id=2 topic=__consumer_offsets partition=0] [Group base002-fault] Member console-consumer-375501e4-ec03-45d5-a9b0-edbe85250d58 has left group through explicit `LeaveGroup` request; client reason: the consumer is being closed (org.apache.kafka.coordinator.group.GroupMetadataManager)
[2026-07-14 05:47:09,836] INFO [GroupCoordinator id=2 topic=__consumer_offsets partition=0] Preparing to rebalance group base002-fault in state PreparingRebalance with old generation 1 (reason: explicit `LeaveGroup` request for (console-consumer-375501e4-ec03-45d5-a9b0-edbe85250d58) members.). (org.apache.kafka.coordinator.group.GroupMetadataManager)
[2026-07-14 05:47:09,836] INFO [GroupCoordinator id=2 topic=__consumer_offsets partition=0] Group base002-fault with generation 2 is now empty. (org.apache.kafka.coordinator.group.GroupMetadataManager)
[2026-07-14 05:47:09,907] INFO [ReplicaFetcher replicaId=2, leaderId=3, fetcherId=0] Truncating partition __consumer_offsets-15 with TruncationState(offset=0, completed=true) due to local high watermark 0 (kafka.server.ReplicaFetcherThread)
[2026-07-14 05:47:09,907] INFO [UnifiedLog partition=__consumer_offsets-15, dir=/tmp/kafka-logs] Truncating to 0 has no effect as the largest offset in the log is -1 (kafka.log.UnifiedLog)
[2026-07-14 05:47:09,907] INFO [ReplicaFetcher replicaId=2, leaderId=3, fetcherId=0] Truncating partition __consumer_offsets-48 with TruncationState(offset=0, completed=true) due to local high watermark 0 (kafka.server.ReplicaFetcherThread)
[2026-07-14 05:47:09,907] INFO [UnifiedLog partition=__consumer_offsets-48, dir=/tmp/kafka-logs] Truncating to 0 has no effect as the largest offset in the log is -1 (kafka.log.UnifiedLog)
[2026-07-14 05:47:09,907] INFO [ReplicaFetcher replicaId=2, leaderId=3, fetcherId=0] Truncating partition __consumer_offsets-46 with TruncationState(offset=0, completed=true) due to local high watermark 0 (kafka.server.ReplicaFetcherThread)
[2026-07-14 05:47:09,907] INFO [UnifiedLog partition=__consumer_offsets-46, dir=/tmp/kafka-logs] Truncating to 0 has no effect as the largest offset in the log is -1 (kafka.log.UnifiedLog)
[2026-07-14 05:47:09,907] INFO [ReplicaFetcher replicaId=2, leaderId=3, fetcherId=0] Truncating partition __consumer_offsets-44 with TruncationState(offset=0, completed=true) due to local high watermark 0 (kafka.server.ReplicaFetcherThread)
[2026-07-14 05:47:09,907] INFO [UnifiedLog partition=__consumer_offsets-44, dir=/tmp/kafka-logs] Truncating to 0 has no effect as the largest offset in the log is -1 (kafka.log.UnifiedLog)
[2026-07-14 05:47:09,907] INFO [ReplicaFetcher replicaId=2, leaderId=3, fetcherId=0] Truncating partition __consumer_offsets-23 with TruncationState(offset=0, completed=true) due to local high watermark 0 (kafka.server.ReplicaFetcherThread)
[2026-07-14 05:47:09,907] INFO [UnifiedLog partition=__consumer_offsets-23, dir=/tmp/kafka-logs] Truncating to 0 has no effect as the largest offset in the log is -1 (kafka.log.UnifiedLog)
[2026-07-14 05:47:09,908] INFO [ReplicaFetcher replicaId=2, leaderId=3, fetcherId=0] Truncating partition __consumer_offsets-32 with TruncationState(offset=0, completed=true) due to local high watermark 0 (kafka.server.ReplicaFetcherThread)
[2026-07-14 05:47:09,908] INFO [UnifiedLog partition=__consumer_offsets-32, dir=/tmp/kafka-logs] Truncating to 0 has no effect as the largest offset in the log is -1 (kafka.log.UnifiedLog)
[2026-07-14 05:47:09,908] INFO [ReplicaFetcher replicaId=2, leaderId=3, fetcherId=0] Truncating partition __consumer_offsets-30 with TruncationState(offset=0, completed=true) due to local high watermark 0 (kafka.server.ReplicaFetcherThread)
[2026-07-14 05:47:09,908] INFO [UnifiedLog partition=__consumer_offsets-30, dir=/tmp/kafka-logs] Truncating to 0 has no effect as the largest offset in the log is -1 (kafka.log.UnifiedLog)
[2026-07-14 05:47:09,908] INFO [ReplicaFetcher replicaId=2, leaderId=3, fetcherId=0] Truncating partition __consumer_offsets-28 with TruncationState(offset=0, completed=true) due to local high watermark 0 (kafka.server.ReplicaFetcherThread)
[2026-07-14 05:47:09,908] INFO [UnifiedLog partition=__consumer_offsets-28, dir=/tmp/kafka-logs] Truncating to 0 has no effect as the largest offset in the log is -1 (kafka.log.UnifiedLog)
[2026-07-14 05:47:09,908] INFO [ReplicaFetcher replicaId=2, leaderId=3, fetcherId=0] Truncating partition __consumer_offsets-26 with TruncationState(offset=0, completed=true) due to local high watermark 0 (kafka.server.ReplicaFetcherThread)
[2026-07-14 05:47:09,908] INFO [UnifiedLog partition=__consumer_offsets-26, dir=/tmp/kafka-logs] Truncating to 0 has no effect as the largest offset in the log is -1 (kafka.log.UnifiedLog)
[2026-07-14 05:47:09,908] INFO [ReplicaFetcher replicaId=2, leaderId=3, fetcherId=0] Truncating partition __consumer_offsets-3 with TruncationState(offset=0, completed=true) due to local high watermark 0 (kafka.server.ReplicaFetcherThread)
[2026-07-14 05:47:09,908] INFO [UnifiedLog partition=__consumer_offsets-3, dir=/tmp/kafka-logs] Truncating to 0 has no effect as the largest offset in the log is -1 (kafka.log.UnifiedLog)
[2026-07-14 05:47:09,908] INFO [ReplicaFetcher replicaId=2, leaderId=3, fetcherId=0] Truncating partition __consumer_offsets-36 with TruncationState(offset=0, completed=true) due to local high watermark 0 (kafka.server.ReplicaFetcherThread)
[2026-07-14 05:47:09,908] INFO [UnifiedLog partition=__consumer_offsets-36, dir=/tmp/kafka-logs] Truncating to 0 has no effect as the largest offset in the log is -1 (kafka.log.UnifiedLog)
[2026-07-14 05:47:09,908] INFO [ReplicaFetcher replicaId=2, leaderId=3, fetcherId=0] Truncating partition __consumer_offsets-1 with TruncationState(offset=0, completed=true) due to local high watermark 0 (kafka.server.ReplicaFetcherThread)
[2026-07-14 05:47:09,908] INFO [UnifiedLog partition=__consumer_offsets-1, dir=/tmp/kafka-logs] Truncating to 0 has no effect as the largest offset in the log is -1 (kafka.log.UnifiedLog)
[2026-07-14 05:47:09,908] INFO [ReplicaFetcher replicaId=2, leaderId=3, fetcherId=0] Truncating partition __consumer_offsets-16 with TruncationState(offset=0, completed=true) due to local high watermark 0 (kafka.server.ReplicaFetcherThread)
[2026-07-14 05:47:09,908] INFO [UnifiedLog partition=__consumer_offsets-16, dir=/tmp/kafka-logs] Truncating to 0 has no effect as the largest offset in the log is -1 (kafka.log.UnifiedLog)
[2026-07-14 05:47:09,908] INFO [ReplicaFetcher replicaId=2, leaderId=3, fetcherId=0] Truncating partition __consumer_offsets-43 with TruncationState(offset=0, completed=true) due to local high watermark 0 (kafka.server.ReplicaFetcherThread)
[2026-07-14 05:47:09,908] INFO [UnifiedLog partition=__consumer_offsets-43, dir=/tmp/kafka-logs] Truncating to 0 has no effect as the largest offset in the log is -1 (kafka.log.UnifiedLog)
[2026-07-14 05:47:09,908] INFO [ReplicaFetcher replicaId=2, leaderId=3, fetcherId=0] Truncating partition __consumer_offsets-12 with TruncationState(offset=0, completed=true) due to local high watermark 0 (kafka.server.ReplicaFetcherThread)
[2026-07-14 05:47:09,908] INFO [UnifiedLog partition=__consumer_offsets-12, dir=/tmp/kafka-logs] Truncating to 0 has no effect as the largest offset in the log is -1 (kafka.log.UnifiedLog)
[2026-07-14 05:47:09,908] INFO [ReplicaFetcher replicaId=2, leaderId=3, fetcherId=0] Truncating partition __consumer_offsets-41 with TruncationState(offset=0, completed=true) due to local high watermark 0 (kafka.server.ReplicaFetcherThread)
[2026-07-14 05:47:09,908] INFO [UnifiedLog partition=__consumer_offsets-41, dir=/tmp/kafka-logs] Truncating to 0 has no effect as the largest offset in the log is -1 (kafka.log.UnifiedLog)
[2026-07-14 05:47:09,908] INFO [ReplicaFetcher replicaId=2, leaderId=3, fetcherId=0] Truncating partition __consumer_offsets-10 with TruncationState(offset=0, completed=true) due to local high watermark 0 (kafka.server.ReplicaFetcherThread)
[2026-07-14 05:47:09,908] INFO [UnifiedLog partition=__consumer_offsets-10, dir=/tmp/kafka-logs] Truncating to 0 has no effect as the largest offset in the log is -1 (kafka.log.UnifiedLog)
[2026-07-14 05:47:09,908] INFO [ReplicaFetcher replicaId=2, leaderId=3, fetcherId=0] Truncating partition __consumer_offsets-20 with TruncationState(offset=0, completed=true) due to local high watermark 0 (kafka.server.ReplicaFetcherThread)
[2026-07-14 05:47:09,908] INFO [UnifiedLog partition=__consumer_offsets-20, dir=/tmp/kafka-logs] Truncating to 0 has no effect as the largest offset in the log is -1 (kafka.log.UnifiedLog)
[2026-07-14 05:47:09,909] INFO [ReplicaFetcher replicaId=2, leaderId=3, fetcherId=0] Truncating partition __consumer_offsets-18 with TruncationState(offset=0, completed=true) due to local high watermark 0 (kafka.server.ReplicaFetcherThread)
[2026-07-14 05:47:09,909] INFO [UnifiedLog partition=__consumer_offsets-18, dir=/tmp/kafka-logs] Truncating to 0 has no effect as the largest offset in the log is -1 (kafka.log.UnifiedLog)
[2026-07-14 05:47:09,909] INFO [ReplicaFetcher replicaId=2, leaderId=3, fetcherId=0] Truncating partition __consumer_offsets-25 with TruncationState(offset=0, completed=true) due to local high watermark 0 (kafka.server.ReplicaFetcherThread)
[2026-07-14 05:47:09,909] INFO [UnifiedLog partition=__consumer_offsets-25, dir=/tmp/kafka-logs] Truncating to 0 has no effect as the largest offset in the log is -1 (kafka.log.UnifiedLog)
[2026-07-14 05:47:09,909] INFO [ReplicaFetcher replicaId=2, leaderId=3, fetcherId=0] Truncating partition __consumer_offsets-39 with TruncationState(offset=0, completed=true) due to local high watermark 0 (kafka.server.ReplicaFetcherThread)
[2026-07-14 05:47:09,909] INFO [UnifiedLog partition=__consumer_offsets-39, dir=/tmp/kafka-logs] Truncating to 0 has no effect as the largest offset in the log is -1 (kafka.log.UnifiedLog)
[2026-07-14 05:47:09,909] INFO [ReplicaFetcher replicaId=2, leaderId=3, fetcherId=0] Truncating partition __consumer_offsets-8 with TruncationState(offset=0, completed=true) due to local high watermark 0 (kafka.server.ReplicaFetcherThread)
[2026-07-14 05:47:09,909] INFO [UnifiedLog partition=__consumer_offsets-8, dir=/tmp/kafka-logs] Truncating to 0 has no effect as the largest offset in the log is -1 (kafka.log.UnifiedLog)
[2026-07-14 05:47:09,909] INFO [ReplicaFetcher replicaId=2, leaderId=3, fetcherId=0] Truncating partition __consumer_offsets-6 with TruncationState(offset=0, completed=true) due to local high watermark 0 (kafka.server.ReplicaFetcherThread)
[2026-07-14 05:47:09,909] INFO [UnifiedLog partition=__consumer_offsets-6, dir=/tmp/kafka-logs] Truncating to 0 has no effect as the largest offset in the log is -1 (kafka.log.UnifiedLog)
[2026-07-14 05:47:09,909] INFO [ReplicaFetcher replicaId=2, leaderId=3, fetcherId=0] Truncating partition __consumer_offsets-35 with TruncationState(offset=0, completed=true) due to local high watermark 0 (kafka.server.ReplicaFetcherThread)
[2026-07-14 05:47:09,909] INFO [UnifiedLog partition=__consumer_offsets-35, dir=/tmp/kafka-logs] Truncating to 0 has no effect as the largest offset in the log is -1 (kafka.log.UnifiedLog)
[2026-07-14 05:47:09,909] INFO [ReplicaFetcher replicaId=2, leaderId=3, fetcherId=0] Truncating partition __consumer_offsets-4 with TruncationState(offset=0, completed=true) due to local high watermark 0 (kafka.server.ReplicaFetcherThread)
[2026-07-14 05:47:09,909] INFO [UnifiedLog partition=__consumer_offsets-4, dir=/tmp/kafka-logs] Truncating to 0 has no effect as the largest offset in the log is -1 (kafka.log.UnifiedLog)
[2026-07-14 05:47:11,084] INFO [RaftManager id=2] Node 1 disconnected. (org.apache.kafka.clients.NetworkClient)
[2026-07-14 05:47:11,084] WARN [RaftManager id=2] Connection to node 1 (base002-kafka-21908-1/172.20.0.2:19093) could not be established. Node may not be available. (org.apache.kafka.clients.NetworkClient)
